Time;X;Y;Z;Collected
0,00;-0,0120;0,0000;0,0000;False
0,02;-0,0120;0,0000;0,0000;False
0,11;-0,0120;0,0000;0,0000;False
0,44;-0,0120;0,0000;0,0000;False
0,48;-0,0120;0,0000;0,0000;False
0,49;-0,0120;0,0000;0,0000;False
0,50;-0,0120;0,0000;0,0000;False
0,51;-0,0120;0,0000;0,0000;False
0,52;-0,0120;0,0000;0,0000;False
0,53;-0,0120;0,0000;0,0000;False
0,53;-0,0120;0,0000;0,0000;False
0,54;-0,0120;0,0000;0,0000;False
0,54;-0,0120;0,0000;0,0000;False
0,57;-0,0120;0,0000;0,0000;False
0,57;-0,0120;0,0000;0,0000;False
0,58;-0,0120;0,0000;0,0000;False
0,58;-0,0120;0,0000;0,0000;False
0,59;-0,0120;0,0000;0,0000;False
0,59;-0,0120;0,0000;0,0000;False
0,59;-0,0120;0,0000;0,0000;False
0,60;-0,0120;0,0000;0,0000;False
0,61;-0,0120;0,0000;0,0000;False
0,61;-0,0120;0,0000;0,0000;False
0,61;-0,0120;0,0000;0,0000;False
0,62;-0,0120;0,0000;0,0000;False
0,62;-0,0120;0,0000;0,0000;False
0,62;-0,0120;0,0000;0,0000;False
0,63;-0,0120;0,0000;0,0000;False
0,63;-0,0120;0,0000;0,0000;False
0,64;-0,0120;0,0000;0,0000;False
0,64;-0,0120;0,0000;0,0000;False
0,65;-0,0120;0,0000;0,0000;False
0,65;-0,0120;0,0000;0,0000;False
0,65;-0,0120;0,0000;0,0000;False
0,66;-0,0120;0,0000;0,0000;False
0,66;-0,0120;0,0000;0,0000;False
0,67;-0,0120;0,0000;0,0000;False
0,67;-0,0120;0,0000;0,0000;False
0,68;-0,0120;0,0000;0,0000;False
0,68;-0,0120;0,0000;0,0000;False
0,68;-0,0120;0,0000;0,0000;False
0,69;-0,0120;0,0000;0,0000;False
0,69;-0,0120;0,0000;0,0000;False
0,70;-0,0120;0,0000;0,0000;False
0,70;-0,0120;0,0000;0,0000;False
0,71;-0,0120;0,0000;0,0000;False
0,71;-0,0120;0,0000;0,0000;False
0,71;-0,0120;0,0000;0,0000;False
0,72;-0,0120;0,0000;0,0000;False
0,72;-0,0120;0,0000;0,0000;False
0,73;-0,0120;0,0000;0,0000;False
0,73;-0,0120;0,0000;0,0000;False
0,74;-0,0120;0,0000;0,0000;False
0,74;-0,0120;0,0000;0,0000;False
0,74;-0,0120;0,0000;0,0000;False
0,75;-0,0120;0,0000;0,0000;False
0,75;-0,0120;0,0000;0,0000;False
0,75;-0,0120;0,0000;0,0000;False
0,76;-0,0120;0,0000;0,0000;False
0,76;-0,0120;0,0000;0,0000;False
0,77;-0,0120;0,0000;0,0000;False
0,77;-0,0120;0,0000;0,0000;False
0,77;-0,0120;0,0000;0,0000;False
0,78;-0,0120;0,0000;0,0000;False
0,78;-0,0120;0,0000;0,0000;False
0,78;-0,0120;0,0000;0,0000;False
0,79;-0,0120;0,0000;0,0000;False
0,79;-0,0120;0,0000;0,0000;False
0,79;-0,0120;0,0000;0,0000;False
0,80;-0,0120;0,0000;0,0000;False
0,80;-0,0120;0,0000;0,0000;False
0,81;-0,0120;0,0000;0,0000;False
0,82;-0,0120;0,0000;0,0000;False
0,82;-0,0120;0,0000;0,0000;False
0,83;-0,0120;0,0000;0,0000;False
0,83;-0,0120;0,0000;0,0000;False
0,83;-0,0120;0,0000;0,0000;False
0,84;-0,0120;0,0000;0,0000;False
0,85;-0,0120;0,0000;0,0000;False
0,85;-0,0120;0,0000;0,0000;False
0,85;-0,0120;0,0000;0,0000;False
0,86;-0,0120;0,0000;0,0000;False
0,86;-0,0120;0,0000;0,0000;False
0,87;-0,0120;0,0000;0,0000;False
0,87;-0,0120;0,0000;0,0000;False
0,88;-0,0120;0,0000;0,0000;False
0,88;-0,0120;0,0000;0,0000;False
0,89;-0,0120;0,0000;0,0000;False
0,89;-0,0120;0,0000;0,0000;False
0,89;-0,0120;0,0000;0,0000;False
0,90;-0,0120;0,0000;0,0000;False
0,90;-0,0120;0,0000;0,0000;False
0,91;-0,0120;0,0000;0,0000;False
0,91;-0,0120;0,0000;0,0000;False
0,91;-0,0120;0,0000;0,0000;False
0,92;-0,0120;0,0000;0,0000;False
0,93;-0,0120;0,0000;0,0000;False
0,93;-0,0120;0,0000;0,0000;False
0,94;-0,0120;0,0000;0,0000;False
0,95;-0,0120;0,0000;0,0000;False
0,95;-0,0120;0,0000;0,0000;False
0,96;-0,0120;0,0000;0,0000;False
0,96;-0,0120;0,0000;0,0000;False
0,97;-0,0120;0,0000;0,0000;False
0,98;-0,0120;0,0000;0,0000;False
0,98;-0,0120;0,0000;0,0000;False
0,99;-0,0120;0,0000;0,0000;False
0,99;-0,0120;0,0000;0,0000;False
1,00;-0,0120;0,0000;0,0000;False
1,01;-0,0120;0,0000;0,0000;False
1,01;-0,0120;0,0000;0,0000;False
1,01;-0,0120;0,0000;0,0000;False
1,02;-0,0120;0,0000;0,0000;False
1,03;-0,0120;0,0000;0,0000;False
1,03;-0,0120;0,0000;0,0000;False
1,04;-0,0120;0,0000;0,0000;False
1,04;-0,0120;0,0000;0,0000;False
1,05;-0,0120;0,0000;0,0000;False
1,05;-0,0120;0,0000;0,0000;False
1,06;-0,0120;0,0000;0,0000;False
1,07;-0,0120;0,0000;0,0000;False
1,07;-0,0120;0,0000;0,0000;False
1,07;-0,0120;0,0000;0,0000;False
1,08;-0,0120;0,0000;0,0000;False
1,08;-0,0120;0,0000;0,0000;False
1,08;-0,0120;0,0000;0,0000;False
1,09;-0,0120;0,0000;0,0000;False
1,09;-0,0120;0,0000;0,0000;False
1,10;-0,0120;0,0000;0,0000;False
1,10;-0,0120;0,0000;0,0000;False
1,11;-0,0120;0,0000;0,0000;False
1,11;-0,0120;0,0000;0,0000;False
1,12;-0,0120;0,0000;0,0000;False
1,12;-0,0120;0,0000;0,0000;False
1,13;-0,0120;0,0000;0,0000;False
1,13;-0,0120;0,0000;0,0000;False
1,13;-0,0120;0,0000;0,0000;False
1,14;-0,0120;0,0000;0,0000;False
1,14;-0,0120;0,0000;0,0000;False
1,15;-0,0120;0,0000;0,0000;False
1,15;-0,0120;0,0000;0,0000;False
1,15;-0,0120;0,0000;0,0000;False
1,16;-0,0120;0,0000;0,0000;False
1,16;-0,0120;0,0000;0,0000;False
1,17;-0,0120;0,0000;0,0000;False
1,17;-0,0120;0,0000;0,0000;False
1,18;-0,0120;0,0000;0,0000;False
1,18;-0,0120;0,0000;0,0000;False
1,18;-0,0120;0,0000;0,0000;False
1,19;-0,0120;0,0000;0,0000;False
1,19;-0,0120;0,0000;0,0000;False
1,19;-0,0120;0,0000;0,0000;False
1,20;-0,0120;0,0000;0,0000;False
1,20;-0,0120;0,0000;0,0000;False
1,21;-0,0120;0,0000;0,0000;False
1,21;-0,0120;0,0000;0,0000;False
1,22;-0,0120;0,0000;0,0000;False
1,22;-0,0120;0,0000;0,0000;False
1,23;-0,0120;0,0000;0,0000;False
1,23;-0,0120;0,0000;0,0000;False
1,24;-0,0120;0,0000;0,0000;False
1,24;-0,0120;0,0000;0,0000;False
1,25;-0,0120;0,0000;0,0000;False
1,25;-0,0120;0,0000;0,0000;False
1,26;-0,0120;0,0000;0,0000;False
1,26;-0,0120;0,0000;0,0000;False
1,27;-0,0120;0,0000;0,0000;False
1,27;-0,0120;0,0000;0,0000;False
1,28;-0,0120;0,0000;0,0000;False
1,28;-0,0120;0,0000;0,0000;False
1,29;-0,0120;0,0000;0,0000;False
1,29;-0,0120;0,0000;0,0000;False
1,29;-0,0120;0,0000;0,0000;False
1,30;-0,0120;0,0000;0,0000;False
1,31;-0,0120;0,0000;0,0000;False
1,31;-0,0120;0,0000;0,0000;False
1,31;-0,0120;0,0000;0,0000;False
1,32;-0,0120;0,0000;0,0000;False
1,32;-0,0120;0,0000;0,0000;False
1,33;-0,0120;0,0000;0,0000;False
1,33;-0,0120;0,0000;0,0000;False
1,34;-0,0120;0,0000;0,0000;False
1,34;-0,0120;0,0000;0,0000;False
1,34;-0,0120;0,0000;0,0000;False
1,35;-0,0120;0,0000;0,0000;False
1,35;-0,0120;0,0000;0,0000;False
1,35;-0,0120;0,0000;0,0000;False
1,36;-0,0120;0,0000;0,0000;False
1,36;-0,0120;0,0000;0,0000;False
1,37;-0,0120;0,0000;0,0000;False
1,37;-0,0120;0,0000;0,0000;False
1,37;-0,0120;0,0000;0,0000;False
1,38;-0,0120;0,0000;0,0000;False
1,38;-0,0120;0,0000;0,0000;False
1,39;-0,0120;0,0000;0,0000;False
1,39;-0,0120;0,0000;0,0000;False
1,40;-0,0120;0,0000;0,0000;False
1,40;-0,0120;0,0000;0,0000;False
1,41;-0,0120;0,0000;0,0000;False
1,41;-0,0120;0,0000;0,0000;False
1,42;-0,0120;0,0000;0,0000;False
1,42;-0,0120;0,0000;0,0000;False
1,42;-0,0120;0,0000;0,0000;False
1,43;-0,0120;0,0000;0,0000;False
1,43;-0,0120;0,0000;0,0000;False
1,44;-0,0120;0,0000;0,0000;False
1,44;-0,0120;0,0000;0,0000;False
1,44;-0,0120;0,0000;0,0000;False
1,45;-0,0120;0,0000;0,0000;False
1,45;-0,0120;0,0000;0,0000;False
1,46;-0,0120;0,0000;0,0000;False
1,46;-0,0120;0,0000;0,0000;False
1,47;-0,0120;0,0000;0,0000;False
1,47;-0,0120;0,0000;0,0000;False
1,48;-0,0120;0,0000;0,0000;False
1,48;-0,0120;0,0000;0,0000;False
1,49;-0,0120;0,0000;0,0000;False
1,49;-0,0120;0,0000;0,0000;False
1,50;-0,0120;0,0000;0,0000;False
1,50;-0,0120;0,0000;0,0000;False
1,51;-0,0120;0,0000;0,0000;False
1,51;-0,0120;0,0000;0,0000;False
1,51;-0,0120;0,0000;0,0000;False
1,52;-0,0120;0,0000;0,0000;False
1,52;-0,0120;0,0000;0,0000;False
1,53;-0,0120;0,0000;0,0000;False
1,53;-0,0120;0,0000;0,0000;False
1,54;-0,0120;0,0000;0,0000;False
1,54;-0,0120;0,0000;0,0000;False
1,54;-0,0120;0,0000;0,0000;False
1,55;-0,0120;0,0000;0,0000;False
1,55;-0,0120;0,0000;0,0000;False
1,56;-0,0120;0,0000;0,0000;False
1,56;-0,0120;0,0000;0,0000;False
1,56;-0,0120;0,0000;0,0000;False
1,57;-0,0120;0,0000;0,0000;False
1,57;-0,0120;0,0000;0,0000;False
1,58;-0,0120;0,0000;0,0000;False
1,58;-0,0120;0,0000;0,0000;False
1,58;-0,0120;0,0000;0,0000;False
1,59;-0,0120;0,0000;0,0000;False
1,59;-0,0120;0,0000;0,0000;False
1,59;-0,0120;0,0000;0,0000;False
1,60;-0,0120;0,0000;0,0000;False
1,60;-0,0120;0,0000;0,0000;False
1,61;-0,0120;0,0000;0,0000;False
1,61;-0,0120;0,0000;0,0000;False
1,62;-0,0120;0,0000;0,0000;False
1,62;-0,0120;0,0000;0,0000;False
1,62;-0,0120;0,0000;0,0000;False
1,63;-0,0120;0,0000;0,0000;False
1,63;-0,0120;0,0000;0,0000;False
1,64;-0,0120;0,0000;0,0000;False
1,65;-0,0120;0,0000;0,0000;False
1,66;-0,0120;0,0000;0,0000;False
1,67;-0,0120;0,0000;0,0000;False
1,68;-0,0120;0,0000;0,0000;False
1,68;-0,0120;0,0000;0,0000;False
1,69;-0,0120;0,0000;0,0000;False
1,71;-0,0120;0,0000;0,0000;False
1,72;-0,0120;0,0000;0,0000;False
1,72;-0,0120;0,0000;0,0000;False
1,73;-0,0120;0,0000;0,0000;False
1,74;-0,0120;0,0000;0,0000;False
1,75;-0,0120;0,0000;0,0000;False
1,75;-0,0120;0,0000;0,0000;False
1,76;-0,0120;0,0000;0,0000;False
1,77;-0,0120;0,0000;0,0000;False
1,78;-0,0120;0,0000;0,0000;False
1,79;-0,0120;0,0000;0,0000;False
1,79;-0,0120;0,0000;0,0000;False
1,80;-0,0120;0,0000;0,0000;False
1,81;-0,0120;0,0000;0,0000;False
1,81;-0,0120;0,0000;0,0000;False
1,82;-0,0120;0,0000;0,0000;False
1,82;-0,0120;0,0000;0,0000;False
1,83;-0,0120;0,0000;0,0000;False
1,84;-0,0120;0,0000;0,0000;False
1,85;-0,0120;0,0000;0,0000;False
1,85;-0,0120;0,0000;0,0000;False
1,86;-0,0120;0,0000;0,0000;False
1,87;-0,0120;0,0000;0,0000;False
1,87;-0,0120;0,0000;0,0000;False
1,88;-0,0120;0,0000;0,0000;False
1,89;-0,0120;0,0000;0,0000;False
1,90;-0,0120;0,0000;0,0000;False
1,90;-0,0120;0,0000;0,0000;False
1,91;-0,0120;0,0000;0,0000;False
1,91;-0,0120;0,0000;0,0000;False
1,92;-0,0120;0,0000;0,0000;False
1,92;-0,0120;0,0000;0,0000;False
1,93;-0,0120;0,0000;0,0000;False
1,94;-0,0120;0,0000;0,0000;False
1,94;-0,0120;0,0000;0,0000;False
1,95;-0,0120;0,0000;0,0000;False
1,96;-0,0120;0,0000;0,0000;False
1,97;-0,0120;0,0000;0,0000;False
1,98;-0,0120;0,0000;0,0000;False
1,98;-0,0120;0,0000;0,0000;False
1,99;-0,0120;0,0000;0,0000;False
1,99;-0,0120;0,0000;0,0000;False
2,00;-0,0120;0,0000;0,0000;False
2,01;-0,0120;0,0000;0,0000;False
2,02;-0,0120;0,0000;0,0000;False
2,03;-0,0120;0,0000;0,0000;False
2,04;-0,0120;0,0000;0,0000;False
2,04;-0,0120;0,0000;0,0000;False
2,05;-0,0120;0,0000;0,0000;False
2,05;-0,0120;0,0000;0,0000;False
2,06;-0,0120;0,0000;0,0000;False
2,07;-0,0120;0,0000;0,0000;False
2,08;-0,0120;0,0000;0,0000;False
2,08;-0,0120;0,0000;0,0000;False
2,09;-0,0120;0,0000;0,0000;False
2,10;-0,0120;0,0000;0,0000;False
2,11;-0,0120;0,0000;0,0000;False
2,11;-0,0120;0,0000;0,0000;False
2,12;-0,0120;0,0000;0,0000;False
2,12;-0,0120;0,0000;0,0000;False
2,13;-0,0120;0,0000;0,0000;False
2,13;-0,0120;0,0000;0,0000;False
2,14;-0,0120;0,0000;0,0000;False
2,15;-0,0120;0,0000;0,0000;False
2,15;-0,0120;0,0000;0,0000;False
2,16;-0,0120;0,0000;0,0000;False
2,16;-0,0120;0,0000;0,0000;False
2,18;-0,0120;0,0000;0,0000;False
2,18;-0,0120;0,0000;0,0000;False
2,19;-0,0120;0,0000;0,0000;False
2,19;-0,0120;0,0000;0,0000;False
2,19;-0,0120;0,0000;0,0000;False
2,20;-0,0120;0,0000;0,0000;False
2,20;-0,0120;0,0000;0,0000;False
2,21;-0,0120;0,0000;0,0000;False
2,21;-0,0120;0,0000;0,0000;False
2,21;-0,0120;0,0000;0,0000;False
2,22;-0,0120;0,0000;0,0000;False
2,22;-0,0120;0,0000;0,0000;False
2,23;-0,0120;0,0000;0,0000;False
2,23;-0,0120;0,0000;0,0000;False
2,23;-0,0120;0,0000;0,0000;False
2,24;-0,0120;0,0000;0,0000;False
2,25;-0,0120;0,0000;0,0000;False
2,25;-0,0120;0,0000;0,0000;False
2,25;-0,0120;0,0000;0,0000;False
2,26;-0,0120;0,0000;0,0000;False
2,26;-0,0120;0,0000;0,0000;False
2,27;-0,0120;0,0000;0,0000;False
2,27;-0,0120;0,0000;0,0000;False
2,28;-0,0120;0,0000;0,0000;False
2,28;-0,0120;0,0000;0,0000;False
2,28;-0,0120;0,0000;0,0000;False
2,29;-0,0120;0,0000;0,0000;False
2,29;-0,0120;0,0000;0,0000;False
2,30;-0,0120;0,0000;0,0000;False
2,30;-0,0120;0,0000;0,0000;False
2,30;-0,0120;0,0000;0,0000;False
2,31;-0,0120;0,0000;0,0000;False
2,31;-0,0120;0,0000;0,0000;False
2,32;-0,0120;0,0000;0,0000;False
2,32;-0,0120;0,0000;0,0000;False
2,34;-0,0120;0,0000;0,0000;False
2,34;-0,0120;0,0000;0,0000;False
2,35;-0,0120;0,0000;0,0000;False
2,35;-0,0120;0,0000;0,0000;False
2,36;-0,0120;0,0000;0,0000;False
2,37;-0,0120;0,0000;0,0000;False
2,37;-0,0120;0,0000;0,0000;False
2,38;-0,0120;0,0000;0,0000;False
2,38;-0,0120;0,0000;0,0000;False
2,39;-0,0120;0,0000;0,0000;False
2,39;-0,0120;0,0000;0,0000;False
2,40;-0,0120;0,0000;0,0000;False
2,40;-0,0120;0,0000;0,0000;False
2,41;-0,0120;0,0000;0,0000;False
2,42;-0,0120;0,0000;0,0000;False
2,42;-0,0120;0,0000;0,0000;False
2,43;-0,0120;0,0000;0,0000;False
2,43;-0,0120;0,0000;0,0000;False
2,44;-0,0120;0,0000;0,0000;False
2,45;-0,0120;0,0000;0,0000;False
2,45;-0,0120;0,0000;0,0000;False
2,45;-0,0120;0,0000;0,0000;False
2,46;-0,0120;0,0000;0,0000;False
2,46;-0,0120;0,0000;0,0000;False
2,46;-0,0120;0,0000;0,0000;False
2,47;-0,0120;0,0000;0,0000;False
2,48;-0,0120;0,0000;0,0000;False
2,48;-0,0120;0,0000;0,0000;False
2,48;-0,0120;0,0000;0,0000;False
2,49;-0,0120;0,0000;0,0000;False
2,49;-0,0120;0,0000;0,0000;False
2,49;-0,0120;0,0000;0,0000;False
2,50;-0,0120;0,0000;0,0000;False
2,50;-0,0120;0,0000;0,0000;False
2,51;-0,0120;0,0000;0,0000;False
2,51;-0,0120;0,0000;0,0000;False
2,51;-0,0120;0,0000;0,0000;False
2,52;-0,0120;0,0000;0,0000;False
2,52;-0,0120;0,0000;0,0000;False
2,52;-0,0120;0,0000;0,0000;False
2,53;-0,0120;0,0000;0,0000;False
2,53;-0,0120;0,0000;0,0000;False
2,54;-0,0120;0,0000;0,0000;False
2,54;-0,0120;0,0000;0,0000;False
2,54;-0,0120;0,0000;0,0000;False
2,55;-0,0120;0,0000;0,0000;False
2,55;-0,0120;0,0000;0,0000;False
2,55;-0,0120;0,0000;0,0000;False
2,56;-0,0120;0,0000;0,0000;False
2,56;-0,0120;0,0000;0,0000;False
2,57;-0,0120;0,0000;0,0000;False
2,58;-0,0120;0,0000;0,0000;False
2,58;-0,0120;0,0000;0,0000;False
2,59;-0,0120;0,0000;0,0000;False
2,59;-0,0120;0,0000;0,0000;False
2,60;-0,0120;0,0000;0,0000;False
2,61;-0,0120;0,0000;0,0000;False
2,61;-0,0120;0,0000;0,0000;False
2,61;-0,0120;0,0000;0,0000;False
2,62;-0,0120;0,0000;0,0000;False
2,62;-0,0120;0,0000;0,0000;False
2,63;-0,0120;0,0000;0,0000;False
2,63;-0,0120;0,0000;0,0000;False
2,64;-0,0120;0,0000;0,0000;False
2,64;-0,0120;0,0000;0,0000;False
2,65;-0,0120;0,0000;0,0000;False
2,65;-0,0120;0,0000;0,0000;False
2,66;-0,0120;0,0000;0,0000;False
2,66;-0,0120;0,0000;0,0000;False
2,67;-0,0120;0,0000;0,0000;False
2,68;-0,0120;0,0000;0,0000;False
2,68;-0,0120;0,0000;0,0000;False
2,69;-0,0120;0,0000;0,0000;False
2,69;-0,0120;0,0000;0,0000;False
2,70;-0,0120;0,0000;0,0000;False
2,71;-0,0120;0,0000;0,0000;False
2,71;-0,0120;0,0000;0,0000;False
2,72;-0,0120;0,0000;0,0000;False
2,72;-0,0120;0,0000;0,0000;False
2,73;-0,0120;0,0000;0,0000;False
2,74;-0,0120;0,0000;0,0000;False
2,74;-0,0120;0,0000;0,0000;False
2,75;-0,0120;0,0000;0,0000;False
2,75;-0,0120;0,0000;0,0000;False
2,76;-0,0120;0,0000;0,0000;False
2,76;-0,0120;0,0000;0,0000;False
2,77;-0,0120;0,0000;0,0000;False
2,77;-0,0120;0,0000;0,0000;False
2,78;-0,0120;0,0000;0,0000;False
2,78;-0,0120;0,0000;0,0000;False
2,79;-0,0120;0,0000;0,0000;False
2,79;-0,0120;0,0000;0,0000;False
2,80;-0,0120;0,0000;0,0000;False
2,80;-0,0120;0,0000;0,0000;False
2,81;-0,0120;0,0000;0,0000;False
2,82;-0,0120;0,0000;0,0000;False
2,82;-0,0120;0,0000;0,0000;False
2,83;-0,0120;0,0000;0,0000;False
2,83;-0,0120;0,0000;0,0000;False
2,84;-0,0120;0,0000;0,0000;False
2,84;-0,0120;0,0000;0,0000;False
2,85;-0,0120;0,0000;0,0000;False
2,86;-0,0120;0,0000;0,0000;False
2,86;-0,0120;0,0000;0,0000;False
2,87;-0,0120;0,0000;0,0000;False
2,88;-0,0120;0,0000;0,0000;False
2,88;-0,0120;0,0000;0,0000;False
2,89;-0,0120;0,0000;0,0000;False
2,89;-0,0120;0,0000;0,0000;False
2,90;-0,0120;0,0000;0,0000;False
2,91;-0,0120;0,0000;0,0000;False
2,91;-0,0120;0,0000;0,0000;False
2,92;-0,0120;0,0000;0,0000;False
2,92;-0,0120;0,0000;0,0000;False
2,92;-0,0120;0,0000;0,0000;False
2,93;-0,0120;0,0000;0,0000;False
2,93;-0,0120;0,0000;0,0000;False
2,94;-0,0120;0,0000;0,0000;False
2,94;-0,0120;0,0000;0,0000;False
2,95;-0,0120;0,0000;0,0000;False
2,95;-0,0120;0,0000;0,0000;False
2,96;-0,0120;0,0000;0,0000;False
2,96;-0,0120;0,0000;0,0000;False
2,98;-0,0120;0,0000;0,0000;False
2,98;-0,0120;0,0000;0,0000;False
2,98;-0,0120;0,0000;0,0000;False
2,99;-0,0120;0,0000;0,0000;False
2,99;-0,0120;0,0000;0,0000;False
3,00;-0,0120;0,0000;0,0000;False
3,01;-0,0120;0,0000;0,0000;False
3,01;-0,0120;0,0000;0,0000;False
3,02;-0,0120;0,0000;0,0000;False
3,02;-0,0120;0,0000;0,0000;False
3,02;-0,0120;0,0000;0,0000;False
3,03;-0,0120;0,0000;0,0000;False
3,03;-0,0120;0,0000;0,0000;False
3,04;-0,0120;0,0000;0,0000;False
3,04;-0,0120;0,0000;0,0000;False
3,05;-0,0120;0,0000;0,0000;False
3,05;-0,0120;0,0000;0,0000;False
3,05;-0,0120;0,0000;0,0000;False
3,06;-0,0120;0,0000;0,0000;False
3,06;-0,0120;0,0000;0,0000;False
3,07;-0,0120;0,0000;0,0000;False
3,07;-0,0120;0,0000;0,0000;False
3,08;-0,0120;0,0000;0,0000;False
3,08;-0,0120;0,0000;0,0000;False
3,09;-0,0120;0,0000;0,0000;False
3,09;-0,0120;0,0000;0,0000;False
3,09;-0,0120;0,0000;0,0000;False
3,10;-0,0120;0,0000;0,0000;False
3,10;-0,0120;0,0000;0,0000;False
3,11;-0,0120;0,0000;0,0000;False
3,11;-0,0120;0,0000;0,0000;False
3,11;-0,0120;0,0000;0,0000;False
3,12;-0,0120;0,0000;0,0000;False
3,12;-0,0120;0,0000;0,0000;False
3,12;-0,0120;0,0000;0,0000;False
3,13;-0,0120;0,0000;0,0000;False
3,14;-0,0120;0,0000;0,0000;False
3,14;-0,0120;0,0000;0,0000;False
3,14;-0,0120;0,0000;0,0000;False
3,15;-0,0120;0,0000;0,0000;False
3,15;-0,0120;0,0000;0,0000;False
3,16;-0,0120;0,0000;0,0000;False
3,16;-0,0120;0,0000;0,0000;False
3,17;-0,0120;0,0000;0,0000;False
3,17;-0,0120;0,0000;0,0000;False
3,17;-0,0120;0,0000;0,0000;False
3,18;-0,0120;0,0000;0,0000;False
3,18;-0,0120;0,0000;0,0000;False
3,19;-0,0120;0,0000;0,0000;False
3,19;-0,0120;0,0000;0,0000;False
3,19;-0,0120;0,0000;0,0000;False
3,20;-0,0120;0,0000;0,0000;False
3,20;-0,0120;0,0000;0,0000;False
3,21;-0,0120;0,0000;0,0000;False
3,21;-0,0120;0,0000;0,0000;False
3,22;-0,0120;0,0000;0,0000;False
3,22;-0,0120;0,0000;0,0000;False
3,22;-0,0120;0,0000;0,0000;False
3,23;-0,0120;0,0000;0,0000;False
3,23;-0,0120;0,0000;0,0000;False
3,23;-0,0120;0,0000;0,0000;False
3,24;-0,0120;0,0000;0,0000;False
3,24;-0,0120;0,0000;0,0000;False
3,25;-0,0120;0,0000;0,0000;False
3,25;-0,0120;0,0000;0,0000;False
3,25;-0,0120;0,0000;0,0000;False
3,26;-0,0120;0,0000;0,0000;False
3,26;-0,0120;0,0000;0,0000;False
3,26;-0,0120;0,0000;0,0000;False
3,27;-0,0120;0,0000;0,0000;False
3,27;-0,0120;0,0000;0,0000;False
3,28;-0,0120;0,0000;0,0000;False
3,28;-0,0120;0,0000;0,0000;False
3,29;-0,0120;0,0000;0,0000;False
3,29;-0,0120;0,0000;0,0000;False
3,29;-0,0120;0,0000;0,0000;False
3,30;-0,0120;0,0000;0,0000;False
3,30;-0,0120;0,0000;0,0000;False
3,31;-0,0120;0,0000;0,0000;False
3,31;-0,0120;0,0000;0,0000;False
3,31;-0,0120;0,0000;0,0000;False
3,32;-0,0120;0,0000;0,0000;False
3,32;-0,0120;0,0000;0,0000;False
3,32;-0,0120;0,0000;0,0000;False
3,33;-0,0120;0,0000;0,0000;False
3,33;-0,0120;0,0000;0,0000;False
3,34;-0,0120;0,0000;0,0000;False
3,34;-0,0120;0,0000;0,0000;False
3,34;-0,0120;0,0000;0,0000;False
3,35;-0,0120;0,0000;0,0000;False
3,35;-0,0120;0,0000;0,0000;False
3,35;-0,0120;0,0000;0,0000;False
3,36;-0,0120;0,0000;0,0000;False
3,36;-0,0120;0,0000;0,0000;False
3,37;-0,0120;0,0000;0,0000;False
3,37;-0,0120;0,0000;0,0000;False
3,37;-0,0120;0,0000;0,0000;False
3,38;-0,0120;0,0000;0,0000;False
3,38;-0,0120;0,0000;0,0000;False
3,38;-0,0120;0,0000;0,0000;False
3,39;-0,0120;0,0000;0,0000;False
3,39;-0,0120;0,0000;0,0000;False
3,40;-0,0120;0,0000;0,0000;False
3,40;-0,0120;0,0000;0,0000;False
3,41;-0,0120;0,0000;0,0000;False
3,41;-0,0120;0,0000;0,0000;False
3,41;-0,0120;0,0000;0,0000;False
3,42;-0,0120;0,0000;0,0000;False
3,42;-0,0120;0,0000;0,0000;False
3,42;-0,0120;0,0000;0,0000;False
3,43;-0,0120;0,0000;0,0000;False
3,43;-0,0120;0,0000;0,0000;False
3,44;-0,0120;0,0000;0,0000;False
3,44;-0,0120;0,0000;0,0000;False
3,44;-0,0120;0,0000;0,0000;False
3,45;-0,0120;0,0000;0,0000;False
3,45;-0,0120;0,0000;0,0000;False
3,45;-0,0120;0,0000;0,0000;False
3,46;-0,0120;0,0000;0,0000;False
3,47;-0,0120;0,0000;0,0000;False
3,47;-0,0120;0,0000;0,0000;False
3,47;-0,0120;0,0000;0,0000;False
3,48;-0,0120;0,0000;0,0000;False
3,48;-0,0120;0,0000;0,0000;False
3,49;-0,0120;0,0000;0,0000;False
3,49;-0,0120;0,0000;0,0000;False
3,50;-0,0120;0,0000;0,0000;False
3,50;-0,0120;0,0000;0,0000;False
3,50;-0,0120;0,0000;0,0000;False
3,51;-0,0120;0,0000;0,0000;False
3,51;-0,0120;0,0000;0,0000;False
3,51;-0,0120;0,0000;0,0000;False
3,52;-0,0120;0,0000;0,0000;False
3,52;-0,0120;0,0000;0,0000;False
3,53;-0,0120;0,0000;0,0000;False
3,53;-0,0120;0,0000;0,0000;False
3,54;-0,0120;0,0000;0,0000;False
3,54;-0,0120;0,0000;0,0000;False
3,54;-0,0120;0,0000;0,0000;False
3,55;-0,0120;0,0000;0,0000;False
3,55;-0,0120;0,0000;0,0000;False
3,56;-0,0120;0,0000;0,0000;False
3,56;-0,0120;0,0000;0,0000;False
3,57;-0,0120;0,0000;0,0000;False
3,57;-0,0120;0,0000;0,0000;False
3,57;-0,0120;0,0000;0,0000;False
3,58;-0,0120;0,0000;0,0000;False
3,58;-0,0120;0,0000;0,0000;False
3,58;-0,0120;0,0000;0,0000;False
3,59;-0,0120;0,0000;0,0000;False
3,59;-0,0120;0,0000;0,0000;False
3,59;-0,0120;0,0000;0,0000;False
3,60;-0,0120;0,0000;0,0000;False
3,60;-0,0120;0,0000;0,0000;False
3,61;-0,0120;0,0000;0,0000;False
3,61;-0,0120;0,0000;0,0000;False
3,62;-0,0120;0,0000;0,0000;False
3,62;-0,0120;0,0000;0,0000;False
3,62;-0,0120;0,0000;0,0000;False
3,63;-0,0120;0,0000;0,0000;False
3,63;-0,0120;0,0000;0,0000;False
3,63;-0,0120;0,0000;0,0000;False
3,64;-0,0120;0,0000;0,0000;False
3,64;-0,0120;0,0000;0,0000;False
3,65;-0,0120;0,0000;0,0000;False
3,65;-0,0120;0,0000;0,0000;False
3,66;-0,0120;0,0000;0,0000;False
3,66;-0,0120;0,0000;0,0000;False
3,66;-0,0120;0,0000;0,0000;False
3,67;-0,0120;0,0000;0,0000;False
3,68;-0,0120;0,0000;0,0000;False
3,68;-0,0120;0,0000;0,0000;False
3,69;-0,0120;0,0000;0,0000;False
3,69;-0,0120;0,0000;0,0000;False
3,70;-0,0120;0,0000;0,0000;False
3,71;-0,0120;0,0000;0,0000;False
3,71;-0,0120;0,0000;0,0000;False
3,71;-0,0120;0,0000;0,0000;False
3,72;-0,0120;0,0000;0,0000;False
3,72;-0,0120;0,0000;0,0000;False
3,73;-0,0120;0,0000;0,0000;False
3,73;-0,0120;0,0000;0,0000;False
3,74;-0,0120;0,0000;0,0000;False
3,74;-0,0120;0,0000;0,0000;False
3,75;-0,0120;0,0000;0,0000;False
3,75;-0,0120;0,0000;0,0000;False
3,75;-0,0120;0,0000;0,0000;False
3,76;-0,0120;0,0000;0,0000;False
3,76;-0,0120;0,0000;0,0000;False
3,77;-0,0120;0,0000;0,0000;False
3,77;-0,0120;0,0000;0,0000;False
3,77;-0,0120;0,0000;0,0000;False
3,78;-0,0120;0,0000;0,0000;False
3,78;-0,0120;0,0000;0,0000;False
3,79;-0,0120;0,0000;0,0000;False
3,79;-0,0120;0,0000;0,0000;False
3,79;-0,0120;0,0000;0,0000;False
3,80;-0,0120;0,0000;0,0000;False
3,80;-0,0120;0,0000;0,0000;False
3,81;-0,0120;0,0000;0,0000;False
3,81;-0,0120;0,0000;0,0000;False
3,81;-0,0120;0,0000;0,0000;False
3,82;-0,0120;0,0000;0,0000;False
3,82;-0,0120;0,0000;0,0000;False
3,83;-0,0120;0,0000;0,0000;False
3,83;-0,0120;0,0000;0,0000;False
3,84;-0,0120;0,0000;0,0000;False
3,84;-0,0120;0,0000;0,0000;False
3,84;-0,0120;0,0000;0,0000;False
3,85;-0,0120;0,0000;0,0000;False
3,85;-0,0120;0,0000;0,0000;False
3,85;-0,0120;0,0000;0,0000;False
3,86;-0,0120;0,0000;0,0000;False
3,86;-0,0120;0,0000;0,0000;False
3,87;-0,0120;0,0000;0,0000;False
3,87;-0,0120;0,0000;0,0000;False
3,88;-0,0120;0,0000;0,0000;False
3,88;-0,0120;0,0000;0,0000;False
3,89;-0,0120;0,0000;0,0000;False
3,89;-0,0120;0,0000;0,0000;False
3,89;-0,0120;0,0000;0,0000;False
3,90;-0,0120;0,0000;0,0000;False
3,90;-0,0120;0,0000;0,0000;False
3,91;-0,0120;0,0000;0,0000;False
3,91;-0,0120;0,0000;0,0000;False
3,91;-0,0120;0,0000;0,0000;False
3,92;-0,0120;0,0000;0,0000;False
3,92;-0,0120;0,0000;0,0000;False
3,93;-0,0120;0,0000;0,0000;False
3,93;-0,0120;0,0000;0,0000;False
3,94;-0,0120;0,0000;0,0000;False
3,94;-0,0120;0,0000;0,0000;False
3,95;-0,0120;0,0000;0,0000;False
3,95;-0,0120;0,0000;0,0000;False
3,95;-0,0120;0,0000;0,0000;False
3,96;-0,0120;0,0000;0,0000;False
3,97;-0,0120;0,0000;0,0000;False
3,97;-0,0120;0,0000;0,0000;False
3,97;-0,0120;0,0000;0,0000;False
3,98;-0,0120;0,0000;0,0000;False
3,98;-0,0120;0,0000;0,0000;False
3,99;-0,0120;0,0000;0,0000;False
3,99;-0,0120;0,0000;0,0000;False
3,99;-0,0120;0,0000;0,0000;False
4,00;-0,0120;0,0000;0,0000;False
4,00;-0,0120;0,0000;0,0000;False
4,01;-0,0120;0,0000;0,0000;False
4,02;-0,0120;0,0000;0,0000;False
4,02;-0,0120;0,0000;0,0000;False
4,03;-0,0120;0,0000;0,0000;False
4,03;-0,0120;0,0000;0,0000;False
4,03;-0,0120;0,0000;0,0000;False
4,04;-0,0120;0,0000;0,0000;False
4,04;-0,0120;0,0000;0,0000;False
4,05;-0,0120;0,0000;0,0000;False
4,05;-0,0120;0,0000;0,0000;False
4,06;-0,0120;0,0000;0,0000;False
4,06;-0,0120;0,0000;0,0000;False
4,06;-0,0120;0,0000;0,0000;False
4,08;-0,0120;0,0000;0,0000;False
4,12;-0,0120;0,0000;0,0000;False
4,13;-0,0120;0,0000;0,0000;False
4,14;-0,0120;0,0000;0,0000;False
4,15;-0,0146;0,0000;-0,1133;False
4,17;-0,0146;0,0000;-0,1133;False
4,22;-0,0145;-0,0011;-0,1131;False
4,23;-0,0145;-0,0013;-0,1131;False
4,24;-0,0144;-0,0013;-0,1133;False
4,24;-0,0144;-0,0014;-0,1133;False
4,25;-0,0144;-0,0014;-0,1133;False
4,25;-0,0144;-0,0014;-0,1133;False
4,26;-0,0144;-0,0014;-0,1133;False
4,26;-0,0144;-0,0015;-0,1133;False
4,27;-0,0144;-0,0015;-0,1133;False
4,27;-0,0144;-0,0015;-0,1133;False
4,28;-0,0144;-0,0015;-0,1133;False
4,29;-0,0144;-0,0016;-0,1133;False
4,30;-0,0144;-0,0016;-0,1133;False
4,31;-0,0144;-0,0015;-0,1133;False
4,31;-0,0144;-0,0015;-0,1133;False
4,32;-0,0144;-0,0015;-0,1133;False
4,32;-0,0144;-0,0015;-0,1133;False
4,33;-0,0144;-0,0015;-0,1133;False
4,33;-0,0144;-0,0015;-0,1133;False
4,34;-0,0144;-0,0015;-0,1133;False
4,35;-0,0144;-0,0015;-0,1133;False
4,35;-0,0144;-0,0015;-0,1133;False
4,36;-0,0143;-0,0015;-0,1132;False
4,37;-0,0143;-0,0015;-0,1132;False
4,37;-0,0143;-0,0015;-0,1132;False
4,38;-0,0143;-0,0015;-0,1132;False
4,38;-0,0143;-0,0015;-0,1132;False
4,38;-0,0143;-0,0014;-0,1132;False
4,39;-0,0143;-0,0014;-0,1132;False
4,39;-0,0143;-0,0014;-0,1132;False
4,39;-0,0143;-0,0014;-0,1132;False
4,40;-0,0143;-0,0014;-0,1132;False
4,40;-0,0143;-0,0014;-0,1132;False
4,41;-0,0143;-0,0014;-0,1132;False
4,42;-0,0143;-0,0014;-0,1132;False
4,42;-0,0143;-0,0013;-0,1132;False
4,43;-0,0143;-0,0013;-0,1132;False
4,43;-0,0143;-0,0013;-0,1132;False
4,43;-0,0143;-0,0013;-0,1132;False
4,44;-0,0143;-0,0011;-0,1133;False
4,45;-0,0143;-0,0011;-0,1133;False
4,45;-0,0143;-0,0011;-0,1133;False
4,45;-0,0143;-0,0011;-0,1133;False
4,46;-0,0143;-0,0011;-0,1133;False
4,46;-0,0143;-0,0011;-0,1133;False
4,47;-0,0143;-0,0011;-0,1133;False
4,47;-0,0143;-0,0011;-0,1133;False
4,48;-0,0143;-0,0011;-0,1133;False
4,48;-0,0143;-0,0010;-0,1133;False
4,49;-0,0143;-0,0010;-0,1133;False
4,49;-0,0143;-0,0010;-0,1133;False
4,50;-0,0143;-0,0010;-0,1133;False
4,50;-0,0143;-0,0010;-0,1133;False
4,51;-0,0143;-0,0010;-0,1133;False
4,51;-0,0144;-0,0007;-0,1137;False
4,52;-0,0144;-0,0007;-0,1137;False
4,52;-0,0144;-0,0007;-0,1137;False
4,52;-0,0144;-0,0007;-0,1137;False
4,53;-0,0144;-0,0007;-0,1137;False
4,54;-0,0144;-0,0007;-0,1137;False
4,54;-0,0144;-0,0012;-0,1133;False
4,55;-0,0144;-0,0012;-0,1133;False
4,55;-0,0144;-0,0012;-0,1133;False
4,56;-0,0144;-0,0012;-0,1133;False
4,56;-0,0144;-0,0011;-0,1133;False
4,58;-0,0145;-0,0003;-0,1141;False
4,58;-0,0145;-0,0005;-0,1141;False
4,59;-0,0145;-0,0005;-0,1141;False
4,59;-0,0145;-0,0005;-0,1141;False
4,60;-0,0146;-0,0002;-0,1140;False
4,61;-0,0146;-0,0002;-0,1140;False
4,62;-0,0146;-0,0002;-0,1140;False
4,63;-0,0146;-0,0004;-0,1140;False
4,63;-0,0146;-0,0004;-0,1140;False
4,64;-0,0143;-0,0011;-0,1139;False
4,65;-0,0143;-0,0011;-0,1139;False
4,66;-0,0143;-0,0011;-0,1139;False
4,66;-0,0143;-0,0011;-0,1139;False
4,67;-0,0142;-0,0009;-0,1139;False
4,68;-0,0142;-0,0009;-0,1139;False
4,68;-0,0142;-0,0009;-0,1139;False
4,69;-0,0142;-0,0009;-0,1139;False
4,71;-0,0145;-0,0006;-0,1144;False
4,71;-0,0145;-0,0006;-0,1144;False
4,72;-0,0145;-0,0007;-0,1144;False
4,73;-0,0145;-0,0007;-0,1144;False
4,74;-0,0146;-0,0005;-0,1144;False
4,74;-0,0146;-0,0007;-0,1144;False
4,75;-0,0146;-0,0007;-0,1144;False
4,75;-0,0146;-0,0007;-0,1144;False
4,76;-0,0147;0,0001;-0,1152;False
4,77;-0,0147;0,0001;-0,1152;False
4,77;-0,0147;0,0001;-0,1152;False
4,78;-0,0147;0,0001;-0,1152;False
4,78;-0,0147;-0,0003;-0,1152;False
4,79;-0,0147;-0,0003;-0,1152;False
4,80;-0,0147;-0,0003;-0,1152;False
4,80;-0,0147;-0,0006;-0,1152;False
4,81;-0,0147;-0,0006;-0,1152;False
4,82;-0,0147;-0,0015;-0,1145;False
4,82;-0,0147;-0,0014;-0,1145;False
4,83;-0,0147;-0,0014;-0,1145;False
4,84;-0,0147;-0,0014;-0,1145;False
4,85;-0,0147;-0,0007;-0,1149;False
4,85;-0,0147;-0,0007;-0,1149;False
4,86;-0,0147;-0,0007;-0,1149;False
4,86;-0,0147;-0,0008;-0,1149;False
4,87;-0,0147;-0,0008;-0,1149;False
4,88;-0,0149;-0,0013;-0,1141;False
4,89;-0,0149;-0,0013;-0,1141;False
4,89;-0,0149;-0,0013;-0,1141;False
4,89;-0,0149;-0,0013;-0,1141;False
4,90;-0,0149;-0,0013;-0,1141;False
4,91;-0,0149;-0,0003;-0,1151;False
4,92;-0,0149;-0,0003;-0,1151;False
4,92;-0,0149;-0,0006;-0,1151;False
4,93;-0,0149;-0,0006;-0,1151;False
4,94;-0,0145;0,0002;-0,1158;False
4,94;-0,0145;-0,0002;-0,1158;False
4,95;-0,0145;-0,0002;-0,1158;False
4,96;-0,0145;-0,0002;-0,1158;False
4,96;-0,0145;-0,0005;-0,1158;False
4,97;-0,0143;-0,0010;-0,1157;False
4,98;-0,0143;-0,0011;-0,1157;False
4,99;-0,0143;-0,0011;-0,1157;False
4,99;-0,0143;-0,0011;-0,1157;False
5,00;-0,0143;-0,0012;-0,1157;False
5,01;-0,0143;-0,0018;-0,1151;False
5,02;-0,0143;-0,0018;-0,1151;False
5,02;-0,0143;-0,0016;-0,1151;False
5,03;-0,0143;-0,0016;-0,1151;False
5,04;-0,0141;-0,0024;-0,1143;False
5,04;-0,0141;-0,0020;-0,1143;False
5,05;-0,0141;-0,0020;-0,1143;False
5,05;-0,0141;-0,0020;-0,1143;False
5,06;-0,0141;-0,0020;-0,1143;False
5,06;-0,0142;-0,0009;-0,1147;False
5,07;-0,0142;-0,0009;-0,1147;False
5,07;-0,0142;-0,0009;-0,1147;False
5,08;-0,0142;-0,0009;-0,1147;False
5,08;-0,0142;-0,0009;-0,1147;False
5,09;-0,0142;-0,0009;-0,1147;False
5,10;-0,0142;-0,0014;-0,1142;False
5,10;-0,0142;-0,0012;-0,1142;False
5,11;-0,0142;-0,0012;-0,1142;False
5,11;-0,0142;-0,0012;-0,1142;False
5,12;-0,0142;-0,0010;-0,1142;False
5,13;-0,0142;-0,0010;-0,1142;False
5,14;-0,0144;-0,0002;-0,1152;False
5,14;-0,0144;-0,0003;-0,1152;False
5,15;-0,0144;-0,0003;-0,1152;False
5,15;-0,0144;-0,0003;-0,1152;False
5,15;-0,0144;-0,0003;-0,1152;False
5,16;-0,0145;-0,0019;-0,1138;False
5,17;-0,0145;-0,0019;-0,1138;False
5,17;-0,0145;-0,0019;-0,1138;False
5,18;-0,0145;-0,0019;-0,1138;False
5,18;-0,0145;-0,0019;-0,1138;False
5,18;-0,0145;-0,0016;-0,1138;False
5,19;-0,0145;-0,0016;-0,1138;False
5,19;-0,0145;-0,0016;-0,1138;False
5,20;-0,0145;-0,0016;-0,1138;False
5,20;-0,0145;-0,0013;-0,1138;False
5,21;-0,0145;-0,0011;-0,1137;False
5,21;-0,0145;-0,0011;-0,1137;False
5,22;-0,0145;-0,0011;-0,1137;False
5,22;-0,0145;-0,0010;-0,1137;False
5,23;-0,0145;-0,0010;-0,1137;False
5,23;-0,0145;-0,0010;-0,1137;False
5,24;-0,0145;-0,0010;-0,1137;False
5,24;-0,0145;-0,0008;-0,1137;False
5,25;-0,0147;-0,0011;-0,1134;False
5,25;-0,0147;-0,0011;-0,1134;False
5,25;-0,0147;-0,0011;-0,1134;False
5,26;-0,0147;-0,0011;-0,1134;False
5,26;-0,0147;-0,0010;-0,1134;False
5,27;-0,0147;-0,0010;-0,1134;False
5,28;-0,0148;-0,0011;-0,1133;False
5,28;-0,0148;-0,0009;-0,1133;False
5,29;-0,0148;-0,0009;-0,1133;False
5,29;-0,0148;-0,0009;-0,1133;False
5,29;-0,0148;-0,0009;-0,1133;False
5,30;-0,0148;-0,0008;-0,1133;False
5,31;-0,0149;-0,0002;-0,1139;False
5,32;-0,0149;-0,0002;-0,1139;False
5,32;-0,0149;-0,0003;-0,1139;False
5,33;-0,0149;-0,0003;-0,1139;False
5,33;-0,0149;-0,0003;-0,1139;False
5,34;-0,0149;-0,0004;-0,1139;False
5,35;-0,0149;-0,0004;-0,1139;False
5,35;-0,0149;-0,0004;-0,1139;False
5,36;-0,0149;-0,0004;-0,1139;False
5,36;-0,0149;-0,0005;-0,1139;False
5,37;-0,0149;-0,0005;-0,1139;False
5,37;-0,0146;0,0010;-0,1148;False
5,38;-0,0146;0,0010;-0,1148;False
5,38;-0,0146;0,0005;-0,1148;False
5,39;-0,0146;0,0005;-0,1148;False
5,39;-0,0146;0,0005;-0,1148;False
5,39;-0,0146;0,0005;-0,1148;False
5,40;-0,0146;0,0000;-0,1148;False
5,41;-0,0146;0,0000;-0,1148;False
5,41;-0,0146;0,0000;-0,1148;False
5,42;-0,0146;0,0000;-0,1148;False
5,42;-0,0146;0,0000;-0,1148;False
5,42;-0,0146;-0,0003;-0,1148;False
5,43;-0,0146;-0,0003;-0,1148;False
5,43;-0,0146;-0,0003;-0,1148;False
5,44;-0,0147;-0,0020;-0,1136;False
5,44;-0,0147;-0,0018;-0,1136;False
5,45;-0,0147;-0,0018;-0,1136;False
5,45;-0,0147;-0,0018;-0,1136;False
5,46;-0,0147;-0,0018;-0,1136;False
5,46;-0,0146;-0,0017;-0,1133;False
5,47;-0,0146;-0,0017;-0,1133;False
5,47;-0,0146;-0,0017;-0,1133;False
5,48;-0,0146;-0,0017;-0,1133;False
5,48;-0,0146;-0,0017;-0,1133;False
5,48;-0,0146;-0,0015;-0,1133;False
5,49;-0,0146;-0,0015;-0,1133;False
5,49;-0,0146;-0,0015;-0,1133;False
5,50;-0,0146;-0,0015;-0,1133;False
5,50;-0,0148;-0,0012;-0,1133;False
5,51;-0,0148;-0,0012;-0,1133;False
5,51;-0,0148;-0,0012;-0,1133;False
5,52;-0,0148;-0,0012;-0,1133;False
5,52;-0,0148;-0,0011;-0,1133;False
5,53;-0,0148;-0,0011;-0,1133;False
5,54;-0,0148;-0,0011;-0,1133;False
5,54;-0,0148;-0,0011;-0,1133;False
5,54;-0,0148;-0,0010;-0,1133;False
5,55;-0,0148;-0,0010;-0,1133;False
5,55;-0,0148;-0,0010;-0,1133;False
5,56;-0,0148;-0,0009;-0,1133;False
5,57;-0,0148;-0,0009;-0,1133;False
5,57;-0,0148;-0,0009;-0,1133;False
5,58;-0,0148;-0,0009;-0,1133;False
5,58;-0,0148;-0,0009;-0,1133;False
5,58;-0,0148;-0,0008;-0,1133;False
5,59;-0,0148;-0,0008;-0,1133;False
5,59;-0,0148;-0,0008;-0,1133;False
5,60;-0,0148;-0,0008;-0,1133;False
5,60;-0,0148;-0,0008;-0,1133;False
5,61;-0,0148;-0,0008;-0,1133;False
5,61;-0,0142;-0,0037;-0,1115;False
5,62;-0,0142;-0,0037;-0,1115;False
5,62;-0,0142;-0,0028;-0,1115;False
5,63;-0,0142;-0,0028;-0,1115;False
5,63;-0,0142;-0,0028;-0,1115;False
5,64;-0,0142;-0,0028;-0,1115;False
5,64;-0,0142;-0,0020;-0,1115;False
5,65;-0,0144;-0,0015;-0,1118;False
5,65;-0,0144;-0,0015;-0,1118;False
5,66;-0,0144;-0,0015;-0,1118;False
5,66;-0,0144;-0,0015;-0,1118;False
5,66;-0,0144;-0,0011;-0,1118;False
5,67;-0,0144;-0,0011;-0,1118;False
5,67;-0,0144;-0,0011;-0,1118;False
5,68;-0,0143;-0,0011;-0,1118;False
5,68;-0,0143;-0,0008;-0,1118;False
5,69;-0,0143;-0,0008;-0,1118;False
5,69;-0,0143;-0,0008;-0,1118;False
5,70;-0,0143;-0,0008;-0,1118;False
5,70;-0,0143;-0,0010;-0,1117;False
5,71;-0,0143;-0,0010;-0,1117;False
5,72;-0,0143;-0,0010;-0,1117;False
5,72;-0,0143;-0,0007;-0,1117;False
5,73;-0,0143;-0,0007;-0,1117;False
5,73;-0,0143;-0,0007;-0,1117;False
5,74;-0,0144;-0,0002;-0,1119;False
5,75;-0,0144;-0,0002;-0,1119;False
5,75;-0,0144;-0,0002;-0,1119;False
5,75;-0,0144;-0,0002;-0,1119;False
5,76;-0,0144;-0,0002;-0,1119;False
5,76;-0,0144;-0,0002;-0,1119;False
5,77;-0,0144;-0,0002;-0,1119;False
5,78;-0,0146;0,0002;-0,1122;False
5,78;-0,0146;0,0001;-0,1122;False
5,79;-0,0146;0,0001;-0,1122;False
5,79;-0,0146;0,0001;-0,1122;False
5,80;-0,0146;0,0001;-0,1122;False
5,80;-0,0146;-0,0001;-0,1122;False
5,81;-0,0146;-0,0001;-0,1122;False
5,81;-0,0146;-0,0001;-0,1122;False
5,82;-0,0146;-0,0001;-0,1122;False
5,82;-0,0146;-0,0001;-0,1122;False
5,82;-0,0146;-0,0002;-0,1122;False
5,83;-0,0146;-0,0002;-0,1122;False
5,84;-0,0146;-0,0002;-0,1122;False
5,84;-0,0149;0,0019;-0,1136;False
5,84;-0,0149;0,0011;-0,1136;False
5,85;-0,0149;0,0011;-0,1136;False
5,85;-0,0149;0,0011;-0,1136;False
5,86;-0,0149;0,0011;-0,1136;False
5,87;-0,0149;0,0005;-0,1136;False
5,87;-0,0149;0,0005;-0,1136;False
5,87;-0,0149;0,0005;-0,1136;False
5,88;-0,0149;0,0005;-0,1136;False
5,88;-0,0149;0,0000;-0,1136;False
5,89;-0,0149;0,0000;-0,1136;False
5,89;-0,0149;0,0000;-0,1136;False
5,90;-0,0149;0,0000;-0,1136;False
5,90;-0,0149;-0,0004;-0,1136;False
5,91;-0,0149;-0,0004;-0,1136;False
5,91;-0,0149;-0,0004;-0,1136;False
5,92;-0,0149;-0,0004;-0,1136;False
5,92;-0,0149;-0,0004;-0,1136;False
5,92;-0,0149;-0,0007;-0,1136;False
5,93;-0,0149;-0,0007;-0,1136;False
5,93;-0,0151;-0,0025;-0,1121;False
5,94;-0,0151;-0,0025;-0,1121;False
5,94;-0,0151;-0,0021;-0,1121;False
5,95;-0,0151;-0,0021;-0,1121;False
5,95;-0,0151;-0,0021;-0,1121;False
5,96;-0,0151;-0,0018;-0,1121;False
5,97;-0,0151;-0,0018;-0,1121;False
5,97;-0,0151;-0,0018;-0,1121;False
5,97;-0,0151;-0,0018;-0,1121;False
5,98;-0,0151;-0,0018;-0,1121;False
5,98;-0,0151;-0,0016;-0,1121;False
5,99;-0,0151;-0,0016;-0,1121;False
5,99;-0,0151;-0,0016;-0,1121;False
5,99;-0,0151;-0,0016;-0,1121;False
6,00;-0,0151;-0,0016;-0,1121;False
6,00;-0,0151;-0,0014;-0,1121;False
6,01;-0,0151;-0,0014;-0,1121;False
6,02;-0,0152;-0,0014;-0,1121;False
6,02;-0,0152;-0,0012;-0,1121;False
6,03;-0,0152;-0,0012;-0,1121;False
6,03;-0,0152;-0,0012;-0,1121;False
6,04;-0,0152;-0,0012;-0,1121;False
6,04;-0,0152;-0,0011;-0,1121;False
6,05;-0,0151;-0,0011;-0,1121;False
6,05;-0,0151;-0,0011;-0,1121;False
6,06;-0,0151;-0,0011;-0,1121;False
6,06;-0,0151;-0,0010;-0,1121;False
6,07;-0,0151;-0,0010;-0,1121;False
6,07;-0,0151;-0,0010;-0,1121;False
6,08;-0,0151;-0,0010;-0,1121;False
6,08;-0,0151;-0,0009;-0,1121;False
6,09;-0,0151;-0,0009;-0,1121;False
6,09;-0,0151;-0,0009;-0,1121;False
6,09;-0,0151;-0,0009;-0,1121;False
6,10;-0,0151;-0,0009;-0,1121;False
6,11;-0,0151;-0,0008;-0,1121;False
6,11;-0,0157;0,0052;-0,1153;False
6,12;-0,0157;0,0052;-0,1153;False
6,12;-0,0157;0,0034;-0,1153;False
6,13;-0,0157;0,0034;-0,1153;False
6,13;-0,0157;0,0034;-0,1153;False
6,14;-0,0157;0,0034;-0,1153;False
6,14;-0,0157;0,0019;-0,1153;False
6,15;-0,0157;0,0019;-0,1153;False
6,17;-0,0157;0,0008;-0,1153;False
6,18;-0,0157;0,0008;-0,1153;False
6,18;-0,0157;-0,0001;-0,1153;False
6,19;-0,0157;-0,0001;-0,1153;False
6,19;-0,0157;-0,0001;-0,1153;False
6,20;-0,0159;0,0021;-0,1175;False
6,21;-0,0159;0,0021;-0,1175;False
6,21;-0,0159;0,0021;-0,1175;False
6,22;-0,0159;0,0021;-0,1175;False
6,22;-0,0159;0,0007;-0,1175;False
6,23;-0,0159;0,0007;-0,1175;False
6,28;-0,0158;-0,0019;-0,1172;False
6,29;-0,0158;-0,0022;-0,1172;False
6,31;-0,0158;-0,0023;-0,1172;False
6,31;-0,0158;-0,0023;-0,1172;False
6,32;-0,0158;-0,0023;-0,1172;False
6,32;-0,0158;-0,0024;-0,1172;False
6,33;-0,0158;-0,0024;-0,1172;False
6,33;-0,0158;-0,0024;-0,1172;False
6,34;-0,0158;-0,0024;-0,1172;False
6,34;-0,0158;-0,0023;-0,1172;False
6,35;-0,0158;-0,0023;-0,1172;False
6,35;-0,0158;-0,0023;-0,1172;False
6,36;-0,0158;-0,0023;-0,1172;False
6,36;-0,0158;-0,0022;-0,1172;False
6,37;-0,0158;-0,0022;-0,1172;False
6,38;-0,0158;-0,0022;-0,1172;False
6,38;-0,0158;-0,0021;-0,1172;False
6,39;-0,0158;-0,0021;-0,1172;False
6,40;-0,0158;-0,0021;-0,1172;False
6,41;-0,0158;-0,0020;-0,1172;False
6,42;-0,0158;-0,0020;-0,1172;False
6,42;-0,0158;-0,0018;-0,1172;False
6,43;-0,0158;-0,0018;-0,1172;False
6,44;-0,0158;-0,0018;-0,1172;False
6,45;-0,0158;-0,0017;-0,1172;False
6,45;-0,0158;-0,0017;-0,1172;False
6,46;-0,0158;-0,0016;-0,1172;False
6,47;-0,0158;-0,0016;-0,1172;False
6,48;-0,0158;0,0001;-0,1178;False
6,49;-0,0158;0,0001;-0,1178;False
6,49;-0,0158;0,0001;-0,1178;False
6,50;-0,0158;-0,0002;-0,1178;False
6,51;-0,0157;-0,0005;-0,1178;False
6,52;-0,0157;-0,0007;-0,1178;False
6,53;-0,0157;-0,0007;-0,1178;False
6,55;-0,0160;0,0003;-0,1184;False
6,55;-0,0160;0,0003;-0,1184;False
6,56;-0,0160;-0,0002;-0,1184;False
6,57;-0,0160;-0,0002;-0,1184;False
6,58;-0,0160;-0,0002;-0,1184;False
6,59;-0,0160;-0,0005;-0,1184;False
6,60;-0,0160;-0,0005;-0,1184;False
6,61;-0,0160;-0,0008;-0,1184;False
6,62;-0,0160;-0,0008;-0,1184;False
6,62;-0,0160;-0,0012;-0,1178;False
6,63;-0,0160;-0,0012;-0,1178;False
6,64;-0,0160;-0,0015;-0,1180;False
6,65;-0,0160;-0,0015;-0,1180;False
6,65;-0,0160;-0,0015;-0,1180;False
6,66;-0,0160;-0,0015;-0,1180;False
6,67;-0,0160;-0,0015;-0,1180;False
6,67;-0,0160;-0,0015;-0,1180;False
6,68;-0,0160;-0,0015;-0,1180;False
6,68;-0,0160;-0,0014;-0,1180;False
6,69;-0,0160;-0,0014;-0,1180;False
6,70;-0,0160;-0,0014;-0,1180;False
6,70;-0,0162;-0,0008;-0,1183;False
6,71;-0,0162;-0,0009;-0,1183;False
6,71;-0,0162;-0,0009;-0,1183;False
6,72;-0,0162;-0,0009;-0,1183;False
6,73;-0,0162;-0,0010;-0,1183;False
6,74;-0,0162;-0,0010;-0,1183;False
6,74;-0,0162;-0,0010;-0,1183;False
6,75;-0,0162;-0,0010;-0,1183;False
6,76;-0,0162;-0,0010;-0,1183;False
6,76;-0,0158;-0,0011;-0,1180;False
6,77;-0,0158;-0,0011;-0,1180;False
6,77;-0,0158;-0,0011;-0,1180;False
6,78;-0,0158;-0,0011;-0,1180;False
6,78;-0,0158;-0,0011;-0,1180;False
6,79;-0,0158;-0,0011;-0,1180;False
6,79;-0,0158;-0,0011;-0,1180;False
6,80;-0,0158;-0,0011;-0,1180;False
6,80;-0,0158;-0,0011;-0,1180;False
6,81;-0,0158;-0,0011;-0,1180;False
6,82;-0,0158;-0,0011;-0,1180;False
6,82;-0,0158;-0,0011;-0,1180;False
6,83;-0,0158;-0,0011;-0,1180;False
6,84;-0,0158;-0,0011;-0,1180;False
6,84;-0,0157;0,0010;-0,1190;False
6,85;-0,0157;0,0010;-0,1190;False
6,86;-0,0157;0,0010;-0,1190;False
6,86;-0,0157;0,0004;-0,1190;False
6,87;-0,0157;0,0004;-0,1190;False
6,88;-0,0158;0,0005;-0,1193;False
6,88;-0,0158;0,0000;-0,1193;False
6,89;-0,0158;0,0000;-0,1193;False
6,89;-0,0158;0,0000;-0,1193;False
6,90;-0,0158;-0,0004;-0,1193;False
6,91;-0,0158;-0,0004;-0,1193;False
6,92;-0,0158;-0,0004;-0,1193;False
6,92;-0,0158;-0,0004;-0,1193;False
6,93;-0,0158;-0,0007;-0,1193;False
6,93;-0,0158;-0,0007;-0,1193;False
6,94;-0,0156;-0,0004;-0,1195;False
6,95;-0,0156;-0,0004;-0,1195;False
6,95;-0,0156;-0,0004;-0,1195;False
6,96;-0,0156;-0,0004;-0,1195;False
6,96;-0,0156;-0,0007;-0,1195;False
6,97;-0,0156;-0,0007;-0,1195;False
6,97;-0,0157;0,0009;-0,1204;False
6,98;-0,0157;0,0009;-0,1204;False
6,98;-0,0157;0,0009;-0,1204;False
6,98;-0,0157;0,0001;-0,1204;False
6,99;-0,0157;0,0001;-0,1204;False
6,99;-0,0157;0,0001;-0,1204;False
7,00;-0,0157;0,0001;-0,1204;False
7,01;-0,0157;-0,0004;-0,1200;False
7,01;-0,0157;-0,0004;-0,1200;False
7,01;-0,0157;-0,0004;-0,1200;False
7,02;-0,0157;-0,0004;-0,1200;False
7,02;-0,0157;-0,0008;-0,1205;False
7,03;-0,0157;-0,0008;-0,1205;False
7,04;-0,0157;-0,0008;-0,1205;False
7,04;-0,0157;-0,0011;-0,1203;False
7,05;-0,0157;-0,0011;-0,1203;False
7,05;-0,0157;-0,0011;-0,1203;False
7,06;-0,0157;-0,0011;-0,1203;False
7,06;-0,0157;-0,0013;-0,1191;False
7,07;-0,0157;-0,0013;-0,1191;False
7,07;-0,0161;-0,0008;-0,1194;False
7,08;-0,0161;-0,0008;-0,1194;False
7,08;-0,0161;-0,0011;-0,1176;False
7,09;-0,0161;-0,0011;-0,1176;False
7,09;-0,0161;-0,0011;-0,1176;False
7,10;-0,0161;-0,0011;-0,1176;False
7,10;-0,0161;-0,0013;-0,1142;False
7,11;-0,0161;-0,0013;-0,1142;False
7,11;-0,0161;-0,0013;-0,1142;False
7,11;-0,0161;-0,0013;-0,1142;False
7,12;-0,0161;-0,0013;-0,1142;False
7,13;-0,0161;-0,0014;-0,1101;False
7,13;-0,0161;-0,0014;-0,1101;False
7,14;-0,0161;-0,0014;-0,1101;False
7,14;-0,0161;-0,0015;-0,1047;False
7,15;-0,0161;-0,0015;-0,1047;False
7,15;-0,0161;-0,0015;-0,1047;False
7,16;-0,0161;-0,0015;-0,1047;False
7,16;-0,0161;-0,0015;-0,0978;False
7,17;-0,0161;-0,0015;-0,0978;False
7,17;-0,0161;-0,0015;-0,0978;False
7,17;-0,0161;-0,0015;-0,0978;False
7,18;-0,0161;-0,0015;-0,0978;False
7,18;-0,0161;-0,0015;-0,0894;False
7,19;-0,0161;-0,0015;-0,0894;False
7,19;-0,0161;-0,0015;-0,0894;False
7,20;-0,0161;-0,0015;-0,0894;False
7,20;-0,0161;-0,0015;-0,0894;False
7,21;-0,0161;-0,0014;-0,0789;False
7,21;-0,0161;-0,0014;-0,0789;False
7,22;-0,0161;-0,0014;-0,0789;False
7,22;-0,0160;-0,0014;-0,0664;False
7,23;-0,0160;-0,0014;-0,0664;False
7,23;-0,0160;-0,0014;-0,0664;False
7,23;-0,0160;-0,0014;-0,0664;False
7,24;-0,0160;-0,0013;-0,0518;False
7,25;-0,0160;-0,0013;-0,0518;False
7,25;-0,0160;-0,0013;-0,0518;False
7,25;-0,0160;-0,0013;-0,0518;False
7,26;-0,0160;-0,0013;-0,0518;False
7,26;-0,0160;-0,0013;-0,0352;False
7,27;-0,0160;-0,0013;-0,0352;False
7,27;-0,0160;-0,0013;-0,0352;False
7,28;-0,0160;-0,0013;-0,0352;False
7,28;-0,0159;-0,0012;-0,0163;False
7,29;-0,0159;-0,0012;-0,0163;False
7,29;-0,0159;-0,0012;-0,0163;False
7,29;-0,0159;-0,0012;-0,0163;False
7,30;-0,0159;-0,0012;-0,0163;False
7,31;-0,0159;-0,0022;0,0052;False
7,31;-0,0159;-0,0022;0,0052;False
7,32;-0,0159;-0,0022;0,0052;False
7,32;-0,0158;-0,0018;0,0286;False
7,32;-0,0158;-0,0018;0,0286;False
7,33;-0,0158;-0,0018;0,0286;False
7,34;-0,0160;-0,0019;0,0287;False
7,34;-0,0159;-0,0016;0,0544;False
7,35;-0,0159;-0,0016;0,0544;False
7,35;-0,0159;-0,0016;0,0544;False
7,36;-0,0159;-0,0016;0,0544;False
7,36;-0,0157;-0,0013;0,0825;False
7,37;-0,0157;-0,0013;0,0825;False
7,37;-0,0159;-0,0004;0,0820;False
7,38;-0,0159;-0,0004;0,0820;False
7,38;-0,0157;-0,0004;0,1122;False
7,39;-0,0157;-0,0004;0,1122;False
7,39;-0,0157;-0,0004;0,1122;False
7,40;-0,0157;-0,0004;0,1122;False
7,40;-0,0155;-0,0005;0,1445;False
7,41;-0,0152;-0,0007;0,1445;False
7,41;-0,0152;-0,0007;0,1445;False
7,42;-0,0152;-0,0007;0,1445;False
7,42;-0,0150;-0,0007;0,1786;False
7,43;-0,0150;-0,0007;0,1786;False
7,43;-0,0150;-0,0007;0,1786;False
7,44;-0,0150;-0,0007;0,1786;False
7,44;-0,0148;-0,0007;0,2147;False
7,45;-0,0148;-0,0007;0,2147;False
7,45;-0,0148;-0,0007;0,2147;False
7,45;-0,0148;-0,0007;0,2147;False
7,46;-0,0148;-0,0007;0,2147;False
7,47;-0,0145;-0,0007;0,2525;False
7,47;-0,0147;-0,0012;0,2531;False
7,47;-0,0147;-0,0012;0,2531;False
7,48;-0,0147;-0,0012;0,2531;False
7,48;-0,0145;-0,0010;0,2926;False
7,49;-0,0145;-0,0010;0,2926;False
7,49;-0,0145;-0,0010;0,2926;False
7,50;-0,0145;-0,0010;0,2926;False
7,50;-0,0142;-0,0009;0,3336;False
7,51;-0,0142;-0,0009;0,3336;False
7,51;-0,0142;-0,0009;0,3336;False
7,51;-0,0142;-0,0009;0,3336;False
7,52;-0,0142;-0,0009;0,3336;False
7,52;-0,0139;-0,0009;0,3738;False
7,53;-0,0139;-0,0009;0,3738;False
7,54;-0,0139;-0,0009;0,3738;False
7,54;-0,0137;-0,0008;0,4123;False
7,55;-0,0137;-0,0008;0,4123;False
7,55;-0,0137;-0,0008;0,4123;False
7,55;-0,0137;-0,0008;0,4123;False
7,56;-0,0134;-0,0008;0,4513;False
7,57;-0,0134;-0,0008;0,4513;False
7,58;-0,0134;-0,0008;0,4513;False
7,58;-0,0134;-0,0008;0,4513;False
7,58;-0,0131;-0,0008;0,4887;False
7,59;-0,0131;-0,0008;0,4887;False
7,60;-0,0131;-0,0008;0,4887;False
7,60;-0,0129;-0,0007;0,5245;False
7,62;-0,0129;-0,0007;0,5245;False
7,62;-0,0127;-0,0007;0,5588;False
7,63;-0,0127;-0,0007;0,5588;False
7,63;-0,0127;-0,0007;0,5588;False
7,64;-0,0119;-0,0042;0,5918;False
7,65;-0,0119;-0,0042;0,5918;False
7,65;-0,0119;-0,0042;0,5918;False
7,66;-0,0119;-0,0042;0,5918;False
7,66;-0,0117;-0,0031;0,6230;False
7,67;-0,0117;-0,0031;0,6230;False
7,68;-0,0115;-0,0009;0,6522;False
7,69;-0,0115;-0,0009;0,6522;False
7,70;-0,0115;-0,0009;0,6522;False
7,70;-0,0113;-0,0007;0,6802;False
7,72;-0,0113;-0,0007;0,6802;False
7,72;-0,0112;-0,0005;0,7070;False
7,73;-0,0112;-0,0005;0,7070;False
7,74;-0,0110;-0,0003;0,7327;True
7,77;-0,0112;0,0007;0,7574;False
7,78;-0,0105;-0,0006;0,7806;False
7,79;-0,0105;-0,0006;0,7806;False
7,80;-0,0105;-0,0006;0,7806;False
7,81;-0,0103;-0,0005;0,8027;False
7,82;-0,0102;-0,0005;0,8239;False
7,83;-0,0102;-0,0005;0,8239;False
7,84;-0,0089;-0,0044;0,8251;False
7,85;-0,0088;-0,0032;0,8453;False
7,85;-0,0088;-0,0032;0,8453;False
7,86;-0,0088;-0,0032;0,8453;False
7,87;-0,0093;-0,0011;0,8632;False
7,87;-0,0093;-0,0011;0,8632;False
7,88;-0,0093;-0,0011;0,8632;False
7,88;-0,0092;-0,0008;0,8814;False
7,89;-0,0092;-0,0008;0,8814;False
7,90;-0,0092;-0,0008;0,8814;False
7,91;-0,0090;-0,0005;0,8988;False
7,91;-0,0090;-0,0005;0,8988;False
7,92;-0,0090;-0,0005;0,8988;False
7,92;-0,0089;-0,0003;0,9155;False
7,93;-0,0089;-0,0003;0,9155;False
7,94;-0,0088;-0,0002;0,9316;False
7,95;-0,0088;-0,0002;0,9316;False
7,95;-0,0088;-0,0002;0,9316;False
7,97;-0,0087;0,0026;0,9463;False
7,97;-0,0087;0,0026;0,9463;False
7,98;-0,0087;0,0026;0,9463;False
7,98;-0,0086;0,0018;0,9607;False
7,99;-0,0086;0,0018;0,9607;False
8,00;-0,0086;0,0018;0,9607;False
8,00;-0,0085;0,0011;0,9745;False
8,01;-0,0085;0,0011;0,9745;False
8,02;-0,0084;0,0005;0,9878;False
8,03;-0,0084;0,0005;0,9878;False
8,04;-0,0084;0,0005;0,9878;False
8,05;-0,0083;0,0000;1,0005;False
8,05;-0,0083;0,0000;1,0005;False
8,06;-0,0082;-0,0004;1,0127;False
8,07;-0,0082;-0,0004;1,0127;False
8,08;-0,0081;-0,0006;1,0241;False
8,09;-0,0081;-0,0006;1,0241;False
8,10;-0,0081;-0,0006;1,0241;False
8,11;-0,0080;-0,0009;1,0356;False
8,12;-0,0079;-0,0010;1,0470;False
8,13;-0,0079;-0,0010;1,0470;False
8,14;-0,0079;-0,0010;1,0470;False
8,15;-0,0078;-0,0011;1,0585;False
8,15;-0,0078;-0,0011;1,0585;False
8,16;-0,0078;-0,0011;1,0585;False
8,16;-0,0077;-0,0012;1,0704;False
8,17;-0,0077;-0,0012;1,0704;False
8,17;-0,0077;-0,0012;1,0704;False
8,18;-0,0077;-0,0012;1,0704;False
8,18;-0,0076;-0,0012;1,0822;False
8,19;-0,0076;-0,0012;1,0822;False
8,19;-0,0076;-0,0012;1,0822;False
8,20;-0,0076;-0,0012;1,0822;False
8,20;-0,0076;-0,0012;1,0931;False
8,21;-0,0061;-0,0050;1,0936;False
8,21;-0,0061;-0,0050;1,0936;False
8,21;-0,0061;-0,0050;1,0936;False
8,22;-0,0061;-0,0050;1,0936;False
8,22;-0,0060;-0,0038;1,1048;False
8,23;-0,0060;-0,0038;1,1048;False
8,23;-0,0060;-0,0038;1,1048;False
8,24;-0,0060;-0,0038;1,1048;False
8,24;-0,0059;-0,0028;1,1151;False
8,25;-0,0059;-0,0028;1,1151;False
8,26;-0,0059;-0,0028;1,1151;False
8,26;-0,0058;-0,0021;1,1245;False
8,27;-0,0069;-0,0019;1,1244;False
8,27;-0,0069;-0,0019;1,1244;False
8,28;-0,0068;-0,0013;1,1327;False
8,29;-0,0068;-0,0013;1,1327;False
8,29;-0,0068;-0,0013;1,1327;False
8,30;-0,0047;-0,0012;1,1406;False
8,31;-0,0047;-0,0012;1,1406;False
8,31;-0,0047;-0,0012;1,1406;False
8,32;-0,0046;-0,0008;1,1461;False
8,33;-0,0046;-0,0008;1,1461;False
8,33;-0,0046;-0,0008;1,1461;False
8,34;-0,0046;-0,0008;1,1461;False
8,35;-0,0046;-0,0006;1,1501;False
8,36;-0,0046;-0,0006;1,1501;False
8,37;-0,0046;-0,0004;1,1526;False
8,37;-0,0046;-0,0004;1,1526;False
8,38;-0,0046;-0,0004;1,1526;False
8,39;-0,0046;-0,0003;1,1531;False
8,40;-0,0046;-0,0003;1,1531;False
8,40;-0,0046;-0,0002;1,1521;False
8,42;-0,0049;0,0039;1,1524;False
8,43;-0,0049;0,0026;1,1496;False
8,43;-0,0049;0,0026;1,1496;False
8,44;-0,0050;0,0016;1,1446;False
8,45;-0,0050;0,0016;1,1446;False
8,46;-0,0050;0,0016;1,1446;False
8,47;-0,0050;0,0008;1,1371;False
8,48;-0,0050;0,0008;1,1371;False
8,49;-0,0051;0,0001;1,1267;False
8,50;-0,0051;0,0001;1,1267;False
8,51;-0,0053;-0,0004;1,1136;False
8,52;-0,0053;-0,0004;1,1136;False
8,52;-0,0054;-0,0008;1,0977;False
8,53;-0,0054;-0,0008;1,0977;False
8,54;-0,0055;-0,0011;1,0820;False
8,55;-0,0055;-0,0011;1,0820;False
8,56;-0,0057;-0,0013;1,0670;False
8,57;-0,0057;-0,0013;1,0670;False
8,58;-0,0057;-0,0013;1,0670;False
8,58;-0,0058;-0,0014;1,0526;False
8,59;-0,0058;-0,0014;1,0526;False
8,60;-0,0058;-0,0014;1,0526;False
8,61;-0,0059;-0,0014;1,0388;False
8,61;-0,0059;-0,0014;1,0388;False
8,62;-0,0059;-0,0014;1,0388;False
8,62;-0,0060;-0,0015;1,0255;False
8,63;-0,0060;-0,0015;1,0255;False
8,64;-0,0060;-0,0015;1,0255;False
8,64;-0,0061;-0,0014;1,0118;False
8,65;-0,0061;-0,0014;1,0118;False
8,65;-0,0061;-0,0014;1,0118;False
8,66;-0,0061;-0,0014;1,0118;False
8,67;-0,0063;-0,0014;0,9945;False
8,67;-0,0063;-0,0014;0,9945;False
8,68;-0,0063;-0,0014;0,9945;False
8,68;-0,0064;-0,0014;0,9774;False
8,69;-0,0064;-0,0014;0,9774;False
8,69;-0,0064;-0,0014;0,9774;False
8,70;-0,0066;-0,0013;0,9610;False
8,71;-0,0066;-0,0013;0,9610;False
8,71;-0,0066;-0,0013;0,9610;False
8,72;-0,0066;-0,0013;0,9610;False
8,72;-0,0067;-0,0012;0,9452;False
8,73;-0,0067;-0,0012;0,9452;False
8,74;-0,0067;-0,0012;0,9452;False
8,74;-0,0068;-0,0012;0,9301;False
8,75;-0,0068;-0,0012;0,9301;False
8,76;-0,0068;-0,0012;0,9301;False
8,77;-0,0070;-0,0011;0,9157;False
8,77;-0,0070;-0,0011;0,9157;False
8,77;-0,0070;-0,0011;0,9157;False
8,78;-0,0071;-0,0011;0,9018;False
8,79;-0,0071;-0,0011;0,9018;False
8,79;-0,0071;-0,0011;0,9018;False
8,79;-0,0071;-0,0011;0,9018;False
8,80;-0,0071;-0,0011;0,9018;False
8,80;-0,0072;-0,0010;0,8885;False
8,81;-0,0072;-0,0010;0,8885;False
8,82;-0,0072;-0,0010;0,8885;False
8,82;-0,0073;-0,0010;0,8747;False
8,82;-0,0073;-0,0010;0,8747;False
8,83;-0,0073;-0,0010;0,8747;False
8,83;-0,0073;-0,0010;0,8747;False
8,84;-0,0075;-0,0010;0,8574;False
8,85;-0,0075;-0,0010;0,8574;False
8,85;-0,0075;-0,0010;0,8574;False
8,86;-0,0075;-0,0010;0,8574;False
8,86;-0,0076;-0,0009;0,8402;False
8,87;-0,0076;-0,0009;0,8402;False
8,87;-0,0076;-0,0009;0,8402;False
8,88;-0,0076;-0,0009;0,8402;False
8,88;-0,0077;-0,0009;0,8238;False
8,89;-0,0077;-0,0009;0,8238;False
8,89;-0,0077;-0,0009;0,8238;False
8,90;-0,0077;-0,0009;0,8238;False
8,91;-0,0079;-0,0009;0,8080;False
8,91;-0,0106;0,0009;0,8074;False
8,92;-0,0106;0,0009;0,8074;False
8,92;-0,0106;0,0009;0,8074;False
8,92;-0,0107;0,0004;0,7923;False
8,93;-0,0107;0,0004;0,7923;False
8,94;-0,0107;0,0004;0,7923;False
8,95;-0,0108;0,0000;0,7777;False
8,95;-0,0108;0,0000;0,7777;False
8,96;-0,0108;0,0000;0,7777;False
8,96;-0,0108;-0,0004;0,7638;False
8,97;-0,0108;-0,0004;0,7638;False
8,97;-0,0106;0,0004;0,7642;False
8,98;-0,0106;0,0004;0,7642;False
8,98;-0,0107;-0,0001;0,7509;False
8,99;-0,0107;-0,0001;0,7509;False
8,99;-0,0107;-0,0001;0,7509;False
9,00;-0,0108;-0,0005;0,7370;False
9,01;-0,0108;-0,0005;0,7370;False
9,01;-0,0108;-0,0005;0,7370;False
9,01;-0,0108;-0,0005;0,7370;False
9,02;-0,0108;-0,0005;0,7370;False
9,02;-0,0109;-0,0008;0,7224;False
9,03;-0,0109;-0,0008;0,7224;False
9,03;-0,0109;-0,0008;0,7224;False
9,04;-0,0109;-0,0008;0,7224;False
9,04;-0,0109;-0,0010;0,7084;False
9,05;-0,0109;-0,0010;0,7084;False
9,05;-0,0109;-0,0010;0,7084;False
9,06;-0,0109;-0,0010;0,7084;False
9,06;-0,0110;-0,0011;0,6950;False
9,07;-0,0110;-0,0011;0,6950;False
9,07;-0,0110;-0,0011;0,6950;False
9,08;-0,0110;-0,0011;0,6950;False
9,08;-0,0110;-0,0011;0,6950;False
9,08;-0,0111;-0,0012;0,6811;False
9,09;-0,0111;-0,0012;0,6811;False
9,10;-0,0111;-0,0012;0,6811;False
9,10;-0,0111;-0,0013;0,6665;False
9,11;-0,0111;-0,0013;0,6665;False
9,11;-0,0111;-0,0013;0,6665;False
9,11;-0,0111;-0,0013;0,6665;False
9,12;-0,0111;-0,0013;0,6665;False
9,12;-0,0112;-0,0013;0,6525;False
9,14;-0,0112;-0,0013;0,6525;False
9,15;-0,0113;-0,0013;0,6390;False
9,15;-0,0113;-0,0013;0,6390;False
9,16;-0,0114;-0,0013;0,6251;False
9,17;-0,0114;-0,0013;0,6251;False
9,18;-0,0114;-0,0013;0,6251;False
9,18;-0,0114;-0,0012;0,6105;False
9,19;-0,0114;-0,0012;0,6105;False
9,20;-0,0114;-0,0012;0,6105;False
9,20;-0,0115;-0,0012;0,5964;False
9,21;-0,0115;-0,0012;0,5964;False
9,22;-0,0115;-0,0012;0,5964;False
9,22;-0,0116;-0,0012;0,5830;False
9,23;-0,0116;-0,0012;0,5830;False
9,24;-0,0116;-0,0012;0,5830;False
9,25;-0,0116;-0,0011;0,5690;False
9,25;-0,0116;-0,0011;0,5690;False
9,25;-0,0116;-0,0011;0,5690;False
9,26;-0,0116;-0,0011;0,5690;False
9,26;-0,0117;-0,0011;0,5544;False
9,27;-0,0117;-0,0011;0,5544;False
9,27;-0,0117;-0,0011;0,5544;False
9,28;-0,0116;0,0001;0,5546;False
9,28;-0,0117;-0,0002;0,5406;False
9,29;-0,0117;-0,0002;0,5406;False
9,29;-0,0117;-0,0002;0,5406;False
9,29;-0,0117;-0,0002;0,5406;False
9,30;-0,0117;-0,0002;0,5406;False
9,31;-0,0118;-0,0005;0,5274;False
9,31;-0,0118;-0,0005;0,5274;False
9,31;-0,0118;-0,0005;0,5274;False
9,32;-0,0118;-0,0005;0,5274;False
9,32;-0,0118;-0,0007;0,5148;False
9,33;-0,0118;-0,0007;0,5148;False
9,33;-0,0118;-0,0007;0,5148;False
9,34;-0,0118;-0,0007;0,5148;False
9,34;-0,0119;-0,0008;0,5027;False
9,35;-0,0119;-0,0008;0,5027;False
9,35;-0,0119;-0,0008;0,5027;False
9,36;-0,0120;-0,0009;0,4911;False
9,37;-0,0120;-0,0009;0,4911;False
9,37;-0,0120;-0,0009;0,4911;False
9,38;-0,0120;-0,0009;0,4911;False
9,38;-0,0121;-0,0010;0,4800;False
9,39;-0,0121;-0,0010;0,4800;False
9,39;-0,0121;-0,0010;0,4800;False
9,40;-0,0123;-0,0010;0,4696;False
9,41;-0,0123;-0,0010;0,4696;False
9,41;-0,0123;-0,0010;0,4696;False
9,42;-0,0123;-0,0010;0,4696;False
9,42;-0,0127;-0,0010;0,4596;False
9,43;-0,0127;-0,0010;0,4596;False
9,43;-0,0127;-0,0010;0,4596;False
9,44;-0,0127;-0,0010;0,4596;False
9,44;-0,0131;-0,0011;0,4500;False
9,45;-0,0131;-0,0011;0,4500;False
9,45;-0,0131;-0,0011;0,4500;False
9,46;-0,0131;-0,0011;0,4500;False
9,46;-0,0135;-0,0010;0,4409;False
9,47;-0,0135;-0,0010;0,4409;False
9,47;-0,0135;-0,0010;0,4409;False
9,48;-0,0135;-0,0010;0,4409;False
9,48;-0,0140;-0,0010;0,4321;False
9,49;-0,0140;-0,0010;0,4321;False
9,49;-0,0140;-0,0010;0,4321;False
9,50;-0,0140;-0,0010;0,4321;False
9,50;-0,0145;-0,0010;0,4239;False
9,51;-0,0145;-0,0010;0,4239;False
9,51;-0,0145;-0,0010;0,4239;False
9,52;-0,0145;-0,0010;0,4239;False
9,52;-0,0150;-0,0010;0,4161;False
9,53;-0,0150;-0,0010;0,4161;False
9,53;-0,0149;-0,0007;0,4158;False
9,54;-0,0149;-0,0007;0,4158;False
9,54;-0,0155;-0,0008;0,4083;False
9,55;-0,0155;-0,0008;0,4083;False
9,55;-0,0155;-0,0008;0,4083;False
9,55;-0,0155;-0,0008;0,4083;False
9,56;-0,0160;-0,0008;0,4011;False
9,57;-0,0160;-0,0008;0,4011;False
9,57;-0,0160;-0,0008;0,4011;False
9,58;-0,0160;-0,0008;0,4011;False
9,58;-0,0165;-0,0009;0,3943;False
9,59;-0,0165;-0,0009;0,3943;False
9,59;-0,0165;-0,0009;0,3943;False
9,59;-0,0165;-0,0009;0,3943;False
9,60;-0,0165;-0,0009;0,3943;False
9,60;-0,0169;-0,0009;0,3879;False
9,61;-0,0169;-0,0009;0,3879;False
9,62;-0,0169;-0,0009;0,3879;False
9,62;-0,0173;-0,0009;0,3817;False
9,63;-0,0173;-0,0009;0,3817;False
9,63;-0,0173;-0,0009;0,3817;False
9,64;-0,0177;-0,0009;0,3758;False
9,65;-0,0177;-0,0009;0,3758;False
9,66;-0,0177;-0,0009;0,3758;False
9,66;-0,0179;-0,0009;0,3702;False
9,67;-0,0179;-0,0009;0,3702;False
9,67;-0,0179;-0,0009;0,3702;False
9,68;-0,0179;-0,0009;0,3702;False
9,68;-0,0181;-0,0009;0,3648;False
9,69;-0,0181;-0,0009;0,3648;False
9,69;-0,0181;-0,0009;0,3648;False
9,70;-0,0182;-0,0009;0,3597;False
9,71;-0,0182;-0,0009;0,3597;False
9,72;-0,0182;-0,0009;0,3597;False
9,72;-0,0182;-0,0009;0,3549;False
9,73;-0,0182;-0,0009;0,3549;False
9,73;-0,0182;-0,0009;0,3549;False
9,74;-0,0182;-0,0009;0,3502;False
9,75;-0,0182;-0,0009;0,3502;False
9,76;-0,0182;-0,0009;0,3502;False
9,76;-0,0181;-0,0009;0,3458;False
9,78;-0,0181;-0,0009;0,3458;False
9,78;-0,0180;-0,0009;0,3415;False
9,79;-0,0180;-0,0009;0,3415;False
9,79;-0,0180;-0,0009;0,3415;False
9,80;-0,0180;-0,0009;0,3415;False
9,81;-0,0181;-0,0009;0,3418;False
9,82;-0,0181;-0,0009;0,3418;False
9,82;-0,0181;-0,0009;0,3416;False
9,83;-0,0181;-0,0009;0,3416;False
9,84;-0,0181;-0,0009;0,3414;False
9,85;-0,0181;-0,0009;0,3414;False
9,86;-0,0181;-0,0009;0,3414;False
9,86;-0,0181;-0,0009;0,3412;False
9,87;-0,0181;-0,0009;0,3412;False
9,88;-0,0181;-0,0009;0,3410;False
9,89;-0,0181;-0,0009;0,3410;False
9,89;-0,0181;-0,0009;0,3410;False
9,90;-0,0181;-0,0009;0,3410;False
9,90;-0,0180;-0,0009;0,3408;False
9,91;-0,0180;-0,0009;0,3408;False
9,92;-0,0180;-0,0009;0,3408;False
9,92;-0,0180;-0,0009;0,3407;False
9,93;-0,0180;-0,0009;0,3407;False
9,94;-0,0180;-0,0009;0,3407;False
9,94;-0,0180;-0,0009;0,3405;False
9,95;-0,0180;-0,0009;0,3405;False
9,95;-0,0180;-0,0009;0,3405;False
9,96;-0,0180;-0,0009;0,3405;False
9,97;-0,0180;-0,0009;0,3404;False
9,97;-0,0180;-0,0009;0,3404;False
9,98;-0,0180;-0,0009;0,3404;False
9,98;-0,0180;-0,0009;0,3402;False
9,99;-0,0180;-0,0009;0,3402;False
9,99;-0,0180;-0,0009;0,3402;False
9,99;-0,0180;-0,0009;0,3402;False
10,00;-0,0180;-0,0009;0,3402;False
10,00;-0,0179;-0,0009;0,3401;False
10,01;-0,0179;-0,0009;0,3401;False
10,01;-0,0179;-0,0009;0,3401;False
10,02;-0,0179;-0,0009;0,3401;False
10,02;-0,0179;-0,0008;0,3399;False
10,03;-0,0179;-0,0008;0,3399;False
10,03;-0,0179;-0,0008;0,3399;False
10,04;-0,0179;-0,0008;0,3399;False
10,04;-0,0179;-0,0008;0,3398;False
10,05;-0,0179;-0,0008;0,3398;False
10,06;-0,0179;-0,0008;0,3398;False
10,06;-0,0179;-0,0008;0,3397;False
10,07;-0,0179;-0,0008;0,3397;False
10,07;-0,0179;-0,0008;0,3397;False
10,08;-0,0179;-0,0008;0,3397;False
10,08;-0,0178;-0,0008;0,3395;False
10,09;-0,0178;-0,0008;0,3395;False
10,09;-0,0178;-0,0008;0,3395;False
10,10;-0,0178;-0,0008;0,3395;False
10,10;-0,0178;-0,0008;0,3395;False
10,11;-0,0178;-0,0013;0,3394;False
10,11;-0,0178;-0,0013;0,3394;False
10,12;-0,0178;-0,0013;0,3394;False
10,12;-0,0178;-0,0012;0,3393;False
10,13;-0,0178;-0,0012;0,3393;False
10,14;-0,0177;-0,0011;0,3392;False
10,15;-0,0177;-0,0011;0,3392;False
10,16;-0,0177;-0,0011;0,3392;False
10,16;-0,0177;-0,0010;0,3391;False
10,17;-0,0177;-0,0010;0,3391;False
10,18;-0,0177;-0,0010;0,3391;False
10,19;-0,0177;-0,0009;0,3390;False
10,19;-0,0177;-0,0009;0,3390;False
10,20;-0,0177;-0,0009;0,3390;False
10,21;-0,0177;-0,0008;0,3389;False
10,21;-0,0177;-0,0008;0,3389;False
10,22;-0,0177;-0,0008;0,3389;False
10,22;-0,0176;-0,0008;0,3388;False
10,23;-0,0176;-0,0008;0,3388;False
10,24;-0,0176;-0,0008;0,3388;False
10,24;-0,0176;-0,0008;0,3387;False
10,25;-0,0176;-0,0008;0,3387;False
10,25;-0,0176;-0,0008;0,3387;False
10,26;-0,0176;-0,0008;0,3387;False
10,26;-0,0176;-0,0008;0,3386;False
10,27;-0,0176;-0,0008;0,3386;False
10,27;-0,0176;-0,0008;0,3386;False
10,28;-0,0176;-0,0008;0,3386;False
10,28;-0,0176;-0,0007;0,3386;False
10,29;-0,0176;-0,0007;0,3386;False
10,29;-0,0176;-0,0007;0,3386;False
10,30;-0,0176;-0,0007;0,3386;False
10,30;-0,0173;-0,0007;0,3371;False
10,31;-0,0173;-0,0007;0,3371;False
10,31;-0,0173;-0,0007;0,3371;False
10,32;-0,0173;-0,0007;0,3371;False
10,32;-0,0164;-0,0007;0,3333;False
10,34;-0,0164;-0,0007;0,3333;False
10,34;-0,0150;-0,0008;0,3268;False
10,35;-0,0150;-0,0008;0,3268;False
10,35;-0,0150;-0,0008;0,3268;False
10,36;-0,0129;-0,0008;0,3172;False
10,37;-0,0129;-0,0008;0,3172;False
10,38;-0,0129;-0,0008;0,3172;False
10,38;-0,0102;-0,0008;0,3048;False
10,39;-0,0102;-0,0008;0,3048;False
10,39;-0,0102;-0,0008;0,3048;False
10,40;-0,0102;-0,0008;0,3048;False
10,40;-0,0068;-0,0008;0,2893;False
10,41;-0,0068;-0,0008;0,2893;False
10,42;-0,0034;-0,0008;0,2739;False
10,43;-0,0034;-0,0008;0,2739;False
10,43;-0,0034;-0,0008;0,2739;False
10,44;-0,0034;-0,0008;0,2739;False
10,45;-0,0002;-0,0008;0,2592;False
10,46;-0,0002;-0,0008;0,2592;False
10,46;0,0030;-0,0008;0,2451;False
10,47;0,0030;-0,0008;0,2451;False
10,48;0,0030;-0,0008;0,2451;False
10,48;0,0060;-0,0008;0,2316;False
10,49;0,0060;-0,0008;0,2316;False
10,49;0,0060;-0,0008;0,2316;False
10,49;0,0060;-0,0008;0,2316;False
10,50;0,0060;-0,0008;0,2316;False
10,51;0,0089;-0,0008;0,2187;False
10,51;0,0089;-0,0008;0,2187;False
10,52;0,0089;-0,0008;0,2187;False
10,52;0,0119;-0,0008;0,2053;False
10,53;0,0119;-0,0008;0,2053;False
10,54;0,0157;-0,0008;0,1884;False
10,55;0,0157;-0,0008;0,1884;False
10,55;0,0157;-0,0008;0,1884;False
10,56;0,0157;-0,0008;0,1884;False
10,56;0,0195;-0,0008;0,1717;False
10,57;0,0195;-0,0008;0,1717;False
10,58;0,0195;-0,0008;0,1717;False
10,58;0,0231;-0,0008;0,1557;False
10,59;0,0231;-0,0008;0,1557;False
10,60;0,0231;-0,0008;0,1557;False
10,60;0,0266;-0,0008;0,1403;False
10,61;0,0266;-0,0008;0,1403;False
10,62;0,0266;-0,0008;0,1403;False
10,62;0,0300;-0,0008;0,1256;False
10,63;0,0300;-0,0008;0,1256;False
10,64;0,0300;-0,0008;0,1256;False
10,64;0,0333;-0,0008;0,1115;False
10,65;0,0333;-0,0008;0,1115;False
10,65;0,0333;-0,0008;0,1115;False
10,66;0,0333;-0,0008;0,1115;False
10,66;0,0363;-0,0008;0,0983;False
10,68;0,0393;-0,0008;0,0856;False
10,70;0,0393;-0,0008;0,0856;False
10,71;0,0421;-0,0008;0,0735;False
10,72;0,0421;-0,0008;0,0735;False
10,72;0,0449;-0,0008;0,0619;False
10,73;0,0449;-0,0008;0,0619;False
10,74;0,0475;-0,0008;0,0507;False
10,75;0,0475;-0,0008;0,0507;False
10,76;0,0475;-0,0008;0,0507;False
10,77;0,0500;-0,0008;0,0403;False
10,77;0,0500;-0,0008;0,0403;False
10,78;0,0523;-0,0008;0,0303;False
10,79;0,0523;-0,0008;0,0303;False
10,79;0,0523;-0,0008;0,0303;False
10,80;0,0523;-0,0008;0,0303;False
10,80;0,0546;-0,0008;0,0207;False
10,81;0,0546;-0,0008;0,0207;False
10,81;0,0546;-0,0008;0,0207;False
10,82;0,0568;-0,0008;0,0115;False
10,83;0,0568;-0,0008;0,0115;False
10,83;0,0568;-0,0008;0,0115;False
10,83;0,0568;-0,0008;0,0115;False
10,84;0,0589;-0,0008;0,0027;False
10,85;0,0589;-0,0008;0,0027;False
10,85;0,0589;-0,0008;0,0027;False
10,86;0,0589;-0,0008;0,0027;False
10,86;0,0589;-0,0008;0,0027;False
10,87;0,0608;-0,0008;-0,0056;False
10,87;0,0608;-0,0008;-0,0056;False
10,88;0,0608;-0,0008;-0,0056;False
10,88;0,0625;-0,0008;-0,0136;False
10,89;0,0625;-0,0008;-0,0136;False
10,89;0,0625;-0,0008;-0,0136;False
10,90;0,0625;-0,0008;-0,0136;False
10,90;0,0641;-0,0008;-0,0212;False
10,91;0,0641;-0,0008;-0,0212;False
10,91;0,0641;-0,0008;-0,0212;False
10,92;0,0641;-0,0008;-0,0212;False
10,92;0,0655;-0,0008;-0,0285;False
10,93;0,0655;-0,0008;-0,0285;False
10,93;0,0655;-0,0008;-0,0285;False
10,94;0,0655;-0,0008;-0,0285;False
10,94;0,0669;-0,0008;-0,0356;False
10,95;0,0669;-0,0008;-0,0356;False
10,96;0,0669;-0,0008;-0,0356;False
10,96;0,0669;-0,0008;-0,0356;False
10,96;0,0681;-0,0008;-0,0422;False
10,97;0,0681;-0,0008;-0,0422;False
10,98;0,0692;-0,0008;-0,0485;False
10,99;0,0692;-0,0008;-0,0485;False
10,99;0,0692;-0,0008;-0,0485;False
11,00;0,0692;-0,0008;-0,0485;False
11,00;0,0702;-0,0008;-0,0546;False
11,01;0,0702;-0,0008;-0,0546;False
11,02;0,0702;-0,0008;-0,0546;False
11,02;0,0712;-0,0008;-0,0604;False
11,03;0,0712;-0,0008;-0,0604;False
11,04;0,0712;-0,0008;-0,0604;False
11,04;0,0721;-0,0008;-0,0659;False
11,05;0,0721;-0,0008;-0,0659;False
11,05;0,0721;-0,0008;-0,0659;False
11,06;0,0721;-0,0008;-0,0659;False
11,07;0,0730;-0,0008;-0,0711;False
11,07;0,0730;-0,0008;-0,0711;False
11,08;0,0730;-0,0008;-0,0711;False
11,08;0,0738;-0,0008;-0,0761;False
11,09;0,0738;-0,0008;-0,0761;False
11,09;0,0738;-0,0008;-0,0761;False
11,10;0,0746;-0,0008;-0,0808;False
11,11;0,0746;-0,0008;-0,0808;False
11,12;0,0746;-0,0008;-0,0808;False
11,12;0,0755;-0,0008;-0,0854;False
11,13;0,0755;-0,0008;-0,0854;False
11,13;0,0755;-0,0008;-0,0854;False
11,14;0,0755;-0,0008;-0,0854;False
11,14;0,0764;-0,0008;-0,0897;False
11,15;0,0764;-0,0008;-0,0897;False
11,16;0,0764;-0,0008;-0,0897;False
11,17;0,0764;-0,0008;-0,0899;False
11,18;0,0764;-0,0008;-0,0899;False
11,19;0,0765;-0,0008;-0,0901;False
11,19;0,0765;-0,0008;-0,0901;False
11,19;0,0765;-0,0008;-0,0901;False
11,20;0,0765;-0,0008;-0,0902;False
11,21;0,0765;-0,0008;-0,0902;False
11,22;0,0765;-0,0008;-0,0902;False
11,22;0,0766;-0,0008;-0,0904;False
11,23;0,0766;-0,0008;-0,0904;False
11,23;0,0766;-0,0008;-0,0904;False
11,24;0,0766;-0,0008;-0,0904;False
11,24;0,0766;-0,0008;-0,0905;False
11,25;0,0766;-0,0008;-0,0905;False
11,25;0,0766;-0,0008;-0,0905;False
11,26;0,0766;-0,0008;-0,0905;False
11,26;0,0767;-0,0008;-0,0907;False
11,27;0,0767;-0,0008;-0,0907;False
11,28;0,0767;-0,0008;-0,0907;False
11,28;0,0767;-0,0008;-0,0908;False
11,29;0,0767;-0,0008;-0,0908;False
11,29;0,0767;-0,0008;-0,0908;False
11,30;0,0767;-0,0008;-0,0908;False
11,31;0,0768;-0,0008;-0,0909;False
11,31;0,0768;-0,0008;-0,0909;False
11,32;0,0768;-0,0008;-0,0911;False
11,33;0,0768;-0,0008;-0,0911;False
11,33;0,0768;-0,0008;-0,0911;False
11,35;0,0768;-0,0008;-0,0912;False
11,35;0,0768;-0,0008;-0,0912;False
11,36;0,0768;-0,0008;-0,0912;False
11,36;0,0769;-0,0008;-0,0913;False
11,37;0,0771;-0,0021;-0,0902;False
11,38;0,0771;-0,0021;-0,0902;False
11,39;0,0771;-0,0017;-0,0903;False
11,39;0,0771;-0,0017;-0,0903;False
11,40;0,0771;-0,0017;-0,0903;False
11,41;0,0772;-0,0014;-0,0904;False
11,42;0,0772;-0,0014;-0,0904;False
11,42;0,0772;-0,0011;-0,0905;False
11,43;0,0772;-0,0011;-0,0905;False
11,44;0,0772;-0,0011;-0,0905;False
11,44;0,0772;-0,0010;-0,0906;False
11,45;0,0772;-0,0010;-0,0906;False
11,45;0,0772;-0,0010;-0,0906;False
11,46;0,0772;-0,0010;-0,0906;False
11,47;0,0773;-0,0008;-0,0907;False
11,48;0,0773;-0,0008;-0,0907;False
11,48;0,0773;-0,0007;-0,0908;False
11,49;0,0773;-0,0007;-0,0908;False
11,49;0,0773;-0,0007;-0,0908;False
11,50;0,0773;-0,0007;-0,0908;False
11,50;0,0773;-0,0007;-0,0909;False
11,51;0,0773;-0,0007;-0,0909;False
11,51;0,0773;-0,0007;-0,0909;False
11,52;0,0774;-0,0006;-0,0910;False
11,53;0,0774;-0,0006;-0,0910;False
11,53;0,0774;-0,0006;-0,0910;False
11,54;0,0774;-0,0006;-0,0910;False
11,54;0,0774;-0,0006;-0,0910;False
11,55;0,0774;-0,0006;-0,0910;False
11,55;0,0774;-0,0006;-0,0910;False
11,56;0,0774;-0,0005;-0,0908;False
11,57;0,0774;-0,0005;-0,0908;False
11,57;0,0774;-0,0005;-0,0908;False
11,57;0,0774;-0,0005;-0,0908;False
11,58;0,0774;-0,0005;-0,0908;False
11,58;0,0774;-0,0006;-0,0908;False
11,59;0,0774;-0,0006;-0,0908;False
11,59;0,0774;-0,0006;-0,0908;False
11,60;0,0774;-0,0006;-0,0908;False
11,60;0,0774;-0,0006;-0,0909;False
11,61;0,0774;-0,0006;-0,0909;False
11,62;0,0774;-0,0006;-0,0909;False
11,62;0,0780;-0,0006;-0,0923;False
11,63;0,0780;-0,0006;-0,0923;False
11,63;0,0780;-0,0006;-0,0923;False
11,63;0,0780;-0,0006;-0,0923;False
11,64;0,0793;-0,0018;-0,0939;False
11,65;0,0793;-0,0018;-0,0939;False
11,65;0,0793;-0,0018;-0,0939;False
11,65;0,0793;-0,0018;-0,0939;False
11,66;0,0793;-0,0018;-0,0939;False
11,66;0,0810;-0,0014;-0,0981;False
11,68;0,0807;0,0013;-0,0998;False
11,68;0,0828;0,0007;-0,1053;False
11,69;0,0828;0,0007;-0,1053;False
11,69;0,0828;0,0007;-0,1053;False
11,70;0,0851;0,0002;-0,1114;False
11,71;0,0849;0,0017;-0,1124;False
11,72;0,0849;0,0017;-0,1124;False
11,72;0,0849;0,0017;-0,1124;False
11,72;0,0875;0,0009;-0,1194;False
11,73;0,0875;0,0009;-0,1194;False
11,74;0,0875;0,0009;-0,1194;False
11,74;0,0904;0,0002;-0,1267;False
11,75;0,0904;0,0002;-0,1267;False
11,75;0,0904;0,0002;-0,1267;False
11,76;0,0904;0,0002;-0,1267;False
11,76;0,0932;-0,0003;-0,1341;False
11,77;0,0932;-0,0003;-0,1341;False
11,77;0,0932;-0,0003;-0,1341;False
11,78;0,0932;-0,0003;-0,1341;False
11,78;0,0961;-0,0007;-0,1417;False
11,79;0,0961;-0,0007;-0,1417;False
11,79;0,0961;-0,0007;-0,1417;False
11,80;0,0961;-0,0007;-0,1417;False
11,80;0,0989;-0,0010;-0,1490;False
11,81;0,0989;-0,0010;-0,1490;False
11,81;0,0989;-0,0010;-0,1490;False
11,82;0,0989;-0,0010;-0,1490;False
11,82;0,1015;-0,0011;-0,1559;False
11,83;0,1015;-0,0011;-0,1559;False
11,83;0,1015;-0,0011;-0,1559;False
11,84;0,1013;-0,0016;-0,1553;False
11,84;0,1013;-0,0016;-0,1553;False
11,84;0,1037;-0,0015;-0,1616;False
11,85;0,1037;-0,0015;-0,1616;False
11,85;0,1037;-0,0015;-0,1616;False
11,86;0,1037;-0,0015;-0,1616;False
11,86;0,1054;-0,0003;-0,1675;False
11,87;0,1054;-0,0003;-0,1675;False
11,87;0,1054;-0,0003;-0,1675;False
11,87;0,1054;-0,0003;-0,1675;False
11,88;0,1054;-0,0003;-0,1675;False
11,88;0,1071;-0,0003;-0,1720;False
11,89;0,1071;-0,0003;-0,1720;False
11,89;0,1071;-0,0003;-0,1720;False
11,90;0,1071;-0,0003;-0,1720;False
11,90;0,1086;-0,0002;-0,1761;False
11,91;0,1086;-0,0002;-0,1761;False
11,91;0,1086;-0,0002;-0,1761;False
11,92;0,1086;-0,0002;-0,1761;False
11,92;0,1097;-0,0002;-0,1789;False
11,93;0,1097;-0,0002;-0,1789;False
11,93;0,1097;-0,0002;-0,1789;False
11,94;0,1097;-0,0002;-0,1789;False
11,94;0,1097;-0,0002;-0,1789;False
11,94;0,1103;-0,0001;-0,1806;False
11,95;0,1103;-0,0001;-0,1806;False
11,95;0,1103;-0,0001;-0,1806;False
11,96;0,1103;-0,0001;-0,1806;False
11,96;0,1104;0,0000;-0,1809;False
11,97;0,1104;0,0000;-0,1809;False
11,97;0,1104;0,0000;-0,1809;False
11,98;0,1104;0,0000;-0,1809;False
11,98;0,1100;0,0000;-0,1796;False
11,99;0,1100;0,0000;-0,1796;False
11,99;0,1100;0,0000;-0,1796;False
12,00;0,1100;0,0000;-0,1796;False
12,00;0,1089;0,0000;-0,1768;False
12,01;0,1089;0,0000;-0,1768;False
12,01;0,1089;0,0000;-0,1768;False
12,02;0,1089;0,0000;-0,1768;False
12,02;0,1071;0,0000;-0,1722;False
12,03;0,1071;0,0000;-0,1722;False
12,03;0,1071;0,0000;-0,1722;False
12,04;0,1071;0,0000;-0,1722;False
12,04;0,1046;-0,0001;-0,1657;False
12,05;0,1041;0,0006;-0,1666;False
12,05;0,1041;0,0006;-0,1666;False
12,05;0,1041;0,0006;-0,1666;False
12,06;0,1041;0,0006;-0,1666;False
12,06;0,1006;0,0003;-0,1577;False
12,07;0,1006;0,0003;-0,1577;False
12,07;0,1006;0,0003;-0,1577;False
12,08;0,1006;0,0003;-0,1577;False
12,08;0,0963;0,0000;-0,1463;False
12,09;0,0963;0,0000;-0,1463;False
12,09;0,0963;0,0000;-0,1463;False
12,09;0,0963;0,0000;-0,1463;False
12,10;0,0963;0,0000;-0,1463;False
12,11;0,0912;-0,0004;-0,1330;False
12,11;0,0912;-0,0004;-0,1330;False
12,12;0,0912;-0,0004;-0,1330;False
12,12;0,0851;-0,0008;-0,1171;False
12,13;0,0851;-0,0008;-0,1171;False
12,13;0,0851;-0,0008;-0,1171;False
12,14;0,0851;-0,0008;-0,1171;False
12,14;0,0782;-0,0013;-0,0990;False
12,15;0,0782;-0,0013;-0,0990;False
12,15;0,0782;-0,0013;-0,0990;False
12,15;0,0782;-0,0013;-0,0990;False
12,16;0,0782;-0,0013;-0,0990;False
12,16;0,0705;-0,0015;-0,0785;False
12,17;0,0705;-0,0015;-0,0785;False
12,17;0,0705;-0,0015;-0,0785;False
12,18;0,0705;-0,0015;-0,0785;False
12,18;0,0619;-0,0017;-0,0558;False
12,18;0,0619;-0,0017;-0,0558;False
12,19;0,0619;-0,0017;-0,0558;False
12,19;0,0619;-0,0017;-0,0558;False
12,20;0,0526;-0,0017;-0,0309;False
12,21;0,0526;-0,0017;-0,0309;False
12,21;0,0526;-0,0017;-0,0309;False
12,21;0,0526;-0,0017;-0,0309;False
12,22;0,0526;-0,0017;-0,0309;False
12,22;0,0425;-0,0017;-0,0039;False
12,23;0,0425;-0,0017;-0,0039;False
12,23;0,0425;-0,0017;-0,0039;False
12,24;0,0425;-0,0017;-0,0039;False
12,24;0,0317;-0,0017;0,0251;False
12,24;0,0317;-0,0017;0,0251;False
12,25;0,0317;-0,0017;0,0251;False
12,25;0,0317;-0,0017;0,0251;False
12,26;0,0317;-0,0017;0,0251;False
12,26;0,0203;-0,0017;0,0560;False
12,27;0,0203;-0,0017;0,0560;False
12,27;0,0203;-0,0017;0,0560;False
12,28;0,0203;-0,0017;0,0560;False
12,28;0,0203;-0,0017;0,0560;False
12,28;0,0082;-0,0016;0,0888;False
12,29;0,0082;-0,0016;0,0888;False
12,30;0,0082;-0,0016;0,0888;False
12,30;-0,0032;-0,0015;0,1202;False
12,31;-0,0032;-0,0015;0,1202;False
12,31;-0,0032;-0,0015;0,1202;False
12,31;-0,0032;-0,0015;0,1202;False
12,32;-0,0032;-0,0015;0,1202;False
12,32;-0,0141;-0,0014;0,1502;False
12,33;-0,0141;-0,0014;0,1502;False
12,33;-0,0141;-0,0014;0,1502;False
12,34;-0,0141;-0,0014;0,1502;False
12,34;-0,0245;-0,0014;0,1790;False
12,35;-0,0245;-0,0014;0,1790;False
12,35;-0,0245;-0,0014;0,1790;False
12,36;-0,0245;-0,0014;0,1790;False
12,36;-0,0345;-0,0013;0,2067;False
12,37;-0,0345;-0,0013;0,2067;False
12,37;-0,0345;-0,0013;0,2067;False
12,37;-0,0345;-0,0013;0,2067;False
12,38;-0,0345;-0,0013;0,2067;False
12,38;-0,0439;-0,0012;0,2332;False
12,39;-0,0439;-0,0012;0,2332;False
12,39;-0,0439;-0,0012;0,2332;False
12,40;-0,0439;-0,0012;0,2332;False
12,40;-0,0527;-0,0011;0,2580;False
12,41;-0,0527;-0,0011;0,2580;False
12,42;-0,0527;-0,0011;0,2580;False
12,42;-0,0527;-0,0011;0,2580;False
12,42;-0,0611;-0,0011;0,2818;False
12,43;-0,0611;-0,0011;0,2818;False
12,43;-0,0611;-0,0011;0,2818;False
12,44;-0,0691;-0,0010;0,3046;False
12,45;-0,0691;-0,0010;0,3046;False
12,45;-0,0691;-0,0010;0,3046;False
12,46;-0,0691;-0,0010;0,3046;False
12,46;-0,0767;-0,0010;0,3265;False
12,47;-0,0767;-0,0010;0,3265;False
12,48;-0,0767;-0,0010;0,3265;False
12,49;-0,0840;-0,0009;0,3474;False
12,49;-0,0840;-0,0009;0,3474;False
12,50;-0,0840;-0,0009;0,3474;False
12,50;-0,0907;-0,0009;0,3671;False
12,51;-0,0907;-0,0009;0,3671;False
12,52;-0,0907;-0,0009;0,3671;False
12,52;-0,0972;-0,0009;0,3859;False
12,53;-0,0972;-0,0009;0,3859;False
12,53;-0,0972;-0,0009;0,3859;False
12,54;-0,1034;-0,0009;0,4040;False
12,55;-0,1034;-0,0009;0,4040;False
12,55;-0,1034;-0,0009;0,4040;False
12,56;-0,1034;-0,0009;0,4040;False
12,56;-0,1093;-0,0008;0,4213;False
12,57;-0,1093;-0,0008;0,4213;False
12,58;-0,1093;-0,0008;0,4213;False
12,58;-0,1149;-0,0008;0,4379;False
12,59;-0,1149;-0,0008;0,4379;False
12,60;-0,1149;-0,0008;0,4379;False
12,61;-0,1201;-0,0008;0,4535;False
12,61;-0,1201;-0,0008;0,4535;False
12,62;-0,1252;-0,0008;0,4684;False
12,63;-0,1252;-0,0008;0,4684;False
12,63;-0,1252;-0,0008;0,4684;False
12,64;-0,1252;-0,0008;0,4684;False
12,64;-0,1299;-0,0008;0,4827;False
12,65;-0,1299;-0,0008;0,4827;False
12,65;-0,1299;-0,0008;0,4827;False
12,66;-0,1299;-0,0008;0,4827;False
12,66;-0,1345;-0,0008;0,4964;False
12,67;-0,1345;-0,0008;0,4964;False
12,67;-0,1345;-0,0008;0,4964;False
12,68;-0,1345;-0,0008;0,4964;False
12,68;-0,1389;-0,0008;0,5096;False
12,69;-0,1389;-0,0008;0,5096;False
12,70;-0,1389;-0,0008;0,5096;False
12,70;-0,1430;-0,0008;0,5219;False
12,71;-0,1430;-0,0008;0,5219;False
12,71;-0,1430;-0,0008;0,5219;False
12,72;-0,1430;-0,0008;0,5219;False
12,72;-0,1469;-0,0008;0,5337;False
12,73;-0,1469;-0,0008;0,5337;False
12,74;-0,1469;-0,0008;0,5337;False
12,74;-0,1506;-0,0008;0,5451;True
12,75;-0,1506;-0,0008;0,5451;False
12,75;-0,1506;-0,0008;0,5451;False
12,76;-0,1542;-0,0008;0,5559;False
12,77;-0,1542;-0,0008;0,5559;False
12,77;-0,1542;-0,0008;0,5559;False
12,78;-0,1542;-0,0008;0,5559;False
12,78;-0,1576;-0,0008;0,5664;False
12,79;-0,1576;-0,0008;0,5664;False
12,79;-0,1576;-0,0008;0,5664;False
12,80;-0,1608;-0,0008;0,5762;False
12,81;-0,1608;-0,0008;0,5762;False
12,82;-0,1608;-0,0008;0,5762;False
12,82;-0,1639;-0,0008;0,5855;False
12,83;-0,1639;-0,0008;0,5855;False
12,83;-0,1639;-0,0008;0,5855;False
12,84;-0,1668;-0,0008;0,5945;False
12,85;-0,1668;-0,0008;0,5945;False
12,85;-0,1668;-0,0008;0,5945;False
12,86;-0,1668;-0,0008;0,5945;False
12,86;-0,1696;-0,0008;0,6032;False
12,87;-0,1696;-0,0008;0,6032;False
12,88;-0,1696;-0,0008;0,6032;False
12,89;-0,1723;-0,0008;0,6114;False
12,90;-0,1748;-0,0008;0,6192;False
12,91;-0,1748;-0,0008;0,6192;False
12,92;-0,1772;-0,0008;0,6266;False
12,93;-0,1772;-0,0008;0,6266;False
12,93;-0,1772;-0,0008;0,6266;False
12,94;-0,1795;-0,0008;0,6338;False
12,95;-0,1795;-0,0008;0,6338;False
12,95;-0,1795;-0,0008;0,6338;False
12,96;-0,1795;-0,0008;0,6338;False
12,96;-0,1817;-0,0008;0,6406;False
12,98;-0,1838;-0,0008;0,6472;False
12,99;-0,1838;-0,0008;0,6472;False
13,00;-0,1838;-0,0008;0,6472;False
13,01;-0,1858;-0,0008;0,6533;False
13,02;-0,1877;-0,0008;0,6592;False
13,03;-0,1877;-0,0008;0,6592;False
13,04;-0,1877;-0,0008;0,6592;False
13,04;-0,1895;-0,0008;0,6649;False
13,05;-0,1895;-0,0008;0,6649;False
13,05;-0,1895;-0,0008;0,6649;False
13,06;-0,1895;-0,0008;0,6649;False
13,06;-0,1912;-0,0008;0,6703;False
13,07;-0,1912;-0,0008;0,6703;False
13,08;-0,1912;-0,0008;0,6703;False
13,08;-0,1912;-0,0008;0,6703;False
13,09;-0,1929;-0,0008;0,6755;False
13,09;-0,1929;-0,0008;0,6755;False
13,10;-0,1929;-0,0008;0,6755;False
13,10;-0,1944;-0,0008;0,6804;False
13,11;-0,1944;-0,0008;0,6804;False
13,12;-0,1944;-0,0008;0,6804;False
13,12;-0,1959;-0,0008;0,6851;False
13,13;-0,1959;-0,0008;0,6851;False
13,14;-0,1973;-0,0008;0,6896;False
13,15;-0,1973;-0,0008;0,6896;False
13,16;-0,1973;-0,0008;0,6896;False
13,17;-0,2001;-0,0009;0,6939;False
13,18;-0,2001;-0,0009;0,6939;False
13,18;-0,2014;-0,0009;0,6981;False
13,19;-0,2014;-0,0009;0,6981;False
13,20;-0,2014;-0,0009;0,6981;False
13,21;-0,2015;-0,0009;0,6982;False
13,22;-0,2015;-0,0009;0,6982;False
13,23;-0,2015;-0,0009;0,6983;False
13,23;-0,2015;-0,0009;0,6983;False
13,24;-0,2015;-0,0009;0,6984;False
13,25;-0,2015;-0,0009;0,6984;False
13,26;-0,2015;-0,0009;0,6984;False
13,26;-0,2016;-0,0009;0,6985;False
13,27;-0,2016;-0,0009;0,6985;False
13,28;-0,2016;-0,0009;0,6985;False
13,28;-0,2016;-0,0009;0,6986;False
13,29;-0,2016;-0,0009;0,6986;False
13,29;-0,2016;-0,0009;0,6986;False
13,30;-0,2016;-0,0009;0,6986;False
13,30;-0,2016;-0,0009;0,6987;False
13,31;-0,2016;-0,0009;0,6987;False
13,31;-0,2016;-0,0009;0,6987;False
13,32;-0,2016;-0,0009;0,6987;False
13,32;-0,2017;-0,0009;0,6988;False
13,33;-0,2017;-0,0009;0,6988;False
13,34;-0,2017;-0,0009;0,6988;False
13,34;-0,2017;-0,0009;0,6989;False
13,35;-0,2017;-0,0009;0,6989;False
13,35;-0,2017;-0,0009;0,6989;False
13,36;-0,2017;-0,0009;0,6989;False
13,36;-0,2017;-0,0009;0,6990;False
13,37;-0,2017;-0,0009;0,6990;False
13,38;-0,2017;-0,0009;0,6990;False
13,38;-0,2017;-0,0009;0,6990;False
13,39;-0,2017;-0,0009;0,6990;False
13,39;-0,2017;-0,0009;0,6990;False
13,39;-0,2017;-0,0009;0,6990;False
13,40;-0,2018;-0,0008;0,6991;False
13,41;-0,2018;-0,0008;0,6991;False
13,41;-0,2018;-0,0008;0,6991;False
13,42;-0,2018;-0,0008;0,6991;False
13,42;-0,2018;-0,0008;0,6992;False
13,43;-0,2018;-0,0008;0,6992;False
13,43;-0,2018;-0,0008;0,6992;False
13,44;-0,2024;-0,0006;0,6990;False
13,44;-0,2024;-0,0007;0,6991;False
13,45;-0,2024;-0,0007;0,6991;False
13,45;-0,2024;-0,0007;0,6991;False
13,46;-0,2024;-0,0007;0,6991;False
13,46;-0,2024;-0,0007;0,6992;False
13,47;-0,2024;-0,0007;0,6992;False
13,47;-0,2024;-0,0007;0,6992;False
13,48;-0,2024;-0,0007;0,6992;False
13,48;-0,2025;-0,0008;0,6992;False
13,49;-0,2025;-0,0008;0,6992;False
13,49;-0,2025;-0,0008;0,6992;False
13,50;-0,2025;-0,0008;0,6992;False
13,50;-0,2025;-0,0008;0,6993;False
13,51;-0,2025;-0,0008;0,6993;False
13,51;-0,2025;-0,0008;0,6993;False
13,52;-0,2025;-0,0008;0,6993;False
13,53;-0,2025;-0,0008;0,6993;False
13,53;-0,2025;-0,0008;0,6993;False
13,54;-0,2025;-0,0008;0,6993;False
13,54;-0,2025;-0,0009;0,6994;False
13,55;-0,2025;-0,0009;0,6994;False
13,55;-0,2025;-0,0009;0,6994;False
13,56;-0,2025;-0,0009;0,6995;False
13,57;-0,2025;-0,0009;0,6995;False
13,57;-0,2025;-0,0009;0,6995;False
13,58;-0,2025;-0,0009;0,6995;False
13,58;-0,2025;-0,0009;0,6995;False
13,59;-0,2025;-0,0009;0,6995;False
13,59;-0,2025;-0,0009;0,6995;False
13,59;-0,2025;-0,0009;0,6995;False
13,60;-0,2025;-0,0009;0,6995;False
13,60;-0,2026;-0,0009;0,6996;False
13,61;-0,2026;-0,0009;0,6996;False
13,62;-0,2026;-0,0009;0,6996;False
13,63;-0,2026;-0,0009;0,6996;False
13,63;-0,2026;-0,0009;0,6996;False
13,64;-0,2026;-0,0009;0,6996;False
13,65;-0,2026;-0,0009;0,6997;False
13,65;-0,2026;-0,0009;0,6997;False
13,66;-0,2026;-0,0009;0,6997;False
13,66;-0,2026;-0,0009;0,6997;False
13,67;-0,2026;-0,0009;0,6997;False
13,68;-0,2026;-0,0009;0,6997;False
13,68;-0,2026;-0,0009;0,6997;False
13,69;-0,2026;-0,0009;0,6997;False
13,69;-0,2026;-0,0009;0,6997;False
13,70;-0,2026;-0,0009;0,6998;False
13,71;-0,2026;-0,0009;0,6998;False
13,72;-0,2026;-0,0009;0,6998;False
13,73;-0,2026;-0,0009;0,6998;False
13,73;-0,2026;-0,0009;0,6998;False
13,74;-0,2027;-0,0009;0,6999;False
13,75;-0,2027;-0,0009;0,6999;False
13,75;-0,2027;-0,0009;0,6999;False
13,76;-0,2027;-0,0009;0,6999;False
13,76;-0,2027;-0,0009;0,6999;False
13,78;-0,2027;-0,0009;0,6999;False
13,78;-0,2027;-0,0009;0,6999;False
13,79;-0,2027;-0,0009;0,6999;False
13,79;-0,2027;-0,0009;0,6999;False
13,80;-0,2027;-0,0009;0,6999;False
13,81;-0,2027;-0,0009;0,7000;False
13,82;-0,2027;-0,0009;0,7000;False
13,82;-0,2027;-0,0009;0,7000;False
13,83;-0,2027;-0,0009;0,7000;False
13,84;-0,2027;-0,0008;0,7000;False
13,85;-0,2027;-0,0008;0,7000;False
13,85;-0,2027;-0,0008;0,7000;False
13,86;-0,2027;-0,0008;0,7001;False
13,87;-0,2027;-0,0008;0,7001;False
13,87;-0,2027;-0,0008;0,7001;False
13,88;-0,2027;-0,0008;0,7001;False
13,89;-0,2027;-0,0008;0,7001;False
13,89;-0,2027;-0,0008;0,7001;False
13,90;-0,2027;-0,0008;0,7001;False
13,90;-0,2027;-0,0008;0,7001;False
13,91;-0,2027;-0,0008;0,7001;False
13,91;-0,2027;-0,0008;0,7001;False
13,92;-0,2027;-0,0008;0,7001;False
13,92;-0,2028;-0,0008;0,7001;False
13,93;-0,2028;-0,0008;0,7001;False
13,94;-0,2028;-0,0008;0,7001;False
13,94;-0,2028;-0,0008;0,7002;False
13,95;-0,2028;-0,0008;0,7002;False
13,95;-0,2028;-0,0008;0,7002;False
13,96;-0,2028;-0,0008;0,7002;False
13,97;-0,2028;-0,0008;0,7002;False
13,97;-0,2028;-0,0008;0,7002;False
13,98;-0,2028;-0,0008;0,7002;False
13,98;-0,2028;-0,0008;0,7002;False
13,99;-0,2028;-0,0008;0,7002;False
13,99;-0,2028;-0,0008;0,7002;False
14,00;-0,2028;-0,0008;0,7002;False
14,00;-0,2028;-0,0008;0,7002;False
14,01;-0,2028;-0,0008;0,7002;False
14,02;-0,2028;-0,0008;0,7002;False
14,03;-0,2028;-0,0008;0,7003;False
14,03;-0,2028;-0,0008;0,7003;False
14,04;-0,2028;-0,0008;0,7003;False
14,05;-0,2028;-0,0008;0,7003;False
14,05;-0,2028;-0,0008;0,7003;False
14,06;-0,2028;-0,0008;0,7003;False
14,07;-0,2028;-0,0008;0,7003;False
14,08;-0,2028;-0,0008;0,7003;False
14,08;-0,2028;-0,0008;0,7003;False
14,09;-0,2028;-0,0008;0,7003;False
14,09;-0,2028;-0,0008;0,7003;False
14,09;-0,2028;-0,0008;0,7003;False
14,10;-0,2028;-0,0008;0,7003;False
14,11;-0,2028;-0,0008;0,7003;False
14,11;-0,2025;0,0000;0,6994;False
14,12;-0,2025;0,0000;0,6994;False
14,12;-0,2025;-0,0003;0,6994;False
14,13;-0,2025;-0,0003;0,6994;False
14,13;-0,2025;-0,0003;0,6994;False
14,14;-0,2025;-0,0003;0,6994;False
14,14;-0,2025;-0,0005;0,6994;False
14,15;-0,2025;-0,0005;0,6994;False
14,16;-0,2025;-0,0005;0,6994;False
14,16;-0,2025;-0,0006;0,6995;False
14,17;-0,2025;-0,0006;0,6995;False
14,17;-0,2025;-0,0006;0,6995;False
14,18;-0,2025;-0,0006;0,6995;False
14,18;-0,2025;-0,0008;0,6995;False
14,19;-0,2025;-0,0008;0,6995;False
14,19;-0,2025;-0,0008;0,6995;False
14,20;-0,2025;-0,0008;0,6995;False
14,21;-0,2025;-0,0008;0,6995;False
14,21;-0,2025;-0,0008;0,6995;False
14,22;-0,2025;-0,0009;0,6995;False
14,23;-0,2025;-0,0009;0,6995;False
14,24;-0,2025;-0,0009;0,6995;False
14,24;-0,2025;-0,0010;0,6995;False
14,25;-0,2025;-0,0010;0,6995;False
14,26;-0,2025;-0,0010;0,6995;False
14,27;-0,2025;-0,0010;0,6995;False
14,27;-0,2025;-0,0010;0,6995;False
14,28;-0,2025;-0,0010;0,6995;False
14,28;-0,2025;-0,0010;0,6995;False
14,29;-0,2025;-0,0010;0,6995;False
14,30;-0,2033;-0,0002;0,6992;False
14,30;-0,2033;-0,0004;0,6992;False
14,31;-0,2033;-0,0004;0,6992;False
14,32;-0,2033;-0,0004;0,6992;False
14,32;-0,2033;-0,0006;0,6992;False
14,33;-0,2033;-0,0006;0,6992;False
14,33;-0,2033;-0,0006;0,6992;False
14,34;-0,2033;-0,0006;0,6992;False
14,35;-0,2033;-0,0008;0,6992;False
14,35;-0,2033;-0,0008;0,6992;False
14,36;-0,2033;-0,0008;0,6992;False
14,36;-0,2033;-0,0009;0,6992;False
14,37;-0,2033;-0,0009;0,6992;False
14,38;-0,2033;-0,0009;0,6992;False
14,38;-0,2033;-0,0010;0,6992;False
14,39;-0,2033;-0,0010;0,6992;False
14,39;-0,2033;-0,0010;0,6992;False
14,39;-0,2033;-0,0010;0,6992;False
14,40;-0,2033;-0,0010;0,6992;False
14,40;-0,2033;-0,0010;0,6992;False
14,41;-0,2033;-0,0010;0,6992;False
14,42;-0,2033;-0,0010;0,6992;False
14,42;-0,2033;-0,0010;0,6992;False
14,43;-0,2033;-0,0010;0,6992;False
14,44;-0,2033;-0,0010;0,6992;False
14,45;-0,2033;-0,0011;0,6992;False
14,46;-0,2033;-0,0011;0,6992;False
14,46;-0,2033;-0,0011;0,6992;False
14,47;-0,2033;-0,0011;0,6992;False
14,48;-0,2033;-0,0011;0,6992;False
14,48;-0,2033;-0,0010;0,6992;False
14,49;-0,2033;-0,0010;0,6992;False
14,49;-0,2033;-0,0010;0,6992;False
14,50;-0,2033;-0,0010;0,6992;False
14,51;-0,2031;-0,0012;0,6994;False
14,52;-0,2031;-0,0012;0,6994;False
14,52;-0,2031;-0,0012;0,6994;False
14,53;-0,2031;-0,0012;0,6994;False
14,54;-0,2031;-0,0012;0,6994;False
14,54;-0,2031;-0,0011;0,6994;False
14,55;-0,2031;-0,0011;0,6994;False
14,55;-0,2031;-0,0011;0,6994;False
14,56;-0,2031;-0,0011;0,6994;False
14,56;-0,2031;-0,0010;0,6994;False
14,57;-0,2031;-0,0010;0,6994;False
14,58;-0,2031;-0,0010;0,6994;False
14,58;-0,2031;-0,0010;0,6994;False
14,59;-0,2031;-0,0010;0,6994;False
14,59;-0,2031;-0,0010;0,6994;False
14,60;-0,2031;-0,0009;0,6994;False
14,61;-0,2031;-0,0009;0,6994;False
14,61;-0,2031;-0,0009;0,6994;False
14,62;-0,2031;-0,0009;0,6994;False
14,62;-0,2031;-0,0009;0,6994;False
14,63;-0,2031;-0,0009;0,6994;False
14,64;-0,2031;-0,0009;0,6994;False
14,64;-0,2031;-0,0009;0,6994;False
14,65;-0,2031;-0,0009;0,6994;False
14,65;-0,2031;-0,0009;0,6994;False
14,66;-0,2031;-0,0009;0,6994;False
14,67;-0,2031;-0,0009;0,6994;False
14,67;-0,2031;-0,0009;0,6994;False
14,68;-0,2031;-0,0009;0,6994;False
14,68;-0,2031;-0,0008;0,6994;False
14,69;-0,2031;-0,0008;0,6994;False
14,70;-0,2031;-0,0008;0,6994;False
14,70;-0,2031;-0,0008;0,6994;False
14,71;-0,2031;-0,0008;0,6994;False
14,71;-0,2031;-0,0008;0,6994;False
14,72;-0,2031;-0,0008;0,6994;False
14,72;-0,2031;-0,0008;0,6994;False
14,73;-0,2031;-0,0008;0,6994;False
14,74;-0,2031;-0,0008;0,6994;False
14,75;-0,2031;-0,0008;0,6994;False
14,75;-0,2031;-0,0008;0,6994;False
14,76;-0,2031;-0,0008;0,6994;False
14,76;-0,2035;-0,0008;0,7004;False
14,77;-0,2035;-0,0008;0,7004;False
14,78;-0,2035;-0,0008;0,7004;False
14,78;-0,2039;-0,0008;0,7018;False
14,79;-0,2039;-0,0008;0,7018;False
14,80;-0,2039;-0,0008;0,7018;False
14,80;-0,2045;-0,0008;0,7035;False
14,81;-0,2045;-0,0008;0,7035;False
14,82;-0,2045;-0,0008;0,7035;False
14,82;-0,2051;-0,0008;0,7054;False
14,83;-0,2051;-0,0008;0,7054;False
14,84;-0,2051;-0,0008;0,7054;False
14,85;-0,2057;-0,0008;0,7073;False
14,85;-0,2057;-0,0008;0,7073;False
14,86;-0,2062;-0,0008;0,7090;False
14,87;-0,2062;-0,0008;0,7090;False
14,88;-0,2062;-0,0008;0,7090;False
14,88;-0,2066;-0,0008;0,7102;False
14,89;-0,2066;-0,0008;0,7102;False
14,89;-0,2066;-0,0008;0,7102;False
14,90;-0,2066;-0,0008;0,7102;False
14,91;-0,2067;-0,0008;0,7107;False
14,92;-0,2067;-0,0008;0,7107;False
14,92;-0,2066;-0,0008;0,7101;False
14,93;-0,2066;-0,0008;0,7101;False
14,94;-0,2066;-0,0008;0,7101;False
14,94;-0,2060;-0,0008;0,7085;False
14,95;-0,2060;-0,0008;0,7085;False
14,96;-0,2060;-0,0008;0,7085;False
14,96;-0,2052;-0,0008;0,7058;False
14,97;-0,2052;-0,0008;0,7058;False
14,98;-0,2052;-0,0008;0,7058;False
14,98;-0,2039;-0,0008;0,7018;False
14,99;-0,2039;-0,0008;0,7018;False
14,99;-0,2039;-0,0008;0,7018;False
15,00;-0,2023;-0,0008;0,6966;False
15,01;-0,2023;-0,0008;0,6966;False
15,01;-0,2023;-0,0008;0,6966;False
15,02;-0,2023;-0,0008;0,6966;False
15,02;-0,2001;-0,0008;0,6896;False
15,03;-0,2001;-0,0008;0,6896;False
15,04;-0,2001;-0,0008;0,6896;False
15,04;-0,2001;-0,0008;0,6896;False
15,04;-0,1974;-0,0008;0,6811;False
15,05;-0,1974;-0,0008;0,6811;False
15,05;-0,1974;-0,0008;0,6811;False
15,06;-0,1974;-0,0008;0,6811;False
15,06;-0,1940;-0,0008;0,6704;False
15,07;-0,1940;-0,0008;0,6704;False
15,07;-0,1940;-0,0008;0,6704;False
15,08;-0,1940;-0,0008;0,6704;False
15,09;-0,1899;-0,0008;0,6576;False
15,09;-0,1899;-0,0008;0,6576;False
15,10;-0,1899;-0,0008;0,6576;False
15,10;-0,1852;-0,0008;0,6429;False
15,11;-0,1852;-0,0008;0,6429;False
15,12;-0,1852;-0,0008;0,6429;False
15,12;-0,1806;-0,0008;0,6283;False
15,13;-0,1806;-0,0008;0,6283;False
15,13;-0,1806;-0,0008;0,6283;False
15,14;-0,1806;-0,0008;0,6283;False
15,14;-0,1761;-0,0008;0,6143;False
15,15;-0,1761;-0,0008;0,6143;False
15,15;-0,1761;-0,0008;0,6143;False
15,19;-0,1676;-0,0008;0,5881;False
15,20;-0,1676;-0,0008;0,5881;False
15,20;-0,1633;-0,0008;0,5748;False
15,22;-0,1633;-0,0008;0,5748;False
15,22;-0,1588;-0,0008;0,5608;False
15,24;-0,1588;-0,0008;0,5608;False
15,24;-0,1545;-0,0008;0,5477;False
15,25;-0,1545;-0,0008;0,5477;False
15,26;-0,1545;-0,0008;0,5477;False
15,27;-0,1504;-0,0008;0,5352;False
15,27;-0,1504;-0,0008;0,5352;False
15,28;-0,1465;-0,0008;0,5232;False
15,29;-0,1465;-0,0008;0,5232;False
15,29;-0,1465;-0,0008;0,5232;False
15,30;-0,1465;-0,0008;0,5232;False
15,31;-0,1427;-0,0008;0,5117;False
15,31;-0,1427;-0,0008;0,5117;False
15,32;-0,1427;-0,0008;0,5117;False
15,32;-0,1390;-0,0008;0,5006;False
15,33;-0,1390;-0,0008;0,5006;False
15,33;-0,1390;-0,0008;0,5006;False
15,34;-0,1390;-0,0008;0,5006;False
15,34;-0,1356;-0,0008;0,4903;False
15,35;-0,1356;-0,0008;0,4903;False
15,35;-0,1356;-0,0008;0,4903;False
15,36;-0,1356;-0,0008;0,4903;False
15,36;-0,1323;-0,0008;0,4804;False
15,37;-0,1323;-0,0008;0,4804;False
15,38;-0,1323;-0,0008;0,4804;False
15,38;-0,1292;-0,0008;0,4709;False
15,39;-0,1292;-0,0008;0,4709;False
15,39;-0,1292;-0,0008;0,4709;False
15,39;-0,1292;-0,0008;0,4709;False
15,40;-0,1262;-0,0008;0,4618;False
15,41;-0,1262;-0,0008;0,4618;False
15,41;-0,1262;-0,0008;0,4618;False
15,42;-0,1262;-0,0008;0,4618;False
15,42;-0,1262;-0,0008;0,4618;False
15,42;-0,1232;-0,0008;0,4531;False
15,43;-0,1232;-0,0008;0,4531;False
15,44;-0,1232;-0,0008;0,4531;False
15,44;-0,1205;-0,0008;0,4449;False
15,45;-0,1205;-0,0008;0,4449;False
15,45;-0,1205;-0,0008;0,4449;False
15,46;-0,1205;-0,0008;0,4449;False
15,47;-0,1179;-0,0008;0,4370;False
15,47;-0,1179;-0,0008;0,4370;False
15,48;-0,1179;-0,0008;0,4370;False
15,48;-0,1154;-0,0008;0,4295;False
15,49;-0,1154;-0,0008;0,4295;False
15,49;-0,1154;-0,0008;0,4295;False
15,50;-0,1154;-0,0008;0,4295;False
15,50;-0,1129;-0,0008;0,4223;False
15,51;-0,1129;-0,0008;0,4223;False
15,51;-0,1129;-0,0008;0,4223;False
15,51;-0,1129;-0,0008;0,4223;False
15,52;-0,1129;-0,0008;0,4223;False
15,52;-0,1106;-0,0008;0,4154;False
15,53;-0,1106;-0,0008;0,4154;False
15,53;-0,1106;-0,0008;0,4154;False
15,54;-0,1084;-0,0008;0,4089;False
15,55;-0,1084;-0,0008;0,4089;False
15,55;-0,1084;-0,0008;0,4089;False
15,56;-0,1084;-0,0008;0,4089;False
15,56;-0,1063;-0,0008;0,4027;False
15,57;-0,1063;-0,0008;0,4027;False
15,58;-0,1063;-0,0008;0,4027;False
15,58;-0,1043;-0,0008;0,3967;False
15,59;-0,1043;-0,0008;0,3967;False
15,59;-0,1043;-0,0008;0,3967;False
15,60;-0,1043;-0,0008;0,3967;False
15,60;-0,1024;-0,0008;0,3910;False
15,61;-0,1024;-0,0008;0,3910;False
15,62;-0,1024;-0,0008;0,3910;False
15,62;-0,1005;-0,0008;0,3855;False
15,63;-0,1005;-0,0008;0,3855;False
15,64;-0,0988;-0,0008;0,3804;False
15,65;-0,0988;-0,0008;0,3804;False
15,65;-0,0988;-0,0008;0,3804;False
15,66;-0,0971;-0,0008;0,3755;False
15,67;-0,0971;-0,0008;0,3755;False
15,68;-0,0971;-0,0008;0,3755;False
15,68;-0,0955;-0,0008;0,3708;False
15,69;-0,0955;-0,0008;0,3708;False
15,69;-0,0955;-0,0008;0,3708;False
15,70;-0,0955;-0,0008;0,3708;False
15,71;-0,0939;-0,0008;0,3662;False
15,72;-0,0939;-0,0008;0,3662;False
15,72;-0,0924;-0,0008;0,3619;False
15,73;-0,0924;-0,0008;0,3619;False
15,73;-0,0924;-0,0008;0,3619;False
15,75;-0,0924;-0,0008;0,3618;False
15,75;-0,0924;-0,0008;0,3618;False
15,76;-0,0924;-0,0008;0,3616;False
15,77;-0,0924;-0,0008;0,3616;False
15,78;-0,0924;-0,0008;0,3616;False
15,78;-0,0923;-0,0008;0,3615;False
15,79;-0,0923;-0,0008;0,3615;False
15,79;-0,0923;-0,0008;0,3615;False
15,80;-0,0923;-0,0008;0,3615;False
15,80;-0,0923;-0,0008;0,3614;False
15,81;-0,0923;-0,0008;0,3614;False
15,81;-0,0923;-0,0008;0,3614;False
15,82;-0,0923;-0,0008;0,3614;False
15,82;-0,0923;-0,0008;0,3614;False
15,82;-0,0923;-0,0008;0,3613;False
15,83;-0,0923;-0,0008;0,3613;False
15,83;-0,0923;-0,0008;0,3613;False
15,84;-0,0922;-0,0008;0,3612;False
15,85;-0,0922;-0,0008;0,3612;False
15,85;-0,0922;-0,0008;0,3612;False
15,86;-0,0922;-0,0008;0,3611;False
15,87;-0,0922;-0,0008;0,3611;False
15,88;-0,0922;-0,0008;0,3611;False
15,88;-0,0922;-0,0008;0,3610;False
15,89;-0,0922;-0,0008;0,3610;False
15,89;-0,0922;-0,0008;0,3610;False
15,90;-0,0921;-0,0008;0,3609;False
15,91;-0,0921;-0,0008;0,3609;False
15,91;-0,0921;-0,0008;0,3609;False
15,92;-0,0921;-0,0008;0,3609;False
15,93;-0,0921;-0,0008;0,3609;False
15,94;-0,0921;-0,0008;0,3609;False
15,94;-0,0921;-0,0008;0,3608;False
15,95;-0,0921;-0,0008;0,3608;False
15,95;-0,0921;-0,0008;0,3608;False
15,96;-0,0920;-0,0008;0,3607;False
15,97;-0,0920;-0,0008;0,3607;False
15,97;-0,0920;-0,0008;0,3607;False
15,98;-0,0920;-0,0008;0,3606;False
15,98;-0,0920;-0,0008;0,3606;False
15,99;-0,0920;-0,0008;0,3606;False
15,99;-0,0920;-0,0008;0,3606;False
16,00;-0,0920;-0,0008;0,3606;False
16,00;-0,0920;-0,0008;0,3606;False
16,01;-0,0920;-0,0008;0,3606;False
16,02;-0,0920;-0,0008;0,3606;False
16,02;-0,0920;-0,0008;0,3605;False
16,03;-0,0920;-0,0008;0,3605;False
16,03;-0,0920;-0,0008;0,3605;False
16,04;-0,0920;-0,0008;0,3605;False
16,05;-0,0919;-0,0008;0,3604;False
16,05;-0,0919;-0,0008;0,3604;False
16,06;-0,0919;-0,0008;0,3604;False
16,06;-0,0919;-0,0008;0,3604;False
16,07;-0,0919;-0,0008;0,3604;False
16,08;-0,0919;-0,0008;0,3604;False
16,09;-0,0919;-0,0008;0,3603;False
16,09;-0,0919;-0,0008;0,3603;False
16,10;-0,0919;-0,0008;0,3603;False
16,10;-0,0919;-0,0008;0,3602;False
16,11;-0,0919;-0,0008;0,3602;False
16,11;-0,0919;-0,0008;0,3602;False
16,12;-0,0919;-0,0008;0,3602;False
16,12;-0,0919;-0,0008;0,3602;False
16,13;-0,0919;-0,0008;0,3602;False
16,14;-0,0918;-0,0008;0,3601;False
16,15;-0,0918;-0,0008;0,3601;False
16,15;-0,0918;-0,0008;0,3601;False
16,16;-0,0918;-0,0008;0,3601;False
16,16;-0,0918;-0,0008;0,3601;False
16,17;-0,0918;-0,0008;0,3601;False
16,18;-0,0918;-0,0008;0,3601;False
16,18;-0,0918;-0,0008;0,3600;False
16,19;-0,0918;-0,0008;0,3600;False
16,20;-0,0918;-0,0008;0,3600;False
16,20;-0,0918;-0,0008;0,3600;False
16,21;-0,0918;-0,0008;0,3600;False
16,21;-0,0918;-0,0008;0,3600;False
16,22;-0,0918;-0,0008;0,3600;False
16,22;-0,0918;-0,0008;0,3599;False
16,23;-0,0918;-0,0008;0,3599;False
16,23;-0,0918;-0,0008;0,3599;False
16,24;-0,0918;-0,0008;0,3599;False
16,24;-0,0918;-0,0008;0,3599;False
16,25;-0,0918;-0,0008;0,3599;False
16,25;-0,0918;-0,0008;0,3599;False
16,26;-0,0918;-0,0008;0,3598;False
16,27;-0,0918;-0,0008;0,3598;False
16,27;-0,0918;-0,0008;0,3598;False
16,28;-0,0918;-0,0008;0,3598;False
16,28;-0,0912;-0,0008;0,3584;False
16,29;-0,0912;-0,0008;0,3584;False
16,30;-0,0912;-0,0008;0,3584;False
16,30;-0,0902;-0,0008;0,3553;False
16,31;-0,0902;-0,0008;0,3553;False
16,32;-0,0902;-0,0008;0,3553;False
16,32;-0,0888;-0,0008;0,3513;False
16,33;-0,0888;-0,0008;0,3513;False
16,34;-0,0888;-0,0008;0,3513;False
16,34;-0,0870;-0,0008;0,3460;False
16,35;-0,0870;-0,0008;0,3460;False
16,36;-0,0870;-0,0008;0,3460;False
16,37;-0,0851;-0,0008;0,3404;False
16,37;-0,0851;-0,0008;0,3404;False
16,38;-0,0851;-0,0008;0,3404;False
16,39;-0,0827;-0,0008;0,3336;False
16,39;-0,0827;-0,0008;0,3336;False
16,40;-0,0827;-0,0008;0,3336;False
16,40;-0,0803;-0,0008;0,3265;False
16,41;-0,0803;-0,0008;0,3265;False
16,42;-0,0779;-0,0008;0,3196;False
16,43;-0,0779;-0,0008;0,3196;False
16,43;-0,0779;-0,0008;0,3196;False
16,44;-0,0779;-0,0008;0,3196;False
16,45;-0,0755;-0,0008;0,3127;False
16,46;-0,0755;-0,0008;0,3127;False
16,46;-0,0755;-0,0008;0,3127;False
16,46;-0,0730;-0,0008;0,3054;False
16,47;-0,0730;-0,0008;0,3054;False
16,48;-0,0730;-0,0008;0,3054;False
16,48;-0,0708;-0,0008;0,2988;False
16,49;-0,0708;-0,0008;0,2988;False
16,49;-0,0708;-0,0008;0,2988;False
16,49;-0,0708;-0,0008;0,2988;False
16,50;-0,0708;-0,0008;0,2988;False
16,51;-0,0685;-0,0008;0,2924;False
16,51;-0,0685;-0,0008;0,2924;False
16,52;-0,0685;-0,0008;0,2924;False
16,52;-0,0685;-0,0008;0,2924;False
16,52;-0,0666;-0,0008;0,2868;False
16,53;-0,0666;-0,0008;0,2868;False
16,54;-0,0666;-0,0008;0,2868;False
16,54;-0,0666;-0,0008;0,2868;False
16,54;-0,0648;-0,0008;0,2817;False
16,55;-0,0648;-0,0008;0,2817;False
16,55;-0,0648;-0,0008;0,2817;False
16,56;-0,0648;-0,0008;0,2817;False
16,56;-0,0634;-0,0008;0,2776;False
16,57;-0,0634;-0,0008;0,2776;False
16,57;-0,0634;-0,0008;0,2776;False
16,58;-0,0634;-0,0008;0,2776;False
16,58;-0,0624;-0,0008;0,2746;False
16,59;-0,0624;-0,0008;0,2746;False
16,59;-0,0624;-0,0008;0,2746;False
16,59;-0,0624;-0,0008;0,2746;False
16,60;-0,0618;-0,0008;0,2729;False
16,61;-0,0618;-0,0008;0,2729;False
16,61;-0,0618;-0,0008;0,2729;False
16,62;-0,0618;-0,0008;0,2729;False
16,62;-0,0616;-0,0008;0,2723;False
16,63;-0,0616;-0,0008;0,2723;False
16,64;-0,0619;-0,0008;0,2732;False
16,65;-0,0619;-0,0008;0,2732;False
16,66;-0,0619;-0,0008;0,2732;False
16,67;-0,0628;-0,0008;0,2758;False
16,68;-0,0628;-0,0008;0,2758;False
16,68;-0,0643;-0,0008;0,2802;False
16,69;-0,0643;-0,0008;0,2802;False
16,69;-0,0643;-0,0008;0,2802;False
16,71;-0,0666;-0,0008;0,2867;False
16,71;-0,0666;-0,0008;0,2867;False
16,72;-0,0666;-0,0008;0,2867;False
16,72;-0,0697;-0,0008;0,2957;False
16,73;-0,0697;-0,0008;0,2957;False
16,74;-0,0697;-0,0008;0,2957;False
16,74;-0,0738;-0,0008;0,3072;False
16,75;-0,0738;-0,0008;0,3072;False
16,76;-0,0738;-0,0008;0,3072;False
16,77;-0,0784;-0,0020;0,3209;False
16,77;-0,0784;-0,0020;0,3209;False
16,78;-0,0784;-0,0020;0,3209;False
16,78;-0,0841;-0,0016;0,3374;False
16,79;-0,0841;-0,0016;0,3374;False
16,79;-0,0841;-0,0016;0,3374;False
16,80;-0,0841;-0,0016;0,3374;False
16,80;-0,0906;-0,0013;0,3561;False
16,81;-0,0906;-0,0013;0,3561;False
16,82;-0,0906;-0,0013;0,3561;False
16,82;-0,0978;-0,0011;0,3772;False
16,82;-0,0978;-0,0011;0,3772;False
16,83;-0,0978;-0,0011;0,3772;False
16,83;-0,0978;-0,0011;0,3772;False
16,84;-0,1058;-0,0010;0,4006;False
16,85;-0,1058;-0,0010;0,4006;False
16,85;-0,1058;-0,0010;0,4006;False
16,86;-0,1058;-0,0010;0,4006;False
16,86;-0,1058;-0,0010;0,4006;False
16,86;-0,1145;-0,0008;0,4261;False
16,87;-0,1145;-0,0008;0,4261;False
16,87;-0,1145;-0,0008;0,4261;False
16,88;-0,1145;-0,0008;0,4261;False
16,88;-0,1239;-0,0007;0,4538;False
16,89;-0,1239;-0,0007;0,4538;False
16,89;-0,1239;-0,0007;0,4538;False
16,90;-0,1239;-0,0007;0,4538;False
16,91;-0,1339;-0,0007;0,4834;False
16,91;-0,1339;-0,0007;0,4834;False
16,92;-0,1339;-0,0007;0,4834;False
16,93;-0,1444;-0,0007;0,5150;False
16,93;-0,1444;-0,0007;0,5150;False
16,94;-0,1545;-0,0006;0,5452;False
16,95;-0,1545;-0,0006;0,5452;False
16,95;-0,1545;-0,0006;0,5452;False
16,96;-0,1545;-0,0006;0,5452;False
16,96;-0,1641;-0,0006;0,5742;False
16,97;-0,1641;-0,0006;0,5742;False
16,98;-0,1641;-0,0006;0,5742;False
16,98;-0,1733;-0,0006;0,6020;False
16,99;-0,1733;-0,0006;0,6020;False
16,99;-0,1733;-0,0006;0,6020;False
17,00;-0,1821;-0,0007;0,6287;False
17,01;-0,1821;-0,0007;0,6287;False
17,01;-0,1821;-0,0007;0,6287;False
17,01;-0,1821;-0,0007;0,6287;False
17,02;-0,1821;-0,0007;0,6287;False
17,02;-0,1908;-0,0007;0,6541;False
17,03;-0,1908;-0,0007;0,6541;False
17,03;-0,1908;-0,0007;0,6541;False
17,04;-0,1908;-0,0007;0,6541;False
17,04;-0,1992;-0,0007;0,6777;False
17,05;-0,1992;-0,0007;0,6777;False
17,05;-0,1992;-0,0007;0,6777;False
17,06;-0,1992;-0,0007;0,6777;False
17,06;-0,2077;-0,0007;0,7002;False
17,07;-0,2077;-0,0007;0,7002;False
17,07;-0,2077;-0,0007;0,7002;False
17,08;-0,2077;-0,0007;0,7002;False
17,08;-0,2163;-0,0007;0,7216;False
17,09;-0,2163;-0,0007;0,7216;False
17,09;-0,2163;-0,0007;0,7216;False
17,10;-0,2163;-0,0007;0,7216;False
17,10;-0,2251;-0,0007;0,7418;False
17,11;-0,2251;-0,0007;0,7418;False
17,11;-0,2251;-0,0007;0,7418;False
17,11;-0,2251;-0,0007;0,7418;False
17,12;-0,2251;-0,0007;0,7418;False
17,12;-0,2340;-0,0008;0,7608;False
17,13;-0,2340;-0,0008;0,7608;False
17,13;-0,2340;-0,0008;0,7608;False
17,14;-0,2340;-0,0008;0,7608;False
17,14;-0,2430;-0,0008;0,7782;False
17,15;-0,2430;-0,0008;0,7782;False
17,15;-0,2430;-0,0008;0,7782;False
17,16;-0,2430;-0,0008;0,7782;False
17,16;-0,2522;-0,0008;0,7945;False
17,17;-0,2522;-0,0008;0,7945;False
17,17;-0,2522;-0,0008;0,7945;False
17,17;-0,2522;-0,0008;0,7945;False
17,18;-0,2522;-0,0008;0,7945;False
17,18;-0,2617;-0,0008;0,8097;False
17,19;-0,2617;-0,0008;0,8097;False
17,19;-0,2617;-0,0008;0,8097;False
17,19;-0,2617;-0,0008;0,8097;False
17,20;-0,2617;-0,0008;0,8097;False
17,20;-0,2713;-0,0008;0,8237;False
17,21;-0,2713;-0,0008;0,8237;False
17,21;-0,2713;-0,0008;0,8237;False
17,22;-0,2713;-0,0008;0,8237;False
17,22;-0,2810;-0,0008;0,8366;False
17,23;-0,2810;-0,0008;0,8366;False
17,23;-0,2810;-0,0008;0,8366;False
17,24;-0,2810;-0,0008;0,8366;False
17,24;-0,2906;-0,0008;0,8482;False
17,25;-0,2906;-0,0008;0,8482;False
17,25;-0,2906;-0,0008;0,8482;False
17,26;-0,2906;-0,0008;0,8482;False
17,26;-0,3002;-0,0008;0,8589;False
17,27;-0,3002;-0,0008;0,8589;False
17,28;-0,3002;-0,0008;0,8589;False
17,28;-0,3002;-0,0008;0,8589;False
17,28;-0,3097;-0,0007;0,8687;False
17,29;-0,3097;-0,0007;0,8687;False
17,29;-0,3097;-0,0007;0,8687;False
17,30;-0,3097;-0,0007;0,8687;False
17,30;-0,3097;-0,0007;0,8687;False
17,31;-0,3192;-0,0007;0,8778;False
17,31;-0,3192;-0,0007;0,8778;False
17,32;-0,3192;-0,0007;0,8778;False
17,32;-0,3285;-0,0007;0,8862;False
17,33;-0,3285;-0,0007;0,8862;False
17,33;-0,3285;-0,0007;0,8862;False
17,34;-0,3285;-0,0007;0,8862;False
17,34;-0,3374;-0,0008;0,8938;False
17,35;-0,3374;-0,0008;0,8938;False
17,35;-0,3374;-0,0008;0,8938;False
17,36;-0,3374;-0,0008;0,8938;False
17,36;-0,3461;-0,0008;0,9008;False
17,37;-0,3461;-0,0008;0,9008;False
17,38;-0,3461;-0,0008;0,9008;False
17,38;-0,3461;-0,0008;0,9008;False
17,38;-0,3547;-0,0008;0,9072;False
17,39;-0,3547;-0,0008;0,9072;False
17,39;-0,3547;-0,0008;0,9072;False
17,40;-0,3630;-0,0008;0,9132;False
17,41;-0,3630;-0,0008;0,9132;False
17,41;-0,3630;-0,0008;0,9132;False
17,42;-0,3630;-0,0008;0,9132;False
17,42;-0,3712;-0,0008;0,9187;False
17,43;-0,3712;-0,0008;0,9187;False
17,44;-0,3712;-0,0008;0,9187;False
17,44;-0,3789;-0,0008;0,9236;False
17,45;-0,3789;-0,0008;0,9236;False
17,46;-0,3789;-0,0008;0,9236;False
17,46;-0,3864;-0,0008;0,9282;False
17,47;-0,3864;-0,0008;0,9282;False
17,48;-0,3864;-0,0008;0,9282;False
17,49;-0,3937;-0,0008;0,9325;False
17,49;-0,3937;-0,0008;0,9325;False
17,50;-0,3937;-0,0008;0,9325;False
17,50;-0,4007;-0,0008;0,9366;False
17,51;-0,4007;-0,0008;0,9366;False
17,51;-0,4007;-0,0008;0,9366;False
17,52;-0,4007;-0,0008;0,9366;False
17,52;-0,4074;-0,0008;0,9405;False
17,53;-0,4074;-0,0008;0,9405;False
17,53;-0,4074;-0,0008;0,9405;False
17,54;-0,4074;-0,0008;0,9405;False
17,54;-0,4074;-0,0008;0,9405;False
17,54;-0,4137;-0,0008;0,9442;True
17,55;-0,4137;-0,0008;0,9442;False
17,55;-0,4137;-0,0008;0,9442;False
17,56;-0,4137;-0,0008;0,9442;False
17,56;-0,4198;-0,0008;0,9477;False
17,57;-0,4198;-0,0008;0,9477;False
17,57;-0,4198;-0,0008;0,9477;False
17,58;-0,4198;-0,0008;0,9477;False
17,58;-0,4256;-0,0008;0,9510;False
17,59;-0,4256;-0,0008;0,9510;False
17,59;-0,4256;-0,0008;0,9510;False
17,59;-0,4256;-0,0008;0,9510;False
17,60;-0,4256;-0,0008;0,9510;False
17,60;-0,4311;-0,0008;0,9543;False
17,61;-0,4311;-0,0008;0,9543;False
17,62;-0,4311;-0,0008;0,9543;False
17,62;-0,4364;-0,0008;0,9575;False
17,63;-0,4364;-0,0008;0,9575;False
17,63;-0,4364;-0,0008;0,9575;False
17,64;-0,4414;-0,0008;0,9605;False
17,65;-0,4414;-0,0008;0,9605;False
17,66;-0,4462;-0,0008;0,9634;False
17,68;-0,4462;-0,0008;0,9634;False
17,69;-0,4507;-0,0008;0,9662;False
17,69;-0,4507;-0,0008;0,9662;False
17,70;-0,4507;-0,0008;0,9662;False
17,71;-0,4550;-0,0008;0,9690;False
17,72;-0,4550;-0,0008;0,9690;False
17,72;-0,4591;-0,0008;0,9717;False
17,73;-0,4591;-0,0008;0,9717;False
17,74;-0,4591;-0,0008;0,9717;False
17,74;-0,4593;-0,0008;0,9717;False
17,75;-0,4593;-0,0008;0,9717;False
17,76;-0,4593;-0,0008;0,9717;False
17,76;-0,4594;-0,0008;0,9718;False
17,77;-0,4594;-0,0008;0,9718;False
17,78;-0,4595;-0,0008;0,9719;False
17,79;-0,4595;-0,0008;0,9719;False
17,79;-0,4595;-0,0008;0,9719;False
17,80;-0,4595;-0,0008;0,9719;False
17,81;-0,4596;-0,0008;0,9719;False
17,81;-0,4596;-0,0008;0,9719;False
17,82;-0,4596;-0,0008;0,9719;False
17,82;-0,4597;-0,0008;0,9720;False
17,83;-0,4597;-0,0008;0,9720;False
17,84;-0,4598;-0,0008;0,9721;False
17,85;-0,4598;-0,0008;0,9721;False
17,85;-0,4598;-0,0008;0,9721;False
17,86;-0,4599;-0,0008;0,9721;False
17,87;-0,4599;-0,0008;0,9721;False
17,88;-0,4599;-0,0008;0,9721;False
17,88;-0,4599;-0,0008;0,9722;False
17,89;-0,4599;-0,0008;0,9722;False
17,90;-0,4600;-0,0008;0,9722;False
17,91;-0,4600;-0,0008;0,9722;False
17,91;-0,4600;-0,0008;0,9722;False
17,92;-0,4601;-0,0008;0,9723;False
17,93;-0,4601;-0,0008;0,9723;False
17,94;-0,4602;-0,0008;0,9723;False
17,95;-0,4602;-0,0008;0,9723;False
17,95;-0,4602;-0,0008;0,9723;False
17,96;-0,4603;-0,0008;0,9724;False
17,97;-0,4603;-0,0008;0,9724;False
17,97;-0,4603;-0,0008;0,9724;False
17,98;-0,4603;-0,0008;0,9724;False
17,99;-0,4603;-0,0008;0,9724;False
17,99;-0,4603;-0,0008;0,9724;False
18,00;-0,4603;-0,0008;0,9724;False
18,00;-0,4604;-0,0008;0,9725;False
18,01;-0,4604;-0,0008;0,9725;False
18,02;-0,4604;-0,0008;0,9725;False
18,02;-0,4605;-0,0008;0,9725;False
18,03;-0,4605;-0,0008;0,9725;False
18,03;-0,4605;-0,0008;0,9725;False
18,04;-0,4605;-0,0008;0,9726;False
18,05;-0,4605;-0,0008;0,9726;False
18,06;-0,4605;-0,0008;0,9726;False
18,06;-0,4606;-0,0008;0,9726;False
18,07;-0,4606;-0,0008;0,9726;False
18,07;-0,4606;-0,0008;0,9726;False
18,08;-0,4606;-0,0008;0,9726;False
18,09;-0,4606;-0,0008;0,9726;False
18,10;-0,4606;-0,0008;0,9726;False
18,10;-0,4607;-0,0008;0,9727;False
18,11;-0,4607;-0,0008;0,9727;False
18,12;-0,4607;-0,0008;0,9727;False
18,12;-0,4608;-0,0008;0,9727;False
18,13;-0,4608;-0,0008;0,9727;False
18,14;-0,4608;-0,0008;0,9727;False
18,15;-0,4608;-0,0008;0,9727;False
18,15;-0,4608;-0,0008;0,9727;False
18,16;-0,4609;-0,0008;0,9728;False
18,17;-0,4609;-0,0008;0,9728;False
18,17;-0,4609;-0,0008;0,9728;False
18,18;-0,4609;-0,0008;0,9728;False
18,18;-0,4609;-0,0008;0,9728;False
18,19;-0,4609;-0,0008;0,9728;False
18,19;-0,4609;-0,0008;0,9728;False
18,20;-0,4609;-0,0008;0,9728;False
18,21;-0,4609;-0,0008;0,9728;False
18,21;-0,4609;-0,0008;0,9728;False
18,22;-0,4609;-0,0008;0,9728;False
18,22;-0,4609;-0,0008;0,9728;False
18,22;-0,4610;-0,0008;0,9729;False
18,23;-0,4610;-0,0008;0,9729;False
18,24;-0,4610;-0,0008;0,9729;False
18,24;-0,4610;-0,0008;0,9729;False
18,25;-0,4610;-0,0008;0,9729;False
18,25;-0,4610;-0,0008;0,9729;False
18,26;-0,4610;-0,0008;0,9729;False
18,26;-0,4611;-0,0008;0,9729;False
18,27;-0,4611;-0,0008;0,9729;False
18,27;-0,4611;-0,0008;0,9729;False
18,27;-0,4611;-0,0008;0,9729;False
18,28;-0,4611;-0,0008;0,9729;False
18,28;-0,4611;-0,0008;0,9729;False
18,29;-0,4611;-0,0008;0,9729;False
18,30;-0,4611;-0,0008;0,9729;False
18,31;-0,4611;-0,0008;0,9730;False
18,31;-0,4611;-0,0008;0,9730;False
18,32;-0,4611;-0,0008;0,9730;False
18,32;-0,4612;-0,0008;0,9730;False
18,33;-0,4612;-0,0008;0,9730;False
18,34;-0,4612;-0,0008;0,9730;False
18,34;-0,4612;-0,0008;0,9730;False
18,35;-0,4612;-0,0008;0,9730;False
18,36;-0,4612;-0,0008;0,9730;False
18,37;-0,4612;-0,0008;0,9730;False
18,37;-0,4612;-0,0008;0,9730;False
18,38;-0,4612;-0,0008;0,9730;False
18,38;-0,4613;-0,0008;0,9731;False
18,39;-0,4613;-0,0008;0,9731;False
18,39;-0,4613;-0,0008;0,9731;False
18,39;-0,4613;-0,0008;0,9731;False
18,40;-0,4613;-0,0008;0,9731;False
18,40;-0,4613;-0,0008;0,9731;False
18,41;-0,4613;-0,0008;0,9731;False
18,42;-0,4613;-0,0008;0,9731;False
18,42;-0,4613;-0,0008;0,9731;False
18,43;-0,4613;-0,0008;0,9731;False
18,43;-0,4613;-0,0008;0,9731;False
18,43;-0,4613;-0,0008;0,9731;False
18,44;-0,4614;-0,0008;0,9731;False
18,45;-0,4614;-0,0008;0,9731;False
18,45;-0,4614;-0,0008;0,9731;False
18,46;-0,4614;-0,0008;0,9731;False
18,46;-0,4627;-0,0008;0,9740;False
18,47;-0,4627;-0,0008;0,9740;False
18,48;-0,4627;-0,0008;0,9740;False
18,48;-0,4651;-0,0008;0,9756;False
18,49;-0,4651;-0,0008;0,9756;False
18,49;-0,4651;-0,0008;0,9756;False
18,50;-0,4651;-0,0008;0,9756;False
18,50;-0,4685;-0,0008;0,9778;False
18,51;-0,4685;-0,0008;0,9778;False
18,51;-0,4685;-0,0008;0,9778;False
18,52;-0,4685;-0,0008;0,9778;False
18,52;-0,4729;-0,0008;0,9807;False
18,53;-0,4729;-0,0008;0,9807;False
18,53;-0,4729;-0,0008;0,9807;False
18,54;-0,4729;-0,0008;0,9807;False
18,54;-0,4774;-0,0008;0,9836;False
18,55;-0,4774;-0,0008;0,9836;False
18,55;-0,4774;-0,0008;0,9836;False
18,55;-0,4774;-0,0008;0,9836;False
18,56;-0,4774;-0,0008;0,9836;False
18,56;-0,4825;-0,0008;0,9869;False
18,57;-0,4825;-0,0008;0,9869;False
18,57;-0,4825;-0,0008;0,9869;False
18,58;-0,4825;-0,0008;0,9869;False
18,58;-0,4879;-0,0008;0,9905;False
18,59;-0,4879;-0,0008;0,9905;False
18,59;-0,4879;-0,0008;0,9905;False
18,60;-0,4879;-0,0008;0,9905;False
18,60;-0,4932;-0,0008;0,9938;False
18,61;-0,4932;-0,0008;0,9938;False
18,61;-0,4932;-0,0008;0,9938;False
18,62;-0,4932;-0,0008;0,9938;False
18,62;-0,4981;-0,0008;0,9971;False
18,63;-0,4981;-0,0008;0,9971;False
18,64;-0,4981;-0,0008;0,9971;False
18,64;-0,4981;-0,0008;0,9971;False
18,64;-0,5029;-0,0008;1,0002;False
18,65;-0,5029;-0,0008;1,0002;False
18,65;-0,5029;-0,0008;1,0002;False
18,66;-0,5029;-0,0008;1,0002;False
18,66;-0,5073;-0,0008;1,0030;False
18,67;-0,5073;-0,0008;1,0030;False
18,67;-0,5073;-0,0008;1,0030;False
18,68;-0,5073;-0,0008;1,0030;False
18,68;-0,5110;-0,0008;1,0053;False
18,69;-0,5110;-0,0008;1,0053;False
18,70;-0,5143;-0,0008;1,0075;False
18,71;-0,5143;-0,0008;1,0075;False
18,71;-0,5143;-0,0008;1,0075;False
18,72;-0,5143;-0,0008;1,0075;False
18,72;-0,5165;-0,0008;1,0089;False
18,73;-0,5165;-0,0008;1,0089;False
18,73;-0,5165;-0,0008;1,0089;False
18,74;-0,5165;-0,0008;1,0089;False
18,74;-0,5177;-0,0008;1,0097;False
18,75;-0,5177;-0,0008;1,0097;False
18,75;-0,5177;-0,0008;1,0097;False
18,76;-0,5178;-0,0008;1,0097;False
18,77;-0,5182;0,0047;1,0091;False
18,77;-0,5182;0,0047;1,0091;False
18,78;-0,5182;0,0047;1,0091;False
18,78;-0,5182;0,0047;1,0091;False
18,78;-0,5169;0,0030;1,0083;False
18,79;-0,5169;0,0030;1,0083;False
18,79;-0,5169;0,0030;1,0083;False
18,80;-0,5169;0,0030;1,0083;False
18,80;-0,5141;0,0016;1,0065;False
18,81;-0,5141;0,0016;1,0065;False
18,82;-0,5141;0,0016;1,0065;False
18,82;-0,5097;0,0005;1,0037;False
18,83;-0,5097;0,0005;1,0037;False
18,83;-0,5097;0,0005;1,0037;False
18,84;-0,5037;-0,0003;0,9998;False
18,85;-0,5037;-0,0003;0,9998;False
18,85;-0,5037;-0,0003;0,9998;False
18,85;-0,5037;-0,0003;0,9998;False
18,86;-0,5037;-0,0003;0,9998;False
18,86;-0,4955;-0,0009;0,9944;False
18,87;-0,4955;-0,0009;0,9944;False
18,88;-0,4955;-0,0009;0,9944;False
18,88;-0,4955;-0,0009;0,9944;False
18,88;-0,4854;-0,0013;0,9879;False
18,89;-0,4854;-0,0013;0,9879;False
18,89;-0,4854;-0,0013;0,9879;False
18,90;-0,4854;-0,0013;0,9879;False
18,91;-0,4733;-0,0016;0,9800;False
18,91;-0,4733;-0,0016;0,9800;False
18,92;-0,4733;-0,0016;0,9800;False
18,92;-0,4733;-0,0016;0,9800;False
18,92;-0,4614;-0,0018;0,9722;False
18,93;-0,4614;-0,0018;0,9722;False
18,94;-0,4614;-0,0018;0,9722;False
18,94;-0,4614;-0,0018;0,9722;False
18,94;-0,4499;-0,0019;0,9647;False
18,95;-0,4499;-0,0019;0,9647;False
18,95;-0,4499;-0,0019;0,9647;False
18,96;-0,4499;-0,0019;0,9647;False
18,96;-0,4380;-0,0019;0,9569;False
18,97;-0,4380;-0,0019;0,9569;False
18,97;-0,4380;-0,0019;0,9569;False
18,98;-0,4380;-0,0019;0,9569;False
18,98;-0,4255;-0,0019;0,9487;False
18,99;-0,4255;-0,0019;0,9487;False
18,99;-0,4255;-0,0019;0,9487;False
18,99;-0,4255;-0,0019;0,9487;False
19,00;-0,4136;-0,0018;0,9409;False
19,01;-0,4136;-0,0018;0,9409;False
19,01;-0,4136;-0,0018;0,9409;False
19,02;-0,4136;-0,0018;0,9409;False
19,02;-0,4136;-0,0018;0,9409;False
19,03;-0,4022;-0,0017;0,9333;False
19,04;-0,4022;-0,0017;0,9333;False
19,04;-0,4022;-0,0017;0,9333;False
19,04;-0,3903;-0,0016;0,9255;False
19,05;-0,3903;-0,0016;0,9255;False
19,05;-0,3903;-0,0016;0,9255;False
19,06;-0,3903;-0,0016;0,9255;False
19,06;-0,3779;-0,0015;0,9173;False
19,07;-0,3779;-0,0015;0,9173;False
19,07;-0,3779;-0,0015;0,9173;False
19,08;-0,3779;-0,0015;0,9173;False
19,08;-0,3660;-0,0014;0,9094;False
19,09;-0,3660;-0,0014;0,9094;False
19,09;-0,3660;-0,0014;0,9094;False
19,10;-0,3660;-0,0014;0,9094;False
19,10;-0,3546;-0,0013;0,9018;False
19,11;-0,3546;-0,0013;0,9018;False
19,11;-0,3546;-0,0013;0,9018;False
19,12;-0,3546;-0,0013;0,9018;False
19,12;-0,3428;-0,0012;0,8939;False
19,13;-0,3428;-0,0012;0,8939;False
19,13;-0,3428;-0,0012;0,8939;False
19,14;-0,3428;-0,0012;0,8939;False
19,14;-0,3304;-0,0012;0,8857;False
19,15;-0,3304;-0,0012;0,8857;False
19,15;-0,3304;-0,0012;0,8857;False
19,16;-0,3304;-0,0012;0,8857;False
19,16;-0,3186;-0,0011;0,8777;False
19,17;-0,3186;-0,0011;0,8777;False
19,17;-0,3186;-0,0011;0,8777;False
19,18;-0,3186;-0,0011;0,8777;False
19,18;-0,3072;-0,0010;0,8701;False
19,19;-0,3072;-0,0010;0,8701;False
19,19;-0,3072;-0,0010;0,8701;False
19,19;-0,3072;-0,0010;0,8701;False
19,20;-0,3072;-0,0010;0,8701;False
19,20;-0,2955;-0,0010;0,8622;False
19,21;-0,2955;-0,0010;0,8622;False
19,22;-0,2955;-0,0010;0,8622;False
19,22;-0,2832;-0,0009;0,8539;False
19,22;-0,2832;-0,0009;0,8539;False
19,23;-0,2832;-0,0009;0,8539;False
19,23;-0,2832;-0,0009;0,8539;False
19,24;-0,2713;-0,0009;0,8460;False
19,25;-0,2713;-0,0009;0,8460;False
19,25;-0,2713;-0,0009;0,8460;False
19,26;-0,2713;-0,0009;0,8460;False
19,26;-0,2713;-0,0009;0,8460;False
19,26;-0,2600;-0,0009;0,8383;False
19,27;-0,2600;-0,0009;0,8383;False
19,28;-0,2600;-0,0009;0,8383;False
19,28;-0,2600;-0,0009;0,8383;False
19,28;-0,2483;-0,0009;0,8304;False
19,29;-0,2483;-0,0009;0,8304;False
19,29;-0,2483;-0,0009;0,8304;False
19,30;-0,2483;-0,0009;0,8304;False
19,31;-0,2360;-0,0008;0,8221;False
19,31;-0,2360;-0,0008;0,8221;False
19,31;-0,2360;-0,0008;0,8221;False
19,32;-0,2360;-0,0008;0,8221;False
19,32;-0,2243;-0,0008;0,8141;False
19,33;-0,2243;-0,0008;0,8141;False
19,34;-0,2243;-0,0008;0,8141;False
19,34;-0,2130;-0,0008;0,8064;False
19,35;-0,2130;-0,0008;0,8064;False
19,35;-0,2130;-0,0008;0,8064;False
19,35;-0,2130;-0,0008;0,8064;False
19,36;-0,2130;-0,0008;0,8064;False
19,36;-0,2027;-0,0014;0,7998;False
19,37;-0,2027;-0,0014;0,7998;False
19,37;-0,2027;-0,0014;0,7998;False
19,38;-0,2027;-0,0014;0,7998;False
19,38;-0,1982;-0,0037;0,7994;False
19,39;-0,1982;-0,0037;0,7994;False
19,39;-0,1982;-0,0037;0,7994;False
19,40;-0,1982;-0,0037;0,7994;False
19,40;-0,1962;-0,0057;0,7996;False
19,41;-0,1962;-0,0057;0,7996;False
19,41;-0,1962;-0,0057;0,7996;False
19,41;-0,1962;-0,0057;0,7996;False
19,42;-0,1962;-0,0057;0,7996;False
19,42;-0,1955;-0,0048;0,8004;False
19,43;-0,1955;-0,0048;0,8004;False
19,43;-0,1955;-0,0048;0,8004;False
19,44;-0,1955;-0,0048;0,8004;False
19,44;-0,1949;-0,0049;0,8009;False
19,45;-0,1949;-0,0049;0,8009;False
19,45;-0,1949;-0,0049;0,8009;False
19,46;-0,1949;-0,0049;0,8009;False
19,46;-0,1945;-0,0047;0,8012;False
19,47;-0,1945;-0,0047;0,8012;False
19,47;-0,1945;-0,0047;0,8012;False
19,48;-0,1945;-0,0047;0,8012;False
19,48;-0,1940;-0,0049;0,8015;False
19,49;-0,1940;-0,0049;0,8015;False
19,49;-0,1940;-0,0049;0,8015;False
19,50;-0,1940;-0,0049;0,8015;False
19,50;-0,1936;-0,0048;0,8019;False
19,51;-0,1936;-0,0048;0,8019;False
19,51;-0,1936;-0,0048;0,8019;False
19,52;-0,1936;-0,0048;0,8019;False
19,52;-0,1932;-0,0048;0,8022;False
19,53;-0,1932;-0,0048;0,8022;False
19,53;-0,1932;-0,0048;0,8022;False
19,54;-0,1932;-0,0048;0,8022;False
19,54;-0,1927;-0,0048;0,8025;False
19,55;-0,1927;-0,0048;0,8025;False
19,55;-0,1927;-0,0048;0,8025;False
19,55;-0,1927;-0,0048;0,8025;False
19,56;-0,1923;-0,0048;0,8029;False
19,57;-0,1923;-0,0048;0,8029;False
19,57;-0,1923;-0,0048;0,8029;False
19,57;-0,1923;-0,0048;0,8029;False
19,58;-0,1923;-0,0048;0,8029;False
19,58;-0,1919;-0,0048;0,8032;False
19,59;-0,1919;-0,0048;0,8032;False
19,59;-0,1919;-0,0048;0,8032;False
19,59;-0,1919;-0,0048;0,8032;False
19,60;-0,1919;-0,0048;0,8032;False
19,60;-0,1914;-0,0048;0,8035;False
19,61;-0,1914;-0,0048;0,8035;False
19,62;-0,1914;-0,0048;0,8035;False
19,62;-0,1910;-0,0048;0,8039;False
19,63;-0,1910;-0,0048;0,8039;False
19,63;-0,1910;-0,0048;0,8039;False
19,64;-0,1910;-0,0048;0,8039;False
19,64;-0,1906;-0,0048;0,8042;False
19,65;-0,1906;-0,0048;0,8042;False
19,66;-0,1906;-0,0048;0,8042;False
19,66;-0,1902;-0,0048;0,8045;False
19,67;-0,1902;-0,0048;0,8045;False
19,68;-0,1902;-0,0048;0,8045;False
19,68;-0,1897;-0,0048;0,8048;False
19,69;-0,1897;-0,0048;0,8048;False
19,69;-0,1897;-0,0048;0,8048;False
19,70;-0,1897;-0,0048;0,8048;False
19,71;-0,1893;-0,0048;0,8051;False
19,72;-0,1893;-0,0048;0,8051;False
19,72;-0,1889;-0,0048;0,8054;False
19,73;-0,1889;-0,0048;0,8054;False
19,73;-0,1889;-0,0048;0,8054;False
19,74;-0,1884;-0,0048;0,8058;False
19,75;-0,1884;-0,0048;0,8058;False
19,75;-0,1884;-0,0048;0,8058;False
19,75;-0,1884;-0,0048;0,8058;False
19,76;-0,1884;-0,0048;0,8058;False
19,76;-0,1880;-0,0048;0,8061;False
19,77;-0,1880;-0,0048;0,8061;False
19,77;-0,1880;-0,0048;0,8061;False
19,78;-0,1880;-0,0048;0,8061;False
19,78;-0,1875;-0,0048;0,8064;False
19,79;-0,1875;-0,0048;0,8064;False
19,79;-0,1875;-0,0048;0,8064;False
19,80;-0,1875;-0,0048;0,8064;False
19,80;-0,1871;-0,0048;0,8067;False
19,81;-0,1871;-0,0048;0,8067;False
19,81;-0,1871;-0,0048;0,8067;False
19,81;-0,1871;-0,0048;0,8067;False
19,82;-0,1871;-0,0048;0,8067;False
19,82;-0,1866;-0,0048;0,8070;False
19,83;-0,1866;-0,0048;0,8070;False
19,84;-0,1866;-0,0048;0,8070;False
19,84;-0,1862;-0,0048;0,8073;False
19,85;-0,1862;-0,0048;0,8073;False
19,85;-0,1862;-0,0048;0,8073;False
19,86;-0,1862;-0,0048;0,8073;False
19,86;-0,1858;-0,0048;0,8076;False
19,87;-0,1858;-0,0048;0,8076;False
19,87;-0,1858;-0,0048;0,8076;False
19,88;-0,1858;-0,0048;0,8076;False
19,88;-0,1853;-0,0048;0,8079;False
19,89;-0,1853;-0,0048;0,8079;False
19,89;-0,1853;-0,0048;0,8079;False
19,90;-0,1853;-0,0048;0,8079;False
19,90;-0,1849;-0,0048;0,8083;False
19,91;-0,1849;-0,0048;0,8083;False
19,91;-0,1849;-0,0048;0,8083;False
19,92;-0,1849;-0,0048;0,8083;False
19,92;-0,1844;-0,0048;0,8086;False
19,93;-0,1844;-0,0048;0,8086;False
19,93;-0,1844;-0,0048;0,8086;False
19,94;-0,1844;-0,0048;0,8086;False
19,94;-0,1840;-0,0048;0,8089;False
19,95;-0,1840;-0,0048;0,8089;False
19,95;-0,1840;-0,0048;0,8089;False
19,95;-0,1840;-0,0048;0,8089;False
19,96;-0,1835;-0,0048;0,8091;False
19,97;-0,1835;-0,0048;0,8092;False
19,97;-0,1835;-0,0048;0,8092;False
19,97;-0,1835;-0,0048;0,8092;False
19,98;-0,1835;-0,0048;0,8092;False
19,98;-0,1831;-0,0048;0,8094;False
19,99;-0,1831;-0,0048;0,8094;False
19,99;-0,1831;-0,0048;0,8094;False
20,00;-0,1831;-0,0048;0,8094;False
20,00;-0,1826;-0,0048;0,8097;False
20,01;-0,1826;-0,0048;0,8097;False
20,01;-0,1826;-0,0048;0,8097;False
20,02;-0,1826;-0,0048;0,8097;False
20,02;-0,1821;-0,0048;0,8100;False
20,03;-0,1821;-0,0048;0,8100;False
20,03;-0,1821;-0,0048;0,8100;False
20,04;-0,1821;-0,0048;0,8100;False
20,04;-0,1817;-0,0048;0,8103;False
20,05;-0,1817;-0,0048;0,8103;False
20,05;-0,1817;-0,0048;0,8103;False
20,05;-0,1817;-0,0048;0,8103;False
20,06;-0,1817;-0,0048;0,8103;False
20,06;-0,1812;-0,0048;0,8106;False
20,07;-0,1812;-0,0048;0,8106;False
20,07;-0,1812;-0,0048;0,8106;False
20,08;-0,1812;-0,0048;0,8106;False
20,08;-0,1807;-0,0048;0,8109;False
20,09;-0,1807;-0,0048;0,8109;False
20,09;-0,1807;-0,0048;0,8109;False
20,10;-0,1807;-0,0048;0,8109;False
20,10;-0,1807;-0,0048;0,8109;False
20,11;-0,1803;-0,0048;0,8112;False
20,11;-0,1803;-0,0048;0,8112;False
20,12;-0,1803;-0,0048;0,8112;False
20,12;-0,1798;-0,0048;0,8114;False
20,13;-0,1798;-0,0048;0,8114;False
20,13;-0,1798;-0,0048;0,8114;False
20,14;-0,1798;-0,0048;0,8114;False
20,14;-0,1793;-0,0048;0,8117;False
20,15;-0,1793;-0,0048;0,8117;False
20,15;-0,1793;-0,0048;0,8117;False
20,16;-0,1793;-0,0048;0,8117;False
20,16;-0,1788;-0,0048;0,8120;False
20,17;-0,1788;-0,0048;0,8120;False
20,17;-0,1788;-0,0048;0,8120;False
20,18;-0,1788;-0,0048;0,8120;False
20,18;-0,1784;-0,0048;0,8123;False
20,19;-0,1784;-0,0048;0,8123;False
20,19;-0,1784;-0,0048;0,8123;False
20,20;-0,1779;-0,0048;0,8125;False
20,21;-0,1779;-0,0048;0,8125;False
20,21;-0,1779;-0,0048;0,8125;False
20,22;-0,1779;-0,0048;0,8125;False
20,22;-0,1774;-0,0048;0,8128;False
20,23;-0,1774;-0,0048;0,8128;False
20,23;-0,1774;-0,0048;0,8128;False
20,24;-0,1774;-0,0048;0,8128;False
20,24;-0,1770;-0,0048;0,8131;False
20,25;-0,1770;-0,0048;0,8131;False
20,25;-0,1770;-0,0048;0,8131;False
20,26;-0,1770;-0,0048;0,8131;False
20,26;-0,1765;-0,0048;0,8133;False
20,27;-0,1765;-0,0048;0,8133;False
20,27;-0,1765;-0,0048;0,8133;False
20,28;-0,1765;-0,0048;0,8133;False
20,28;-0,1760;-0,0048;0,8136;False
20,29;-0,1760;-0,0048;0,8136;False
20,29;-0,1760;-0,0048;0,8136;False
20,30;-0,1760;-0,0048;0,8136;False
20,30;-0,1755;-0,0048;0,8138;False
20,31;-0,1755;-0,0048;0,8138;False
20,31;-0,1755;-0,0048;0,8138;False
20,32;-0,1755;-0,0048;0,8138;False
20,32;-0,1751;-0,0048;0,8141;False
20,33;-0,1751;-0,0048;0,8141;False
20,33;-0,1751;-0,0048;0,8141;False
20,34;-0,1751;-0,0048;0,8141;False
20,34;-0,1746;-0,0048;0,8143;False
20,35;-0,1746;-0,0048;0,8143;False
20,35;-0,1746;-0,0048;0,8143;False
20,35;-0,1746;-0,0048;0,8143;False
20,36;-0,1741;-0,0048;0,8146;False
20,37;-0,1741;-0,0048;0,8146;False
20,37;-0,1741;-0,0048;0,8146;False
20,37;-0,1741;-0,0048;0,8146;False
20,38;-0,1741;-0,0048;0,8146;False
20,38;-0,1736;-0,0048;0,8148;False
20,39;-0,1736;-0,0048;0,8148;False
20,39;-0,1736;-0,0048;0,8148;False
20,39;-0,1736;-0,0048;0,8148;False
20,40;-0,1736;-0,0048;0,8148;False
20,40;-0,1731;-0,0048;0,8151;False
20,41;-0,1731;-0,0048;0,8151;False
20,42;-0,1731;-0,0048;0,8151;False
20,42;-0,1726;-0,0048;0,8153;False
20,43;-0,1726;-0,0048;0,8153;False
20,43;-0,1726;-0,0048;0,8153;False
20,43;-0,1726;-0,0048;0,8153;False
20,44;-0,1722;-0,0048;0,8156;False
20,45;-0,1722;-0,0048;0,8156;False
20,45;-0,1722;-0,0048;0,8156;False
20,45;-0,1722;-0,0048;0,8156;False
20,46;-0,1722;-0,0048;0,8156;False
20,46;-0,1717;-0,0048;0,8158;False
20,47;-0,1717;-0,0048;0,8158;False
20,47;-0,1717;-0,0048;0,8158;False
20,48;-0,1717;-0,0048;0,8158;False
20,48;-0,1712;-0,0048;0,8160;False
20,49;-0,1712;-0,0048;0,8160;False
20,49;-0,1712;-0,0048;0,8160;False
20,50;-0,1712;-0,0048;0,8160;False
20,50;-0,1707;-0,0048;0,8163;False
20,51;-0,1707;-0,0048;0,8163;False
20,51;-0,1707;-0,0048;0,8163;False
20,52;-0,1707;-0,0048;0,8163;False
20,52;-0,1702;-0,0048;0,8165;False
20,53;-0,1702;-0,0048;0,8165;False
20,53;-0,1702;-0,0048;0,8165;False
20,54;-0,1702;-0,0048;0,8165;False
20,54;-0,1697;-0,0048;0,8167;False
20,55;-0,1697;-0,0048;0,8167;False
20,55;-0,1697;-0,0048;0,8167;False
20,56;-0,1697;-0,0048;0,8167;False
20,56;-0,1692;-0,0048;0,8170;False
20,57;-0,1692;-0,0048;0,8170;False
20,57;-0,1692;-0,0048;0,8170;False
20,58;-0,1692;-0,0048;0,8170;False
20,58;-0,1692;-0,0048;0,8170;False
20,58;-0,1687;-0,0048;0,8172;False
20,59;-0,1687;-0,0048;0,8172;False
20,59;-0,1687;-0,0048;0,8172;False
20,60;-0,1687;-0,0048;0,8172;False
20,60;-0,1682;-0,0048;0,8174;False
20,61;-0,1682;-0,0048;0,8174;False
20,61;-0,1682;-0,0048;0,8174;False
20,62;-0,1682;-0,0048;0,8174;False
20,62;-0,1682;-0,0048;0,8174;False
20,62;-0,1677;-0,0048;0,8176;False
20,63;-0,1677;-0,0048;0,8176;False
20,64;-0,1677;-0,0048;0,8176;False
20,65;-0,1672;-0,0048;0,8178;False
20,65;-0,1672;-0,0048;0,8178;False
20,66;-0,1667;-0,0048;0,8181;False
20,67;-0,1667;-0,0048;0,8181;False
20,68;-0,1662;-0,0048;0,8183;False
20,69;-0,1662;-0,0048;0,8183;False
20,70;-0,1657;-0,0048;0,8185;False
20,71;-0,1657;-0,0048;0,8185;False
20,72;-0,1652;-0,0048;0,8187;False
20,73;-0,1652;-0,0048;0,8187;False
20,74;-0,1647;-0,0048;0,8189;False
20,75;-0,1647;-0,0048;0,8189;False
20,76;-0,1642;-0,0048;0,8191;False
20,77;-0,1642;-0,0048;0,8191;False
20,78;-0,1637;-0,0048;0,8193;False
20,79;-0,1637;-0,0048;0,8193;False
20,80;-0,1637;-0,0048;0,8193;False
20,82;-0,1627;-0,0048;0,8197;False
20,84;-0,1627;-0,0048;0,8197;False
20,84;-0,1622;-0,0048;0,8199;False
20,85;-0,1622;-0,0048;0,8199;False
20,85;-0,1622;-0,0048;0,8199;False
20,86;-0,1622;-0,0048;0,8199;False
20,86;-0,1617;-0,0048;0,8201;False
20,87;-0,1617;-0,0048;0,8201;False
20,88;-0,1617;-0,0048;0,8201;False
20,88;-0,1612;-0,0048;0,8203;False
20,89;-0,1612;-0,0048;0,8203;False
20,89;-0,1612;-0,0048;0,8203;False
20,90;-0,1612;-0,0048;0,8203;False
20,90;-0,1607;-0,0048;0,8205;False
20,91;-0,1607;-0,0048;0,8205;False
20,91;-0,1607;-0,0048;0,8205;False
20,92;-0,1607;-0,0048;0,8205;False
20,92;-0,1602;-0,0048;0,8206;False
20,93;-0,1602;-0,0048;0,8206;False
20,94;-0,1602;-0,0048;0,8206;False
20,94;-0,1597;-0,0048;0,8208;False
20,95;-0,1597;-0,0048;0,8208;False
20,95;-0,1597;-0,0048;0,8208;False
20,95;-0,1597;-0,0048;0,8208;False
20,96;-0,1597;-0,0048;0,8208;False
20,96;-0,1591;-0,0048;0,8210;False
20,97;-0,1591;-0,0048;0,8210;False
20,97;-0,1591;-0,0048;0,8210;False
20,98;-0,1591;-0,0048;0,8210;False
20,98;-0,1586;-0,0048;0,8212;False
20,99;-0,1586;-0,0048;0,8212;False
20,99;-0,1586;-0,0048;0,8212;False
21,00;-0,1586;-0,0048;0,8212;False
21,00;-0,1581;-0,0048;0,8214;False
21,01;-0,1581;-0,0048;0,8214;False
21,01;-0,1581;-0,0048;0,8214;False
21,02;-0,1581;-0,0048;0,8214;False
21,02;-0,1576;-0,0048;0,8215;False
21,03;-0,1576;-0,0048;0,8215;False
21,03;-0,1576;-0,0048;0,8215;False
21,04;-0,1576;-0,0048;0,8215;False
21,04;-0,1571;-0,0048;0,8217;False
21,05;-0,1571;-0,0048;0,8217;False
21,05;-0,1571;-0,0048;0,8217;False
21,05;-0,1571;-0,0048;0,8217;False
21,06;-0,1571;-0,0048;0,8217;False
21,06;-0,1566;-0,0048;0,8219;False
21,07;-0,1566;-0,0048;0,8219;False
21,07;-0,1566;-0,0048;0,8219;False
21,08;-0,1566;-0,0048;0,8219;False
21,08;-0,1561;-0,0048;0,8220;False
21,09;-0,1561;-0,0048;0,8220;False
21,09;-0,1561;-0,0048;0,8220;False
21,10;-0,1561;-0,0048;0,8220;False
21,10;-0,1556;-0,0048;0,8222;False
21,11;-0,1556;-0,0048;0,8222;False
21,11;-0,1556;-0,0048;0,8222;False
21,11;-0,1556;-0,0048;0,8222;False
21,12;-0,1556;-0,0048;0,8222;False
21,12;-0,1550;-0,0048;0,8224;False
21,13;-0,1550;-0,0048;0,8224;False
21,14;-0,1550;-0,0048;0,8224;False
21,14;-0,1545;-0,0048;0,8225;False
21,14;-0,1545;-0,0048;0,8225;False
21,15;-0,1545;-0,0048;0,8225;False
21,15;-0,1545;-0,0048;0,8225;False
21,16;-0,1540;-0,0048;0,8227;False
21,17;-0,1540;-0,0048;0,8227;False
21,17;-0,1540;-0,0048;0,8227;False
21,17;-0,1540;-0,0048;0,8227;False
21,18;-0,1540;-0,0048;0,8227;False
21,18;-0,1535;-0,0048;0,8228;False
21,19;-0,1535;-0,0048;0,8228;False
21,19;-0,1535;-0,0048;0,8228;False
21,19;-0,1535;-0,0048;0,8228;False
21,20;-0,1535;-0,0048;0,8228;False
21,20;-0,1530;-0,0048;0,8230;False
21,21;-0,1530;-0,0048;0,8230;False
21,21;-0,1530;-0,0048;0,8230;False
21,22;-0,1530;-0,0048;0,8230;False
21,22;-0,1524;-0,0048;0,8231;False
21,23;-0,1524;-0,0048;0,8231;False
21,23;-0,1524;-0,0048;0,8231;False
21,24;-0,1519;-0,0048;0,8233;False
21,25;-0,1519;-0,0048;0,8233;False
21,25;-0,1519;-0,0048;0,8233;False
21,25;-0,1519;-0,0048;0,8233;False
21,26;-0,1519;-0,0048;0,8233;False
21,26;-0,1514;-0,0048;0,8234;False
21,27;-0,1514;-0,0048;0,8234;False
21,27;-0,1514;-0,0048;0,8234;False
21,28;-0,1514;-0,0048;0,8234;False
21,28;-0,1509;-0,0048;0,8236;False
21,29;-0,1509;-0,0048;0,8236;False
21,29;-0,1509;-0,0048;0,8236;False
21,30;-0,1509;-0,0048;0,8236;False
21,30;-0,1504;-0,0048;0,8237;False
21,31;-0,1504;-0,0048;0,8237;False
21,31;-0,1504;-0,0048;0,8237;False
21,32;-0,1504;-0,0048;0,8237;False
21,32;-0,1498;-0,0048;0,8238;False
21,34;-0,1498;-0,0048;0,8238;False
21,35;-0,1493;-0,0048;0,8240;False
21,35;-0,1493;-0,0048;0,8240;False
21,36;-0,1493;-0,0048;0,8240;False
21,37;-0,1488;-0,0048;0,8241;False
21,38;-0,1488;-0,0048;0,8241;False
21,38;-0,1482;-0,0048;0,8242;False
21,39;-0,1482;-0,0048;0,8242;False
21,40;-0,1482;-0,0048;0,8242;False
21,41;-0,1477;-0,0048;0,8244;False
21,41;-0,1477;-0,0048;0,8244;False
21,42;-0,1477;-0,0048;0,8244;False
21,42;-0,1477;-0,0048;0,8244;False
21,42;-0,1472;-0,0048;0,8245;False
21,43;-0,1472;-0,0048;0,8245;False
21,44;-0,1467;-0,0048;0,8246;False
21,44;-0,1467;-0,0048;0,8246;False
21,45;-0,1467;-0,0048;0,8246;False
21,45;-0,1467;-0,0048;0,8246;False
21,45;-0,1467;-0,0048;0,8246;False
21,46;-0,1467;-0,0048;0,8246;False
21,47;-0,1462;-0,0048;0,8247;False
21,47;-0,1462;-0,0048;0,8247;False
21,47;-0,1462;-0,0048;0,8247;False
21,48;-0,1462;-0,0048;0,8247;False
21,48;-0,1462;-0,0048;0,8247;False
21,48;-0,1456;-0,0048;0,8248;False
21,49;-0,1456;-0,0048;0,8248;False
21,49;-0,1456;-0,0048;0,8248;False
21,50;-0,1456;-0,0048;0,8248;False
21,50;-0,1451;-0,0048;0,8249;False
21,50;-0,1451;-0,0048;0,8249;False
21,51;-0,1451;-0,0048;0,8249;False
21,51;-0,1451;-0,0048;0,8249;False
21,51;-0,1451;-0,0048;0,8249;False
21,52;-0,1451;-0,0048;0,8249;False
21,53;-0,1446;-0,0048;0,8251;False
21,53;-0,1446;-0,0048;0,8251;False
21,54;-0,1446;-0,0048;0,8251;False
21,54;-0,1446;-0,0048;0,8251;False
21,54;-0,1440;-0,0048;0,8252;False
21,55;-0,1440;-0,0048;0,8252;False
21,55;-0,1440;-0,0048;0,8252;False
21,56;-0,1440;-0,0048;0,8252;False
21,56;-0,1435;-0,0048;0,8253;False
21,57;-0,1435;-0,0048;0,8253;False
21,57;-0,1435;-0,0048;0,8253;False
21,57;-0,1435;-0,0048;0,8253;False
21,58;-0,1435;-0,0048;0,8253;False
21,58;-0,1430;-0,0048;0,8254;False
21,59;-0,1430;-0,0048;0,8254;False
21,59;-0,1430;-0,0048;0,8254;False
21,59;-0,1430;-0,0048;0,8254;False
21,60;-0,1430;-0,0048;0,8254;False
21,60;-0,1424;-0,0048;0,8255;False
21,61;-0,1424;-0,0048;0,8255;False
21,61;-0,1424;-0,0048;0,8255;False
21,62;-0,1424;-0,0048;0,8255;False
21,62;-0,1419;-0,0048;0,8256;False
21,63;-0,1419;-0,0048;0,8256;False
21,63;-0,1419;-0,0048;0,8256;False
21,63;-0,1419;-0,0048;0,8256;False
21,64;-0,1414;-0,0048;0,8257;False
21,64;-0,1414;-0,0048;0,8257;False
21,65;-0,1414;-0,0048;0,8257;False
21,65;-0,1414;-0,0048;0,8257;False
21,66;-0,1414;-0,0048;0,8257;False
21,66;-0,1409;-0,0048;0,8258;False
21,67;-0,1409;-0,0048;0,8258;False
21,67;-0,1409;-0,0048;0,8258;False
21,68;-0,1409;-0,0048;0,8258;False
21,68;-0,1403;-0,0048;0,8259;False
21,69;-0,1403;-0,0048;0,8259;False
21,69;-0,1403;-0,0048;0,8259;False
21,70;-0,1398;-0,0048;0,8260;False
21,71;-0,1434;-0,0013;0,8253;False
21,71;-0,1434;-0,0013;0,8253;False
21,72;-0,1434;-0,0013;0,8253;False
21,72;-0,1429;-0,0022;0,8250;False
21,73;-0,1429;-0,0022;0,8250;False
21,74;-0,1429;-0,0022;0,8250;False
21,75;-0,1423;-0,0034;0,8248;False
21,75;-0,1423;-0,0034;0,8248;False
21,76;-0,1423;-0,0034;0,8248;False
21,76;-0,1417;-0,0044;0,8245;False
21,77;-0,1417;-0,0044;0,8245;False
21,78;-0,1417;-0,0044;0,8245;False
21,78;-0,1410;-0,0037;0,8249;False
21,79;-0,1410;-0,0037;0,8249;False
21,80;-0,1410;-0,0037;0,8249;False
21,81;-0,1405;-0,0038;0,8250;False
21,81;-0,1405;-0,0038;0,8250;False
21,82;-0,1405;-0,0038;0,8250;False
21,83;-0,1400;-0,0037;0,8250;False
21,84;-0,1400;-0,0037;0,8250;False
21,84;-0,1400;-0,0037;0,8250;False
21,85;-0,1394;-0,0040;0,8250;False
21,85;-0,1394;-0,0040;0,8250;False
21,86;-0,1394;-0,0040;0,8250;False
21,87;-0,1389;-0,0037;0,8252;False
21,87;-0,1389;-0,0037;0,8252;False
21,88;-0,1389;-0,0037;0,8252;False
21,88;-0,1384;-0,0037;0,8253;False
21,89;-0,1384;-0,0037;0,8253;False
21,90;-0,1378;-0,0037;0,8253;False
21,91;-0,1378;-0,0037;0,8253;False
21,91;-0,1378;-0,0037;0,8253;False
21,92;-0,1378;-0,0037;0,8253;False
21,92;-0,1373;-0,0037;0,8254;False
21,94;-0,1373;-0,0037;0,8254;False
21,94;-0,1368;-0,0037;0,8254;False
21,95;-0,1368;-0,0037;0,8254;False
21,95;-0,1368;-0,0037;0,8254;False
21,96;-0,1363;-0,0037;0,8255;False
21,97;-0,1363;-0,0037;0,8255;False
21,97;-0,1363;-0,0037;0,8255;False
21,98;-0,1363;-0,0037;0,8255;False
21,98;-0,1358;-0,0037;0,8256;False
21,99;-0,1358;-0,0037;0,8256;False
21,99;-0,1358;-0,0037;0,8256;False
21,99;-0,1358;-0,0037;0,8256;False
22,00;-0,1358;-0,0037;0,8256;False
22,00;-0,1352;-0,0037;0,8256;False
22,01;-0,1352;-0,0037;0,8256;False
22,02;-0,1352;-0,0037;0,8256;False
22,02;-0,1347;-0,0037;0,8257;False
22,03;-0,1347;-0,0037;0,8257;False
22,04;-0,1347;-0,0037;0,8257;False
22,04;-0,1331;-0,0024;0,8263;False
22,05;-0,1331;-0,0024;0,8263;False
22,06;-0,1331;-0,0024;0,8263;False
22,06;-0,1330;-0,0026;0,8263;False
22,07;-0,1330;-0,0026;0,8263;False
22,08;-0,1330;-0,0025;0,8263;False
22,09;-0,1330;-0,0025;0,8263;False
22,10;-0,1330;-0,0025;0,8263;False
22,10;-0,1330;-0,0024;0,8264;False
22,11;-0,1330;-0,0024;0,8264;False
22,12;-0,1330;-0,0024;0,8264;False
22,12;-0,1330;-0,0023;0,8264;False
22,13;-0,1330;-0,0023;0,8264;False
22,14;-0,1330;-0,0023;0,8264;False
22,15;-0,1331;-0,0021;0,8265;False
22,15;-0,1331;-0,0021;0,8265;False
22,16;-0,1331;-0,0018;0,8267;False
22,17;-0,1331;-0,0018;0,8267;False
22,18;-0,1331;-0,0018;0,8267;False
22,18;-0,1332;-0,0016;0,8268;False
22,19;-0,1332;-0,0016;0,8268;False
22,19;-0,1332;-0,0016;0,8268;False
22,20;-0,1332;-0,0014;0,8270;False
22,21;-0,1332;-0,0014;0,8270;False
22,21;-0,1332;-0,0014;0,8270;False
22,22;-0,1332;-0,0012;0,8271;False
22,23;-0,1332;-0,0012;0,8271;False
22,24;-0,1332;-0,0012;0,8271;False
22,24;-0,1333;-0,0011;0,8273;False
22,25;-0,1333;-0,0011;0,8273;False
22,25;-0,1333;-0,0011;0,8273;False
22,26;-0,1333;-0,0010;0,8274;False
22,27;-0,1333;-0,0010;0,8274;False
22,27;-0,1333;-0,0010;0,8274;False
22,28;-0,1333;-0,0010;0,8274;False
22,28;-0,1334;-0,0009;0,8276;False
22,29;-0,1334;-0,0009;0,8276;False
22,30;-0,1358;0,0039;0,8274;False
22,30;-0,1359;0,0025;0,8275;False
22,31;-0,1359;0,0025;0,8275;False
22,31;-0,1359;0,0025;0,8275;False
22,32;-0,1359;0,0025;0,8275;False
22,32;-0,1359;0,0013;0,8276;False
22,33;-0,1359;0,0013;0,8276;False
22,34;-0,1359;0,0004;0,8277;False
22,35;-0,1359;0,0004;0,8277;False
22,35;-0,1359;0,0004;0,8277;False
22,36;-0,1360;-0,0003;0,8279;False
22,37;-0,1360;-0,0003;0,8279;False
22,37;-0,1360;-0,0003;0,8279;False
22,38;-0,1360;-0,0003;0,8279;False
22,38;-0,1360;-0,0008;0,8280;False
22,39;-0,1360;-0,0008;0,8280;False
22,40;-0,1360;-0,0008;0,8280;False
22,40;-0,1361;-0,0012;0,8281;False
22,41;-0,1361;-0,0012;0,8281;False
22,42;-0,1361;-0,0012;0,8281;False
22,42;-0,1357;-0,0016;0,8274;False
22,43;-0,1357;-0,0016;0,8274;False
22,43;-0,1357;-0,0016;0,8274;False
22,44;-0,1357;-0,0016;0,8274;False
22,44;-0,1351;-0,0023;0,8270;False
22,45;-0,1351;-0,0023;0,8270;False
22,45;-0,1351;-0,0023;0,8270;False
22,46;-0,1351;-0,0023;0,8270;False
22,46;-0,1345;-0,0032;0,8266;False
22,47;-0,1345;-0,0032;0,8266;False
22,47;-0,1345;-0,0032;0,8266;False
22,48;-0,1345;-0,0032;0,8266;False
22,48;-0,1345;-0,0032;0,8266;False
22,48;-0,1339;-0,0040;0,8263;False
22,49;-0,1339;-0,0040;0,8263;False
22,49;-0,1339;-0,0040;0,8263;False
22,50;-0,1339;-0,0040;0,8263;False
22,50;-0,1333;0,0019;0,8258;False
22,51;-0,1333;0,0019;0,8258;False
22,51;-0,1333;0,0019;0,8258;False
22,52;-0,1333;0,0019;0,8258;False
22,52;-0,1333;0,0019;0,8258;False
22,52;-0,1327;-0,0005;0,8253;False
22,53;-0,1327;-0,0005;0,8253;False
22,53;-0,1327;-0,0005;0,8253;False
22,54;-0,1321;-0,0023;0,8247;False
22,55;-0,1321;-0,0023;0,8247;False
22,55;-0,1321;-0,0023;0,8247;False
22,56;-0,1321;-0,0023;0,8247;False
22,56;-0,1316;-0,0023;0,8249;False
22,57;-0,1316;-0,0023;0,8249;False
22,57;-0,1316;-0,0023;0,8249;False
22,58;-0,1316;-0,0023;0,8249;False
22,58;-0,1312;-0,0024;0,8249;False
22,59;-0,1312;-0,0024;0,8249;False
22,59;-0,1312;-0,0024;0,8249;False
22,60;-0,1312;-0,0024;0,8249;False
22,60;-0,1307;-0,0024;0,8249;False
22,61;-0,1307;-0,0024;0,8249;False
22,61;-0,1307;-0,0024;0,8249;False
22,61;-0,1307;-0,0024;0,8249;False
22,62;-0,1307;-0,0024;0,8249;False
22,62;-0,1305;-0,0023;0,8249;False
22,63;-0,1305;-0,0023;0,8249;False
22,63;-0,1305;-0,0023;0,8249;False
22,64;-0,1305;-0,0023;0,8249;False
22,64;-0,1304;-0,0023;0,8249;False
22,65;-0,1304;-0,0023;0,8249;False
22,65;-0,1304;-0,0023;0,8249;False
22,65;-0,1304;-0,0023;0,8249;False
22,66;-0,1304;-0,0023;0,8249;False
22,66;-0,1303;-0,0022;0,8249;False
22,67;-0,1303;-0,0022;0,8249;False
22,67;-0,1303;-0,0022;0,8249;False
22,68;-0,1303;-0,0022;0,8249;False
22,68;-0,1302;-0,0021;0,8249;False
22,69;-0,1302;-0,0021;0,8249;False
22,69;-0,1302;-0,0021;0,8249;False
22,70;-0,1302;-0,0021;0,8249;False
22,70;-0,1303;-0,0020;0,8251;False
22,70;-0,1303;-0,0020;0,8251;False
22,71;-0,1303;-0,0020;0,8251;False
22,71;-0,1303;-0,0020;0,8251;False
22,72;-0,1303;-0,0020;0,8251;False
22,72;-0,1302;-0,0018;0,8251;False
22,73;-0,1302;-0,0018;0,8251;False
22,73;-0,1302;-0,0018;0,8251;False
22,74;-0,1302;-0,0018;0,8251;False
22,74;-0,1304;-0,0016;0,8259;False
22,75;-0,1304;-0,0016;0,8259;False
22,75;-0,1304;-0,0016;0,8259;False
22,76;-0,1307;-0,0014;0,8270;False
22,77;-0,1307;-0,0014;0,8270;False
22,77;-0,1307;-0,0014;0,8270;False
22,77;-0,1307;-0,0014;0,8270;False
22,78;-0,1307;-0,0014;0,8270;False
22,78;-0,1312;-0,0013;0,8285;False
22,79;-0,1312;-0,0013;0,8285;False
22,79;-0,1312;-0,0013;0,8285;False
22,79;-0,1312;-0,0013;0,8285;False
22,80;-0,1312;-0,0013;0,8285;False
22,80;-0,1318;-0,0011;0,8309;False
22,81;-0,1318;-0,0011;0,8309;False
22,82;-0,1318;-0,0011;0,8309;False
22,82;-0,1328;-0,0011;0,8344;False
22,83;-0,1328;-0,0011;0,8344;False
22,83;-0,1328;-0,0011;0,8344;False
22,84;-0,1328;-0,0011;0,8344;False
22,84;-0,1339;-0,0010;0,8383;False
22,85;-0,1339;-0,0010;0,8383;False
22,85;-0,1339;-0,0010;0,8383;False
22,85;-0,1339;-0,0010;0,8383;False
22,86;-0,1339;-0,0010;0,8383;False
22,86;-0,1354;-0,0009;0,8438;False
22,87;-0,1354;-0,0009;0,8438;False
22,87;-0,1354;-0,0009;0,8438;False
22,88;-0,1373;-0,0009;0,8508;False
22,89;-0,1373;-0,0009;0,8508;False
22,89;-0,1373;-0,0009;0,8508;False
22,89;-0,1373;-0,0009;0,8508;False
22,90;-0,1373;-0,0009;0,8508;False
22,91;-0,1396;-0,0008;0,8589;False
22,91;-0,1396;-0,0008;0,8589;False
22,92;-0,1396;-0,0008;0,8589;False
22,92;-0,1425;-0,0008;0,8692;False
22,93;-0,1425;-0,0008;0,8692;False
22,93;-0,1425;-0,0008;0,8692;False
22,94;-0,1425;-0,0008;0,8692;False
22,94;-0,1459;-0,0008;0,8812;False
22,95;-0,1459;-0,0008;0,8812;False
22,95;-0,1459;-0,0008;0,8812;False
22,96;-0,1459;-0,0008;0,8812;False
22,96;-0,1498;-0,0008;0,8951;False
22,97;-0,1498;-0,0008;0,8951;False
22,97;-0,1498;-0,0008;0,8951;False
22,98;-0,1498;-0,0008;0,8951;False
22,98;-0,1543;-0,0008;0,9112;False
22,99;-0,1543;-0,0008;0,9112;False
22,99;-0,1543;-0,0008;0,9112;False
22,99;-0,1543;-0,0008;0,9112;False
23,00;-0,1594;-0,0008;0,9293;False
23,01;-0,1594;-0,0008;0,9293;False
23,01;-0,1594;-0,0008;0,9293;False
23,01;-0,1594;-0,0008;0,9293;False
23,02;-0,1594;-0,0008;0,9293;False
23,02;-0,1652;-0,0008;0,9495;False
23,03;-0,1652;-0,0008;0,9495;False
23,03;-0,1652;-0,0008;0,9495;False
23,04;-0,1652;-0,0008;0,9495;False
23,04;-0,1716;-0,0008;0,9720;False
23,05;-0,1716;-0,0008;0,9720;False
23,05;-0,1716;-0,0008;0,9720;False
23,05;-0,1716;-0,0008;0,9720;False
23,06;-0,1716;-0,0008;0,9720;False
23,06;-0,1786;-0,0008;0,9967;False
23,07;-0,1786;-0,0008;0,9967;False
23,07;-0,1786;-0,0008;0,9967;False
23,08;-0,1786;-0,0008;0,9967;False
23,08;-0,1786;-0,0008;0,9967;False
23,08;-0,1864;-0,0008;1,0236;False
23,09;-0,1864;-0,0008;1,0236;False
23,10;-0,1864;-0,0008;1,0236;False
23,10;-0,1948;-0,0008;1,0526;False
23,11;-0,1948;-0,0008;1,0526;False
23,11;-0,1948;-0,0008;1,0526;False
23,11;-0,1948;-0,0008;1,0526;False
23,12;-0,1948;-0,0008;1,0526;False
23,12;-0,2038;-0,0008;1,0835;False
23,13;-0,2038;-0,0008;1,0835;False
23,13;-0,2038;-0,0008;1,0835;False
23,14;-0,2038;-0,0008;1,0835;False
23,14;-0,2134;-0,0008;1,1163;False
23,15;-0,2134;-0,0008;1,1163;False
23,15;-0,2134;-0,0008;1,1163;False
23,16;-0,2134;-0,0008;1,1163;False
23,16;-0,2236;-0,0008;1,1508;False
23,17;-0,2236;-0,0008;1,1508;False
23,17;-0,2236;-0,0008;1,1508;False
23,17;-0,2236;-0,0008;1,1508;False
23,18;-0,2236;-0,0008;1,1508;False
23,18;-0,2344;-0,0008;1,1870;False
23,19;-0,2344;-0,0008;1,1870;False
23,19;-0,2344;-0,0008;1,1870;False
23,19;-0,2344;-0,0008;1,1870;False
23,20;-0,2344;-0,0008;1,1870;False
23,20;-0,2458;-0,0008;1,2248;False
23,21;-0,2458;-0,0008;1,2248;False
23,22;-0,2458;-0,0008;1,2248;False
23,22;-0,2513;-0,0029;1,2602;True
23,23;-0,2513;-0,0029;1,2602;False
23,23;-0,2513;-0,0029;1,2602;False
23,24;-0,2513;-0,0029;1,2602;False
23,24;-0,2586;-0,0039;1,2974;False
23,25;-0,2586;-0,0039;1,2974;False
23,25;-0,2586;-0,0039;1,2974;False
23,26;-0,2586;-0,0039;1,2974;False
23,26;-0,2586;-0,0039;1,2974;False
23,26;-0,2668;-0,0044;1,3361;False
23,28;-0,2668;-0,0044;1,3361;False
23,28;-0,2747;-0,0039;1,3729;False
23,29;-0,2747;-0,0039;1,3729;False
23,29;-0,2747;-0,0039;1,3729;False
23,30;-0,2747;-0,0039;1,3729;False
23,30;-0,2823;-0,0039;1,4083;False
23,31;-0,2823;-0,0039;1,4083;False
23,32;-0,2823;-0,0039;1,4083;False
23,33;-0,2896;-0,0038;1,4421;False
23,33;-0,2896;-0,0038;1,4421;False
23,34;-0,2965;-0,0036;1,4745;False
23,35;-0,2965;-0,0036;1,4745;False
23,35;-0,2965;-0,0036;1,4745;False
23,36;-0,2965;-0,0036;1,4745;False
23,36;-0,3032;-0,0033;1,5056;False
23,37;-0,3032;-0,0033;1,5056;False
23,38;-0,3032;-0,0033;1,5056;False
23,38;-0,3095;-0,0030;1,5346;False
23,39;-0,3095;-0,0030;1,5346;False
23,39;-0,3095;-0,0030;1,5346;False
23,39;-0,3095;-0,0030;1,5346;False
23,40;-0,3155;-0,0027;1,5625;False
23,41;-0,3155;-0,0027;1,5625;False
23,41;-0,3155;-0,0027;1,5625;False
23,42;-0,3155;-0,0027;1,5625;False
23,42;-0,3213;-0,0025;1,5891;False
23,43;-0,3213;-0,0025;1,5891;False
23,43;-0,3213;-0,0025;1,5891;False
23,44;-0,3213;-0,0025;1,5891;False
23,44;-0,3269;-0,0022;1,6147;False
23,45;-0,3269;-0,0022;1,6147;False
23,45;-0,3269;-0,0022;1,6147;False
23,46;-0,3269;-0,0022;1,6147;False
23,47;-0,3323;-0,0019;1,6391;False
23,47;-0,3323;-0,0019;1,6391;False
23,47;-0,3323;-0,0019;1,6391;False
23,48;-0,3374;-0,0017;1,6620;False
23,49;-0,3374;-0,0017;1,6620;False
23,49;-0,3374;-0,0017;1,6620;False
23,50;-0,3374;-0,0017;1,6620;False
23,50;-0,3423;-0,0015;1,6840;False
23,51;-0,3423;-0,0015;1,6840;False
23,52;-0,3423;-0,0015;1,6840;False
23,52;-0,3470;-0,0014;1,7050;False
23,54;-0,3470;-0,0014;1,7050;False
23,55;-0,3516;-0,0012;1,7251;False
23,55;-0,3516;-0,0012;1,7251;False
23,56;-0,3560;-0,0011;1,7444;False
23,57;-0,3587;0,0070;1,7430;False
23,58;-0,3587;0,0070;1,7430;False
23,58;-0,3629;0,0044;1,7612;False
23,59;-0,3629;0,0044;1,7612;False
23,60;-0,3629;0,0044;1,7612;False
23,60;-0,3669;0,0025;1,7785;False
23,61;-0,3669;0,0025;1,7785;False
23,62;-0,3669;0,0025;1,7785;False
23,62;-0,3708;0,0009;1,7951;False
23,63;-0,3708;0,0009;1,7951;False
23,63;-0,3708;0,0009;1,7951;False
23,64;-0,3745;-0,0002;1,8110;False
23,65;-0,3745;-0,0002;1,8110;False
23,65;-0,3745;-0,0002;1,8110;False
23,66;-0,3745;-0,0002;1,8110;False
23,66;-0,3782;-0,0011;1,8263;False
23,67;-0,3782;-0,0011;1,8263;False
23,68;-0,3782;-0,0011;1,8263;False
23,68;-0,3815;-0,0017;1,8405;False
23,69;-0,3815;-0,0017;1,8405;False
23,69;-0,3815;-0,0017;1,8405;False
23,70;-0,3815;-0,0017;1,8405;False
23,71;-0,3848;-0,0021;1,8542;False
23,71;-0,3848;-0,0021;1,8542;False
23,72;-0,3848;-0,0021;1,8542;False
23,72;-0,3880;-0,0023;1,8673;False
23,73;-0,3880;-0,0023;1,8673;False
23,73;-0,3880;-0,0023;1,8673;False
23,74;-0,3910;-0,0024;1,8798;False
23,75;-0,3910;-0,0024;1,8798;False
23,76;-0,3910;-0,0024;1,8798;False
23,76;-0,3939;-0,0024;1,8918;False
23,77;-0,3939;-0,0024;1,8918;False
23,78;-0,3966;-0,0023;1,9031;False
23,79;-0,3966;-0,0023;1,9031;False
23,80;-0,3966;-0,0023;1,9031;False
23,80;-0,3993;-0,0022;1,9139;False
23,81;-0,3993;-0,0022;1,9139;False
23,82;-0,4018;-0,0021;1,9243;False
23,83;-0,4018;-0,0021;1,9243;False
23,83;-0,4018;-0,0021;1,9243;False
23,84;-0,4018;-0,0021;1,9243;False
23,84;-0,4042;-0,0020;1,9342;False
23,85;-0,4042;-0,0020;1,9342;False
23,86;-0,4042;-0,0020;1,9342;False
23,86;-0,4066;-0,0018;1,9437;False
23,87;-0,4066;-0,0018;1,9437;False
23,88;-0,4066;-0,0018;1,9437;False
23,89;-0,4088;-0,0017;1,9526;False
23,89;-0,4088;-0,0017;1,9526;False
23,90;-0,4149;0,0074;1,9608;False
23,91;-0,4149;0,0074;1,9608;False
23,92;-0,4149;0,0074;1,9608;False
23,93;-0,4173;0,0043;1,9706;False
23,94;-0,4173;0,0043;1,9706;False
23,94;-0,4173;0,0043;1,9706;False
23,94;-0,4201;0,0020;1,9818;False
23,95;-0,4201;0,0020;1,9818;False
23,96;-0,4201;0,0020;1,9818;False
23,96;-0,4230;0,0003;1,9933;False
23,97;-0,4230;0,0003;1,9933;False
23,97;-0,4230;0,0003;1,9933;False
23,98;-0,4230;0,0003;1,9933;False
23,98;-0,4260;-0,0009;2,0053;False
23,99;-0,4260;-0,0009;2,0053;False
23,99;-0,4260;-0,0009;2,0053;False
24,00;-0,4260;-0,0009;2,0053;False
24,00;-0,4260;-0,0009;2,0053;False
24,00;-0,4290;-0,0018;2,0173;False
24,01;-0,4290;-0,0018;2,0173;False
24,02;-0,4290;-0,0018;2,0173;False
24,02;-0,4321;-0,0024;2,0294;False
24,03;-0,4321;-0,0024;2,0294;False
24,03;-0,4321;-0,0024;2,0294;False
24,04;-0,4321;-0,0024;2,0294;False
24,05;-0,4351;-0,0028;2,0413;False
24,05;-0,4351;-0,0028;2,0413;False
24,06;-0,4351;-0,0028;2,0413;False
24,06;-0,4381;-0,0030;2,0528;False
24,07;-0,4381;-0,0030;2,0528;False
24,07;-0,4381;-0,0030;2,0528;False
24,08;-0,4381;-0,0030;2,0528;False
24,08;-0,4409;-0,0030;2,0637;False
24,09;-0,4409;-0,0030;2,0637;False
24,10;-0,4409;-0,0030;2,0637;False
24,10;-0,4435;-0,0029;2,0740;False
24,11;-0,4435;-0,0029;2,0740;False
24,11;-0,4435;-0,0030;2,0740;False
24,12;-0,4435;-0,0030;2,0740;False
24,12;-0,4459;-0,0028;2,0832;False
24,13;-0,4459;-0,0028;2,0832;False
24,14;-0,4459;-0,0028;2,0832;False
24,14;-0,4480;-0,0026;2,0913;False
24,15;-0,4480;-0,0026;2,0913;False
24,15;-0,4480;-0,0026;2,0913;False
24,16;-0,4497;-0,0024;2,0978;False
24,17;-0,4497;-0,0024;2,0978;False
24,18;-0,4497;-0,0024;2,0978;False
24,18;-0,4511;-0,0022;2,1035;False
24,19;-0,4511;-0,0022;2,1035;False
24,19;-0,4511;-0,0022;2,1035;False
24,20;-0,4511;-0,0022;2,1035;False
24,21;-0,4522;-0,0020;2,1076;False
24,22;-0,4522;-0,0020;2,1076;False
24,22;-0,4529;-0,0018;2,1103;False
24,23;-0,4529;-0,0018;2,1103;False
24,24;-0,4529;-0,0018;2,1103;False
24,24;-0,4531;-0,0017;2,1110;False
24,25;-0,4531;-0,0017;2,1110;False
24,25;-0,4531;-0,0017;2,1110;False
24,26;-0,4528;-0,0015;2,1100;False
24,27;-0,4528;-0,0015;2,1100;False
24,27;-0,4528;-0,0015;2,1100;False
24,28;-0,4528;-0,0015;2,1100;False
24,28;-0,4521;-0,0014;2,1071;False
24,29;-0,4521;-0,0014;2,1071;False
24,30;-0,4521;-0,0014;2,1071;False
24,30;-0,4507;-0,0012;2,1020;False
24,31;-0,4507;-0,0012;2,1020;False
24,31;-0,4507;-0,0012;2,1020;False
24,32;-0,4507;-0,0012;2,1020;False
24,32;-0,4487;-0,0011;2,0944;False
24,33;-0,4487;-0,0011;2,0944;False
24,33;-0,4487;-0,0011;2,0944;False
24,34;-0,4487;-0,0011;2,0944;False
24,34;-0,4460;-0,0010;2,0839;False
24,35;-0,4460;-0,0010;2,0839;False
24,36;-0,4460;-0,0010;2,0839;False
24,37;-0,4426;-0,0010;2,0710;False
24,37;-0,4426;-0,0010;2,0710;False
24,37;-0,4426;-0,0010;2,0710;False
24,38;-0,4426;-0,0010;2,0710;False
24,38;-0,4387;-0,0009;2,0557;False
24,39;-0,4387;-0,0009;2,0557;False
24,39;-0,4387;-0,0009;2,0557;False
24,40;-0,4387;-0,0009;2,0557;False
24,40;-0,4347;-0,0009;2,0404;False
24,41;-0,4347;-0,0009;2,0404;False
24,41;-0,4347;-0,0009;2,0404;False
24,42;-0,4347;-0,0009;2,0404;False
24,42;-0,4310;-0,0008;2,0258;False
24,43;-0,4310;-0,0008;2,0258;False
24,43;-0,4310;-0,0008;2,0258;False
24,44;-0,4274;-0,0008;2,0117;False
24,45;-0,4274;-0,0008;2,0117;False
24,45;-0,4274;-0,0008;2,0117;False
24,46;-0,4274;-0,0008;2,0117;False
24,46;-0,4274;-0,0008;2,0117;False
24,46;-0,4239;-0,0008;1,9983;False
24,47;-0,4239;-0,0008;1,9983;False
24,48;-0,4239;-0,0008;1,9983;False
24,48;-0,4207;-0,0008;1,9853;False
24,49;-0,4207;-0,0008;1,9853;False
24,49;-0,4207;-0,0008;1,9853;False
24,49;-0,4207;-0,0008;1,9853;False
24,50;-0,4207;-0,0008;1,9853;False
24,51;-0,4173;-0,0008;1,9720;False
24,51;-0,4173;-0,0008;1,9720;False
24,52;-0,4173;-0,0008;1,9720;False
24,52;-0,4130;-0,0008;1,9551;False
24,53;-0,4130;-0,0008;1,9551;False
24,54;-0,4130;-0,0008;1,9551;False
24,54;-0,4130;-0,0008;1,9551;False
24,54;-0,4089;-0,0008;1,9385;False
24,55;-0,4089;-0,0008;1,9385;False
24,55;-0,4089;-0,0008;1,9385;False
24,56;-0,4089;-0,0008;1,9385;False
24,57;-0,4049;-0,0008;1,9225;False
24,57;-0,4049;-0,0008;1,9225;False
24,58;-0,4049;-0,0008;1,9225;False
24,58;-0,4011;-0,0008;1,9072;False
24,59;-0,4011;-0,0008;1,9072;False
24,59;-0,4011;-0,0008;1,9072;False
24,60;-0,4011;-0,0008;1,9072;False
24,60;-0,3975;-0,0008;1,8925;False
24,61;-0,3975;-0,0008;1,8925;False
24,61;-0,3975;-0,0008;1,8925;False
24,62;-0,3975;-0,0008;1,8925;False
24,62;-0,3940;-0,0008;1,8784;False
24,63;-0,3940;-0,0008;1,8784;False
24,63;-0,3940;-0,0008;1,8784;False
24,64;-0,3940;-0,0008;1,8784;False
24,64;-0,3907;-0,0008;1,8649;False
24,65;-0,3907;-0,0008;1,8649;False
24,65;-0,3907;-0,0008;1,8649;False
24,66;-0,3907;-0,0008;1,8649;False
24,66;-0,3875;-0,0008;1,8519;False
24,67;-0,3875;-0,0008;1,8519;False
24,67;-0,3875;-0,0008;1,8519;False
24,68;-0,3875;-0,0008;1,8519;False
24,68;-0,3843;-0,0008;1,8385;False
24,69;-0,3843;-0,0008;1,8385;False
24,69;-0,3843;-0,0008;1,8385;False
24,70;-0,3843;-0,0008;1,8385;False
24,70;-0,3809;-0,0008;1,8244;False
24,71;-0,3809;-0,0008;1,8244;False
24,71;-0,3809;-0,0008;1,8244;False
24,72;-0,3809;-0,0008;1,8244;False
24,72;-0,3776;-0,0008;1,8108;False
24,73;-0,3776;-0,0008;1,8108;False
24,74;-0,3776;-0,0008;1,8108;False
24,74;-0,3745;-0,0008;1,7978;False
24,75;-0,3745;-0,0008;1,7978;False
24,75;-0,3745;-0,0008;1,7978;False
24,76;-0,3745;-0,0008;1,7978;False
24,77;-0,3713;-0,0008;1,7844;False
24,77;-0,3713;-0,0008;1,7844;False
24,78;-0,3713;-0,0008;1,7844;False
24,78;-0,3679;-0,0008;1,7702;False
24,79;-0,3679;-0,0008;1,7702;False
24,79;-0,3679;-0,0008;1,7702;False
24,79;-0,3679;-0,0008;1,7702;False
24,80;-0,3679;-0,0008;1,7702;False
24,80;-0,3647;-0,0008;1,7566;False
24,81;-0,3647;-0,0008;1,7566;False
24,82;-0,3647;-0,0008;1,7566;False
24,82;-0,3616;-0,0008;1,7436;False
24,83;-0,3616;-0,0008;1,7436;False
24,83;-0,3616;-0,0008;1,7436;False
24,83;-0,3616;-0,0008;1,7436;False
24,84;-0,3585;-0,0008;1,7301;False
24,85;-0,3585;-0,0008;1,7301;False
24,85;-0,3585;-0,0008;1,7301;False
24,86;-0,3585;-0,0008;1,7301;False
24,86;-0,3551;-0,0008;1,7160;False
24,87;-0,3551;-0,0008;1,7160;False
24,88;-0,3551;-0,0008;1,7160;False
24,88;-0,3520;-0,0008;1,7023;False
24,89;-0,3520;-0,0008;1,7023;False
24,89;-0,3520;-0,0008;1,7023;False
24,89;-0,3520;-0,0008;1,7023;False
24,90;-0,3520;-0,0008;1,7023;False
24,91;-0,3490;-0,0008;1,6893;False
24,91;-0,3490;-0,0008;1,6893;False
24,92;-0,3490;-0,0008;1,6893;False
24,92;-0,3458;-0,0008;1,6758;False
24,93;-0,3458;-0,0008;1,6758;False
24,93;-0,3458;-0,0008;1,6758;False
24,94;-0,3458;-0,0008;1,6758;False
24,94;-0,3426;-0,0008;1,6616;False
24,95;-0,3426;-0,0008;1,6616;False
24,95;-0,3426;-0,0008;1,6616;False
24,96;-0,3426;-0,0008;1,6616;False
24,96;-0,3394;-0,0008;1,6479;False
24,97;-0,3394;-0,0008;1,6479;False
24,98;-0,3365;-0,0008;1,6349;False
24,99;-0,3365;-0,0008;1,6349;False
24,99;-0,3365;-0,0008;1,6349;False
24,99;-0,3365;-0,0008;1,6349;False
25,00;-0,3334;-0,0008;1,6213;False
25,01;-0,3334;-0,0008;1,6213;False
25,01;-0,3334;-0,0008;1,6213;False
25,02;-0,3334;-0,0008;1,6213;False
25,02;-0,3334;-0,0008;1,6213;False
25,02;-0,3302;-0,0008;1,6071;False
25,03;-0,3302;-0,0008;1,6071;False
25,04;-0,3302;-0,0008;1,6071;False
25,04;-0,3271;-0,0008;1,5934;False
25,05;-0,3271;-0,0008;1,5934;False
25,05;-0,3271;-0,0008;1,5934;False
25,06;-0,3271;-0,0008;1,5934;False
25,06;-0,3271;-0,0008;1,5934;False
25,07;-0,3242;-0,0008;1,5803;False
25,07;-0,3242;-0,0008;1,5803;False
25,08;-0,3242;-0,0008;1,5803;False
25,08;-0,3242;-0,0008;1,5803;False
25,08;-0,3212;-0,0008;1,5667;False
25,09;-0,3212;-0,0008;1,5667;False
25,10;-0,3212;-0,0008;1,5667;False
25,10;-0,3180;-0,0008;1,5525;False
25,11;-0,3180;-0,0008;1,5525;False
25,11;-0,3180;-0,0008;1,5525;False
25,11;-0,3180;-0,0008;1,5525;False
25,12;-0,3180;-0,0008;1,5525;False
25,12;-0,3150;-0,0008;1,5388;False
25,13;-0,3150;-0,0008;1,5388;False
25,13;-0,3150;-0,0008;1,5388;False
25,14;-0,3150;-0,0008;1,5388;False
25,14;-0,3150;-0,0008;1,5388;False
25,14;-0,3121;-0,0008;1,5257;False
25,15;-0,3121;-0,0008;1,5257;False
25,15;-0,3121;-0,0008;1,5257;False
25,16;-0,3121;-0,0008;1,5257;False
25,16;-0,3091;-0,0008;1,5121;False
25,17;-0,3091;-0,0008;1,5121;False
25,17;-0,3091;-0,0008;1,5121;False
25,18;-0,3091;-0,0008;1,5121;False
25,18;-0,3060;-0,0008;1,4978;False
25,19;-0,3060;-0,0008;1,4978;False
25,19;-0,3060;-0,0008;1,4978;False
25,20;-0,3060;-0,0008;1,4978;False
25,20;-0,3030;-0,0008;1,4841;False
25,21;-0,3030;-0,0008;1,4841;False
25,21;-0,3030;-0,0008;1,4841;False
25,22;-0,3030;-0,0008;1,4841;False
25,22;-0,3002;-0,0008;1,4709;False
25,23;-0,3002;-0,0008;1,4709;False
25,23;-0,3002;-0,0008;1,4709;False
25,23;-0,3002;-0,0008;1,4709;False
25,24;-0,2973;-0,0008;1,4573;False
25,25;-0,2973;-0,0008;1,4573;False
25,25;-0,2973;-0,0008;1,4573;False
25,26;-0,2973;-0,0008;1,4573;False
25,26;-0,2973;-0,0008;1,4573;False
25,26;-0,2947;-0,0010;1,4439;False
25,27;-0,2947;-0,0010;1,4439;False
25,27;-0,2947;-0,0010;1,4439;False
25,28;-0,2947;-0,0010;1,4439;False
25,28;-0,2910;-0,0038;1,4386;False
25,29;-0,2910;-0,0038;1,4386;False
25,29;-0,2910;-0,0038;1,4386;False
25,30;-0,2910;-0,0038;1,4386;False
25,30;-0,2891;-0,0059;1,4364;False
25,31;-0,2891;-0,0059;1,4364;False
25,31;-0,2891;-0,0059;1,4364;False
25,32;-0,2891;-0,0059;1,4364;False
25,32;-0,2875;-0,0045;1,4365;False
25,33;-0,2875;-0,0045;1,4365;False
25,33;-0,2875;-0,0045;1,4365;False
25,34;-0,2875;-0,0045;1,4365;False
25,34;-0,2863;-0,0044;1,4362;False
25,35;-0,2863;-0,0044;1,4362;False
25,35;-0,2863;-0,0044;1,4362;False
25,36;-0,2863;-0,0044;1,4362;False
25,36;-0,2854;-0,0046;1,4357;False
25,37;-0,2854;-0,0046;1,4357;False
25,37;-0,2854;-0,0046;1,4357;False
25,38;-0,2844;-0,0045;1,4355;False
25,39;-0,2844;-0,0045;1,4355;False
25,39;-0,2844;-0,0045;1,4355;False
25,39;-0,2844;-0,0045;1,4355;False
25,40;-0,2833;-0,0044;1,4352;False
25,41;-0,2833;-0,0044;1,4352;False
25,41;-0,2833;-0,0044;1,4352;False
25,41;-0,2833;-0,0044;1,4352;False
25,42;-0,2833;-0,0044;1,4352;False
25,42;-0,2824;-0,0044;1,4349;False
25,43;-0,2824;-0,0044;1,4349;False
25,43;-0,2824;-0,0044;1,4349;False
25,44;-0,2824;-0,0044;1,4349;False
25,44;-0,2814;-0,0044;1,4345;False
25,45;-0,2814;-0,0044;1,4345;False
25,45;-0,2814;-0,0044;1,4345;False
25,46;-0,2814;-0,0044;1,4345;False
25,46;-0,2804;-0,0044;1,4342;False
25,47;-0,2804;-0,0044;1,4342;False
25,47;-0,2804;-0,0044;1,4342;False
25,48;-0,2804;-0,0044;1,4342;False
25,48;-0,2804;-0,0044;1,4342;False
25,48;-0,2795;-0,0044;1,4338;False
25,49;-0,2795;-0,0044;1,4338;False
25,49;-0,2795;-0,0044;1,4338;False
25,50;-0,2795;-0,0044;1,4338;False
25,50;-0,2785;-0,0044;1,4334;False
25,51;-0,2785;-0,0044;1,4334;False
25,51;-0,2785;-0,0044;1,4334;False
25,51;-0,2785;-0,0044;1,4334;False
25,52;-0,2785;-0,0044;1,4334;False
25,52;-0,2776;-0,0044;1,4331;False
25,53;-0,2776;-0,0044;1,4331;False
25,53;-0,2776;-0,0044;1,4331;False
25,54;-0,2776;-0,0044;1,4331;False
25,54;-0,2766;-0,0044;1,4327;False
25,55;-0,2766;-0,0044;1,4327;False
25,55;-0,2766;-0,0044;1,4327;False
25,56;-0,2766;-0,0044;1,4327;False
25,56;-0,2757;-0,0044;1,4323;False
25,57;-0,2757;-0,0044;1,4323;False
25,57;-0,2757;-0,0044;1,4323;False
25,58;-0,2757;-0,0044;1,4323;False
25,58;-0,2747;-0,0044;1,4319;False
25,59;-0,2747;-0,0044;1,4319;False
25,59;-0,2747;-0,0044;1,4319;False
25,59;-0,2747;-0,0044;1,4319;False
25,60;-0,2747;-0,0044;1,4319;False
25,60;-0,2738;-0,0044;1,4315;False
25,61;-0,2738;-0,0044;1,4315;False
25,62;-0,2738;-0,0044;1,4315;False
25,62;-0,2729;-0,0044;1,4311;False
25,62;-0,2729;-0,0044;1,4311;False
25,63;-0,2729;-0,0044;1,4311;False
25,63;-0,2729;-0,0044;1,4311;False
25,64;-0,2719;-0,0044;1,4307;False
25,65;-0,2719;-0,0044;1,4307;False
25,65;-0,2719;-0,0044;1,4307;False
25,65;-0,2719;-0,0044;1,4307;False
25,66;-0,2719;-0,0044;1,4307;False
25,66;-0,2710;-0,0044;1,4303;False
25,67;-0,2710;-0,0044;1,4303;False
25,67;-0,2710;-0,0044;1,4303;False
25,68;-0,2710;-0,0044;1,4303;False
25,68;-0,2701;-0,0044;1,4299;False
25,69;-0,2701;-0,0044;1,4299;False
25,69;-0,2701;-0,0044;1,4299;False
25,70;-0,2701;-0,0044;1,4299;False
25,70;-0,2692;-0,0044;1,4294;False
25,71;-0,2692;-0,0044;1,4294;False
25,71;-0,2692;-0,0044;1,4294;False
25,72;-0,2692;-0,0044;1,4294;False
25,72;-0,2683;-0,0044;1,4290;False
25,73;-0,2683;-0,0044;1,4290;False
25,73;-0,2683;-0,0044;1,4290;False
25,74;-0,2683;-0,0044;1,4290;False
25,74;-0,2674;-0,0044;1,4285;False
25,75;-0,2674;-0,0044;1,4285;False
25,75;-0,2674;-0,0044;1,4285;False
25,76;-0,2674;-0,0044;1,4285;False
25,76;-0,2664;-0,0044;1,4281;False
25,77;-0,2664;-0,0044;1,4281;False
25,77;-0,2664;-0,0044;1,4281;False
25,78;-0,2664;-0,0044;1,4281;False
25,78;-0,2655;-0,0044;1,4277;False
25,79;-0,2655;-0,0044;1,4277;False
25,79;-0,2655;-0,0044;1,4277;False
25,80;-0,2655;-0,0044;1,4277;False
25,80;-0,2646;-0,0044;1,4272;False
25,81;-0,2646;-0,0044;1,4272;False
25,81;-0,2646;-0,0044;1,4272;False
25,81;-0,2646;-0,0044;1,4272;False
25,82;-0,2646;-0,0044;1,4272;False
25,82;-0,2638;-0,0044;1,4267;False
25,83;-0,2638;-0,0044;1,4267;False
25,83;-0,2638;-0,0044;1,4267;False
25,84;-0,2638;-0,0044;1,4267;False
25,84;-0,2629;-0,0044;1,4262;False
25,85;-0,2629;-0,0044;1,4262;False
25,85;-0,2629;-0,0044;1,4262;False
25,86;-0,2629;-0,0044;1,4262;False
25,86;-0,2620;-0,0044;1,4257;False
25,87;-0,2620;-0,0044;1,4257;False
25,87;-0,2620;-0,0044;1,4257;False
25,88;-0,2620;-0,0044;1,4257;False
25,88;-0,2611;-0,0044;1,4253;False
25,89;-0,2611;-0,0044;1,4253;False
25,89;-0,2611;-0,0044;1,4253;False
25,90;-0,2611;-0,0044;1,4253;False
25,90;-0,2603;-0,0044;1,4248;False
25,90;-0,2603;-0,0044;1,4248;False
25,91;-0,2603;-0,0044;1,4248;False
25,91;-0,2603;-0,0044;1,4248;False
25,92;-0,2603;-0,0044;1,4248;False
25,92;-0,2594;-0,0044;1,4243;False
25,93;-0,2594;-0,0044;1,4243;False
25,93;-0,2594;-0,0044;1,4243;False
25,94;-0,2594;-0,0044;1,4243;False
25,94;-0,2586;-0,0043;1,4239;False
25,95;-0,2586;-0,0043;1,4239;False
25,95;-0,2586;-0,0043;1,4239;False
25,96;-0,2586;-0,0043;1,4239;False
25,96;-0,2578;-0,0043;1,4233;False
25,97;-0,2578;-0,0043;1,4233;False
25,97;-0,2578;-0,0043;1,4233;False
25,98;-0,2578;-0,0043;1,4233;False
25,98;-0,2570;-0,0043;1,4229;False
25,99;-0,2570;-0,0043;1,4229;False
25,99;-0,2570;-0,0043;1,4229;False
25,99;-0,2570;-0,0043;1,4229;False
26,00;-0,2562;-0,0043;1,4224;False
26,01;-0,2562;-0,0043;1,4224;False
26,01;-0,2562;-0,0043;1,4224;False
26,02;-0,2562;-0,0043;1,4224;False
26,02;-0,2554;-0,0042;1,4219;False
26,03;-0,2554;-0,0042;1,4219;False
26,03;-0,2554;-0,0042;1,4219;False
26,04;-0,2554;-0,0042;1,4219;False
26,04;-0,2547;-0,0042;1,4214;False
26,05;-0,2547;-0,0042;1,4214;False
26,05;-0,2547;-0,0042;1,4214;False
26,06;-0,2547;-0,0042;1,4214;False
26,06;-0,2547;-0,0042;1,4214;False
26,06;-0,2539;-0,0042;1,4208;False
26,07;-0,2539;-0,0042;1,4208;False
26,08;-0,2539;-0,0042;1,4208;False
26,08;-0,2531;-0,0042;1,4203;False
26,09;-0,2531;-0,0042;1,4203;False
26,09;-0,2531;-0,0042;1,4203;False
26,09;-0,2531;-0,0042;1,4203;False
26,10;-0,2531;-0,0042;1,4203;False
26,11;-0,2523;-0,0042;1,4197;False
26,11;-0,2523;-0,0042;1,4197;False
26,12;-0,2523;-0,0042;1,4197;False
26,12;-0,2523;-0,0042;1,4197;False
26,12;-0,2515;-0,0042;1,4191;False
26,13;-0,2515;-0,0042;1,4191;False
26,14;-0,2515;-0,0042;1,4191;False
26,14;-0,2515;-0,0042;1,4191;False
26,14;-0,2506;-0,0042;1,4186;False
26,15;-0,2506;-0,0042;1,4186;False
26,15;-0,2506;-0,0042;1,4186;False
26,16;-0,2506;-0,0042;1,4186;False
26,16;-0,2498;-0,0042;1,4180;False
26,17;-0,2498;-0,0042;1,4180;False
26,17;-0,2498;-0,0042;1,4180;False
26,18;-0,2498;-0,0042;1,4180;False
26,18;-0,2490;-0,0043;1,4173;False
26,19;-0,2490;-0,0043;1,4173;False
26,19;-0,2490;-0,0043;1,4173;False
26,20;-0,2482;-0,0043;1,4167;False
26,21;-0,2482;-0,0043;1,4167;False
26,21;-0,2482;-0,0043;1,4167;False
26,22;-0,2482;-0,0043;1,4167;False
26,22;-0,2482;-0,0043;1,4167;False
26,22;-0,2474;-0,0043;1,4161;False
26,23;-0,2474;-0,0043;1,4161;False
26,24;-0,2474;-0,0043;1,4161;False
26,24;-0,2474;-0,0043;1,4161;False
26,24;-0,2466;-0,0043;1,4154;False
26,25;-0,2466;-0,0043;1,4154;False
26,25;-0,2466;-0,0043;1,4154;False
26,26;-0,2466;-0,0043;1,4154;False
26,26;-0,2458;-0,0043;1,4148;False
26,27;-0,2458;-0,0043;1,4148;False
26,27;-0,2458;-0,0043;1,4148;False
26,28;-0,2458;-0,0043;1,4148;False
26,28;-0,2450;-0,0044;1,4142;False
26,29;-0,2450;-0,0044;1,4142;False
26,29;-0,2450;-0,0044;1,4142;False
26,30;-0,2450;-0,0044;1,4142;False
26,30;-0,2442;-0,0043;1,4135;False
26,31;-0,2442;-0,0043;1,4135;False
26,31;-0,2442;-0,0043;1,4135;False
26,32;-0,2442;-0,0043;1,4135;False
26,32;-0,2442;-0,0043;1,4135;False
26,33;-0,2435;-0,0043;1,4129;False
26,33;-0,2435;-0,0043;1,4129;False
26,34;-0,2435;-0,0043;1,4129;False
26,34;-0,2427;-0,0043;1,4123;False
26,35;-0,2427;-0,0043;1,4123;False
26,35;-0,2427;-0,0043;1,4123;False
26,35;-0,2427;-0,0043;1,4123;False
26,36;-0,2420;-0,0043;1,4116;False
26,37;-0,2420;-0,0043;1,4116;False
26,37;-0,2420;-0,0043;1,4116;False
26,37;-0,2420;-0,0043;1,4116;False
26,38;-0,2420;-0,0043;1,4116;False
26,38;-0,2412;-0,0043;1,4110;False
26,39;-0,2412;-0,0043;1,4110;False
26,40;-0,2412;-0,0043;1,4110;False
26,40;-0,2405;-0,0043;1,4103;False
26,41;-0,2405;-0,0043;1,4103;False
26,42;-0,2405;-0,0043;1,4103;False
26,42;-0,2398;-0,0043;1,4097;False
26,43;-0,2398;-0,0043;1,4097;False
26,43;-0,2398;-0,0043;1,4097;False
26,44;-0,2398;-0,0043;1,4097;False
26,45;-0,2391;-0,0043;1,4090;False
26,45;-0,2391;-0,0043;1,4090;False
26,46;-0,2383;-0,0043;1,4083;False
26,47;-0,2383;-0,0043;1,4083;False
26,48;-0,2383;-0,0043;1,4083;False
26,48;-0,2376;-0,0043;1,4077;False
26,49;-0,2376;-0,0043;1,4077;False
26,49;-0,2376;-0,0043;1,4077;False
26,50;-0,2376;-0,0043;1,4077;False
26,50;-0,2369;-0,0043;1,4070;False
26,51;-0,2369;-0,0043;1,4070;False
26,51;-0,2369;-0,0043;1,4070;False
26,52;-0,2369;-0,0043;1,4070;False
26,52;-0,2362;-0,0043;1,4063;False
26,53;-0,2362;-0,0043;1,4063;False
26,53;-0,2362;-0,0043;1,4063;False
26,54;-0,2362;-0,0043;1,4063;False
26,54;-0,2356;-0,0043;1,4056;False
26,55;-0,2356;-0,0043;1,4056;False
26,55;-0,2356;-0,0043;1,4056;False
26,56;-0,2356;-0,0043;1,4056;False
26,56;-0,2349;-0,0043;1,4049;False
26,57;-0,2349;-0,0043;1,4049;False
26,57;-0,2349;-0,0043;1,4049;False
26,58;-0,2349;-0,0043;1,4049;False
26,58;-0,2342;-0,0043;1,4042;False
26,59;-0,2342;-0,0043;1,4042;False
26,59;-0,2342;-0,0043;1,4042;False
26,60;-0,2335;-0,0043;1,4035;False
26,61;-0,2335;-0,0043;1,4035;False
26,61;-0,2335;-0,0043;1,4035;False
26,62;-0,2335;-0,0043;1,4035;False
26,62;-0,2328;-0,0043;1,4028;False
26,63;-0,2328;-0,0043;1,4028;False
26,63;-0,2328;-0,0043;1,4028;False
26,64;-0,2328;-0,0043;1,4028;False
26,64;-0,2321;-0,0043;1,4021;False
26,65;-0,2321;-0,0043;1,4021;False
26,65;-0,2321;-0,0043;1,4021;False
26,65;-0,2321;-0,0043;1,4021;False
26,66;-0,2321;-0,0043;1,4021;False
26,67;-0,2315;-0,0043;1,4014;False
26,67;-0,2315;-0,0043;1,4014;False
26,67;-0,2315;-0,0043;1,4014;False
26,68;-0,2315;-0,0043;1,4014;False
26,68;-0,2309;-0,0043;1,4007;False
26,69;-0,2309;-0,0043;1,4007;False
26,70;-0,2309;-0,0043;1,4007;False
26,70;-0,2302;-0,0043;1,4000;False
26,71;-0,2302;-0,0043;1,4000;False
26,71;-0,2302;-0,0043;1,4000;False
26,71;-0,2302;-0,0043;1,4000;False
26,72;-0,2302;-0,0043;1,4000;False
26,72;-0,2296;-0,0043;1,3992;False
26,73;-0,2296;-0,0043;1,3992;False
26,74;-0,2296;-0,0043;1,3992;False
26,74;-0,2296;-0,0043;1,3992;False
26,75;-0,2289;-0,0043;1,3985;False
26,75;-0,2289;-0,0043;1,3985;False
26,75;-0,2289;-0,0043;1,3985;False
26,76;-0,2283;-0,0043;1,3978;False
26,77;-0,2283;-0,0043;1,3978;False
26,77;-0,2283;-0,0043;1,3978;False
26,78;-0,2283;-0,0043;1,3978;False
26,78;-0,2283;-0,0043;1,3978;False
26,78;-0,2277;-0,0043;1,3970;False
26,79;-0,2277;-0,0043;1,3970;False
26,80;-0,2277;-0,0043;1,3970;False
26,80;-0,2271;-0,0043;1,3963;False
26,81;-0,2271;-0,0043;1,3963;False
26,81;-0,2271;-0,0043;1,3963;False
26,82;-0,2271;-0,0043;1,3963;False
26,82;-0,2265;-0,0043;1,3955;False
26,83;-0,2265;-0,0043;1,3955;False
26,83;-0,2265;-0,0043;1,3955;False
26,84;-0,2265;-0,0043;1,3955;False
26,84;-0,2259;-0,0043;1,3948;False
26,85;-0,2259;-0,0043;1,3948;False
26,85;-0,2259;-0,0043;1,3948;False
26,86;-0,2259;-0,0043;1,3948;False
26,86;-0,2259;-0,0043;1,3948;False
26,86;-0,2253;-0,0043;1,3940;False
26,87;-0,2253;-0,0043;1,3940;False
26,88;-0,2253;-0,0043;1,3940;False
26,88;-0,2247;-0,0043;1,3932;False
26,89;-0,2247;-0,0043;1,3932;False
26,89;-0,2247;-0,0043;1,3932;False
26,89;-0,2247;-0,0043;1,3932;False
26,90;-0,2247;-0,0043;1,3932;False
26,91;-0,2241;-0,0043;1,3925;False
26,91;-0,2241;-0,0043;1,3925;False
26,92;-0,2241;-0,0043;1,3925;False
26,92;-0,2241;-0,0043;1,3925;False
26,92;-0,2236;-0,0043;1,3917;False
26,93;-0,2236;-0,0043;1,3917;False
26,94;-0,2236;-0,0043;1,3917;False
26,94;-0,2230;-0,0043;1,3909;False
26,95;-0,2230;-0,0043;1,3909;False
26,95;-0,2230;-0,0043;1,3909;False
26,96;-0,2230;-0,0043;1,3909;False
26,96;-0,2224;-0,0043;1,3901;False
26,97;-0,2224;-0,0043;1,3901;False
26,97;-0,2224;-0,0043;1,3901;False
26,98;-0,2224;-0,0043;1,3901;False
26,98;-0,2219;-0,0043;1,3894;False
26,99;-0,2219;-0,0043;1,3894;False
26,99;-0,2219;-0,0043;1,3894;False
27,00;-0,2213;-0,0043;1,3886;False
27,01;-0,2213;-0,0043;1,3886;False
27,01;-0,2213;-0,0043;1,3886;False
27,02;-0,2213;-0,0043;1,3886;False
27,02;-0,2208;-0,0043;1,3878;False
27,03;-0,2208;-0,0043;1,3878;False
27,03;-0,2208;-0,0043;1,3878;False
27,04;-0,2208;-0,0043;1,3878;False
27,04;-0,2203;-0,0043;1,3870;False
27,05;-0,2203;-0,0043;1,3870;False
27,05;-0,2203;-0,0043;1,3870;False
27,06;-0,2203;-0,0043;1,3870;False
27,06;-0,2197;-0,0043;1,3862;False
27,07;-0,2197;-0,0043;1,3862;False
27,07;-0,2197;-0,0043;1,3862;False
27,08;-0,2197;-0,0043;1,3862;False
27,08;-0,2192;-0,0043;1,3854;False
27,09;-0,2192;-0,0043;1,3854;False
27,09;-0,2192;-0,0043;1,3854;False
27,10;-0,2192;-0,0043;1,3854;False
27,10;-0,2187;-0,0043;1,3846;False
27,11;-0,2187;-0,0043;1,3846;False
27,11;-0,2187;-0,0043;1,3846;False
27,11;-0,2187;-0,0043;1,3846;False
27,12;-0,2187;-0,0043;1,3846;False
27,12;-0,2182;-0,0043;1,3838;False
27,13;-0,2182;-0,0043;1,3838;False
27,13;-0,2182;-0,0043;1,3838;False
27,14;-0,2182;-0,0043;1,3838;False
27,14;-0,2177;-0,0043;1,3830;False
27,15;-0,2177;-0,0043;1,3830;False
27,15;-0,2177;-0,0043;1,3830;False
27,16;-0,2177;-0,0043;1,3830;False
27,16;-0,2172;-0,0043;1,3821;False
27,17;-0,2172;-0,0043;1,3821;False
27,17;-0,2172;-0,0043;1,3821;False
27,18;-0,2172;-0,0043;1,3821;False
27,18;-0,2172;-0,0043;1,3821;False
27,18;-0,2167;-0,0043;1,3813;False
27,19;-0,2167;-0,0043;1,3813;False
27,19;-0,2167;-0,0043;1,3813;False
27,20;-0,2167;-0,0043;1,3813;False
27,20;-0,2162;-0,0043;1,3805;False
27,21;-0,2162;-0,0043;1,3805;False
27,21;-0,2162;-0,0043;1,3805;False
27,22;-0,2162;-0,0043;1,3805;False
27,22;-0,2157;-0,0043;1,3797;False
27,23;-0,2157;-0,0043;1,3797;False
27,23;-0,2157;-0,0043;1,3797;False
27,24;-0,2153;-0,0043;1,3789;False
27,25;-0,2153;-0,0043;1,3789;False
27,25;-0,2153;-0,0043;1,3789;False
27,25;-0,2153;-0,0043;1,3789;False
27,26;-0,2153;-0,0043;1,3789;False
27,26;-0,2148;-0,0042;1,3780;False
27,27;-0,2148;-0,0042;1,3780;False
27,27;-0,2148;-0,0042;1,3780;False
27,28;-0,2148;-0,0042;1,3780;False
27,28;-0,2144;-0,0042;1,3772;False
27,29;-0,2144;-0,0042;1,3772;False
27,29;-0,2144;-0,0042;1,3772;False
27,30;-0,2144;-0,0042;1,3772;False
27,30;-0,2139;-0,0042;1,3764;False
27,31;-0,2139;-0,0042;1,3764;False
27,31;-0,2139;-0,0042;1,3764;False
27,32;-0,2139;-0,0042;1,3764;False
27,32;-0,2139;-0,0042;1,3764;False
27,32;-0,2135;-0,0042;1,3755;False
27,33;-0,2135;-0,0042;1,3755;False
27,33;-0,2135;-0,0042;1,3755;False
27,34;-0,2135;-0,0042;1,3755;False
27,34;-0,2130;-0,0042;1,3747;False
27,35;-0,2130;-0,0042;1,3747;False
27,35;-0,2130;-0,0042;1,3747;False
27,36;-0,2130;-0,0042;1,3747;False
27,36;-0,2130;-0,0042;1,3747;False
27,37;-0,2126;-0,0042;1,3738;False
27,37;-0,2126;-0,0042;1,3738;False
27,37;-0,2126;-0,0042;1,3738;False
27,38;-0,2126;-0,0042;1,3738;False
27,38;-0,2122;-0,0042;1,3730;False
27,39;-0,2122;-0,0042;1,3730;False
27,39;-0,2122;-0,0042;1,3730;False
27,40;-0,2122;-0,0042;1,3730;False
27,41;-0,2118;-0,0042;1,3721;False
27,41;-0,2118;-0,0042;1,3721;False
27,42;-0,2118;-0,0042;1,3721;False
27,42;-0,2118;-0,0042;1,3721;False
27,42;-0,2114;-0,0042;1,3713;False
27,43;-0,2114;-0,0042;1,3713;False
27,44;-0,2114;-0,0042;1,3713;False
27,44;-0,2114;-0,0042;1,3713;False
27,44;-0,2110;-0,0042;1,3704;False
27,45;-0,2110;-0,0042;1,3704;False
27,45;-0,2110;-0,0042;1,3704;False
27,45;-0,2110;-0,0042;1,3704;False
27,46;-0,2110;-0,0042;1,3704;False
27,47;-0,2106;-0,0042;1,3695;False
27,47;-0,2106;-0,0042;1,3695;False
27,47;-0,2106;-0,0042;1,3695;False
27,48;-0,2106;-0,0042;1,3695;False
27,48;-0,2102;-0,0042;1,3687;False
27,49;-0,2102;-0,0042;1,3687;False
27,49;-0,2102;-0,0042;1,3687;False
27,50;-0,2102;-0,0042;1,3687;False
27,50;-0,2098;-0,0042;1,3678;False
27,50;-0,2098;-0,0042;1,3678;False
27,51;-0,2098;-0,0042;1,3678;False
27,51;-0,2098;-0,0042;1,3678;False
27,52;-0,2098;-0,0042;1,3678;False
27,52;-0,2094;-0,0042;1,3669;False
27,53;-0,2094;-0,0042;1,3669;False
27,53;-0,2094;-0,0042;1,3669;False
27,54;-0,2094;-0,0042;1,3669;False
27,54;-0,2094;-0,0042;1,3669;False
27,54;-0,2091;-0,0042;1,3661;False
27,55;-0,2091;-0,0042;1,3661;False
27,56;-0,2091;-0,0042;1,3661;False
27,56;-0,2087;-0,0042;1,3652;False
27,57;-0,2087;-0,0042;1,3652;False
27,57;-0,2087;-0,0042;1,3652;False
27,58;-0,2087;-0,0042;1,3652;False
27,58;-0,2083;-0,0042;1,3643;False
27,59;-0,2083;-0,0042;1,3643;False
27,59;-0,2083;-0,0042;1,3643;False
27,60;-0,2083;-0,0042;1,3643;False
27,60;-0,2080;-0,0042;1,3635;False
27,61;-0,2080;-0,0042;1,3635;False
27,62;-0,2080;-0,0042;1,3635;False
27,62;-0,2080;-0,0042;1,3635;False
27,62;-0,2076;-0,0042;1,3626;False
27,63;-0,2076;-0,0042;1,3626;False
27,63;-0,2076;-0,0042;1,3626;False
27,64;-0,2073;-0,0042;1,3617;False
27,65;-0,2073;-0,0042;1,3617;False
27,65;-0,2073;-0,0042;1,3617;False
27,65;-0,2073;-0,0042;1,3617;False
27,66;-0,2073;-0,0042;1,3617;False
27,66;-0,2070;-0,0042;1,3609;False
27,67;-0,2070;-0,0042;1,3609;False
27,67;-0,2070;-0,0042;1,3609;False
27,68;-0,2070;-0,0042;1,3609;False
27,68;-0,2066;-0,0042;1,3600;False
27,69;-0,2066;-0,0042;1,3600;False
27,69;-0,2066;-0,0042;1,3600;False
27,70;-0,2066;-0,0042;1,3600;False
27,70;-0,2063;-0,0042;1,3591;False
27,71;-0,2063;-0,0042;1,3591;False
27,71;-0,2063;-0,0042;1,3591;False
27,72;-0,2063;-0,0042;1,3591;False
27,72;-0,2060;-0,0042;1,3582;False
27,73;-0,2060;-0,0042;1,3582;False
27,73;-0,2060;-0,0042;1,3582;False
27,74;-0,2060;-0,0042;1,3582;False
27,74;-0,2057;-0,0042;1,3574;False
27,75;-0,2057;-0,0042;1,3574;False
27,75;-0,2057;-0,0042;1,3574;False
27,76;-0,2057;-0,0042;1,3574;False
27,76;-0,2055;-0,0041;1,3565;False
27,77;-0,2055;-0,0041;1,3565;False
27,77;-0,2055;-0,0041;1,3565;False
27,78;-0,2055;-0,0041;1,3565;False
27,78;-0,2052;-0,0041;1,3556;False
27,79;-0,2052;-0,0041;1,3556;False
27,79;-0,2052;-0,0041;1,3556;False
27,79;-0,2052;-0,0041;1,3556;False
27,80;-0,2049;-0,0041;1,3547;False
27,81;-0,2049;-0,0041;1,3547;False
27,81;-0,2049;-0,0041;1,3547;False
27,82;-0,2049;-0,0041;1,3547;False
27,82;-0,2046;-0,0041;1,3538;False
27,83;-0,2046;-0,0041;1,3538;False
27,83;-0,2046;-0,0041;1,3538;False
27,84;-0,2046;-0,0041;1,3538;False
27,84;-0,2044;-0,0041;1,3529;False
27,85;-0,2044;-0,0041;1,3529;False
27,85;-0,2044;-0,0041;1,3529;False
27,85;-0,2044;-0,0041;1,3529;False
27,86;-0,2044;-0,0041;1,3529;False
27,86;-0,2041;-0,0041;1,3520;False
27,87;-0,2041;-0,0041;1,3520;False
27,87;-0,2041;-0,0041;1,3520;False
27,88;-0,2041;-0,0041;1,3520;False
27,88;-0,2041;-0,0041;1,3520;False
27,88;-0,2039;-0,0041;1,3511;False
27,89;-0,2039;-0,0041;1,3511;False
27,89;-0,2039;-0,0041;1,3511;False
27,90;-0,2039;-0,0041;1,3511;False
27,90;-0,2036;-0,0041;1,3502;False
27,91;-0,2036;-0,0041;1,3502;False
27,91;-0,2036;-0,0041;1,3502;False
27,92;-0,2036;-0,0041;1,3502;False
27,92;-0,2034;-0,0041;1,3493;False
27,93;-0,2034;-0,0041;1,3493;False
27,93;-0,2034;-0,0041;1,3493;False
27,94;-0,2034;-0,0041;1,3493;False
27,94;-0,2032;-0,0041;1,3484;False
27,95;-0,2032;-0,0041;1,3484;False
27,95;-0,2032;-0,0041;1,3484;False
27,96;-0,2030;-0,0041;1,3475;False
27,97;-0,2030;-0,0041;1,3475;False
27,97;-0,2030;-0,0041;1,3475;False
27,98;-0,2030;-0,0041;1,3475;False
27,98;-0,2027;-0,0041;1,3466;False
27,99;-0,2027;-0,0041;1,3466;False
27,99;-0,2027;-0,0041;1,3466;False
27,99;-0,2027;-0,0041;1,3466;False
28,00;-0,2027;-0,0041;1,3466;False
28,00;-0,2025;-0,0041;1,3457;False
28,02;-0,2025;-0,0041;1,3457;False
28,02;-0,2023;-0,0040;1,3448;False
28,03;-0,2023;-0,0040;1,3448;False
28,03;-0,2023;-0,0040;1,3448;False
28,03;-0,2023;-0,0040;1,3448;False
28,04;-0,2021;-0,0040;1,3439;False
28,05;-0,2021;-0,0040;1,3439;False
28,05;-0,2021;-0,0040;1,3439;False
28,05;-0,2021;-0,0040;1,3439;False
28,06;-0,2021;-0,0040;1,3439;False
28,06;-0,2020;-0,0040;1,3430;False
28,07;-0,2020;-0,0040;1,3430;False
28,07;-0,2020;-0,0040;1,3430;False
28,08;-0,2020;-0,0040;1,3430;False
28,08;-0,2018;-0,0040;1,3421;False
28,09;-0,2018;-0,0040;1,3421;False
28,09;-0,2018;-0,0040;1,3421;False
28,10;-0,2018;-0,0040;1,3421;False
28,10;-0,2016;-0,0040;1,3412;False
28,11;-0,2016;-0,0040;1,3412;False
28,11;-0,2016;-0,0040;1,3412;False
28,12;-0,2016;-0,0040;1,3412;False
28,12;-0,2014;-0,0040;1,3402;False
28,12;-0,2014;-0,0040;1,3402;False
28,13;-0,2014;-0,0040;1,3402;False
28,14;-0,2014;-0,0040;1,3402;False
28,14;-0,2014;-0,0040;1,3402;False
28,14;-0,2013;-0,0040;1,3393;False
28,15;-0,2013;-0,0040;1,3393;False
28,15;-0,2013;-0,0040;1,3393;False
28,16;-0,2013;-0,0040;1,3393;False
28,16;-0,2011;-0,0040;1,3384;False
28,17;-0,2011;-0,0040;1,3384;False
28,17;-0,2011;-0,0040;1,3384;False
28,18;-0,2011;-0,0040;1,3384;False
28,18;-0,2010;-0,0040;1,3375;False
28,19;-0,2010;-0,0040;1,3375;False
28,19;-0,2010;-0,0040;1,3375;False
28,20;-0,2008;-0,0040;1,3366;False
28,20;-0,2008;-0,0040;1,3366;False
28,21;-0,2008;-0,0040;1,3366;False
28,21;-0,2008;-0,0040;1,3366;False
28,22;-0,2008;-0,0040;1,3366;False
28,22;-0,2007;-0,0040;1,3357;False
28,23;-0,2007;-0,0040;1,3357;False
28,23;-0,2007;-0,0040;1,3357;False
28,24;-0,2007;-0,0040;1,3357;False
28,24;-0,2006;-0,0040;1,3347;False
28,25;-0,2006;-0,0040;1,3347;False
28,25;-0,2006;-0,0040;1,3347;False
28,25;-0,2006;-0,0040;1,3347;False
28,26;-0,2006;-0,0040;1,3347;False
28,27;-0,2005;-0,0040;1,3338;False
28,27;-0,2005;-0,0040;1,3338;False
28,27;-0,2005;-0,0040;1,3338;False
28,28;-0,2005;-0,0040;1,3338;False
28,28;-0,2004;-0,0040;1,3329;False
28,29;-0,2004;-0,0040;1,3329;False
28,29;-0,2004;-0,0040;1,3329;False
28,30;-0,2004;-0,0040;1,3329;False
28,30;-0,2002;-0,0040;1,3320;False
28,31;-0,2002;-0,0040;1,3320;False
28,31;-0,2002;-0,0040;1,3320;False
28,31;-0,2002;-0,0040;1,3320;False
28,32;-0,2002;-0,0040;1,3320;False
28,32;-0,2001;-0,0040;1,3310;False
28,33;-0,2001;-0,0040;1,3310;False
28,33;-0,2001;-0,0040;1,3310;False
28,34;-0,2001;-0,0040;1,3310;False
28,34;-0,2001;-0,0040;1,3301;False
28,35;-0,2001;-0,0040;1,3301;False
28,35;-0,2001;-0,0040;1,3301;False
28,35;-0,2001;-0,0040;1,3301;False
28,36;-0,2000;-0,0040;1,3292;False
28,37;-0,2000;-0,0040;1,3292;False
28,37;-0,2000;-0,0040;1,3292;False
28,37;-0,2000;-0,0040;1,3292;False
28,38;-0,2000;-0,0040;1,3292;False
28,38;-0,1999;-0,0040;1,3283;False
28,39;-0,1999;-0,0040;1,3283;False
28,39;-0,1999;-0,0040;1,3283;False
28,39;-0,1999;-0,0040;1,3283;False
28,40;-0,1999;-0,0040;1,3283;False
28,40;-0,1998;-0,0040;1,3274;False
28,41;-0,1998;-0,0040;1,3274;False
28,42;-0,1998;-0,0040;1,3274;False
28,42;-0,1998;-0,0040;1,3264;False
28,43;-0,1998;-0,0040;1,3264;False
28,43;-0,1998;-0,0040;1,3264;False
28,44;-0,1997;-0,0040;1,3255;False
28,45;-0,1997;-0,0040;1,3255;False
28,45;-0,1997;-0,0040;1,3255;False
28,45;-0,1997;-0,0040;1,3255;False
28,46;-0,1997;-0,0040;1,3255;False
28,46;-0,1997;-0,0040;1,3246;False
28,47;-0,1997;-0,0040;1,3246;False
28,47;-0,1997;-0,0040;1,3246;False
28,48;-0,1997;-0,0040;1,3246;False
28,48;-0,1996;-0,0040;1,3236;False
28,49;-0,1996;-0,0040;1,3236;False
28,49;-0,1996;-0,0040;1,3236;False
28,49;-0,1996;-0,0040;1,3236;False
28,50;-0,1996;-0,0040;1,3236;False
28,51;-0,1996;-0,0040;1,3227;False
28,51;-0,1996;-0,0040;1,3227;False
28,52;-0,1996;-0,0040;1,3227;False
28,52;-0,1996;-0,0040;1,3227;False
28,52;-0,1996;-0,0039;1,3218;False
28,53;-0,1996;-0,0039;1,3218;False
28,54;-0,1996;-0,0039;1,3218;False
28,54;-0,1995;-0,0039;1,3209;False
28,55;-0,1995;-0,0039;1,3209;False
28,55;-0,1995;-0,0039;1,3209;False
28,55;-0,1995;-0,0039;1,3209;False
28,56;-0,1995;-0,0039;1,3209;False
28,56;-0,1995;-0,0039;1,3199;False
28,57;-0,1995;-0,0039;1,3199;False
28,57;-0,1995;-0,0039;1,3199;False
28,58;-0,1995;-0,0039;1,3199;False
28,58;-0,1995;-0,0039;1,3190;False
28,59;-0,1995;-0,0039;1,3190;False
28,59;-0,1995;-0,0039;1,3190;False
28,59;-0,1995;-0,0039;1,3190;False
28,60;-0,1995;-0,0039;1,3190;False
28,60;-0,1995;-0,0039;1,3181;False
28,61;-0,1995;-0,0039;1,3181;False
28,61;-0,1995;-0,0039;1,3181;False
28,62;-0,1995;-0,0039;1,3181;False
28,62;-0,1995;-0,0039;1,3172;False
28,63;-0,1995;-0,0039;1,3172;False
28,64;-0,1995;-0,0039;1,3162;False
28,65;-0,1995;-0,0039;1,3162;False
28,65;-0,1995;-0,0039;1,3162;False
28,66;-0,1995;-0,0039;1,3162;False
28,66;-0,1995;-0,0039;1,3153;False
28,67;-0,1995;-0,0039;1,3153;False
28,68;-0,1995;-0,0039;1,3153;False
28,68;-0,1996;-0,0039;1,3144;False
28,69;-0,1996;-0,0039;1,3144;False
28,69;-0,1996;-0,0039;1,3144;False
28,70;-0,1996;-0,0039;1,3135;False
28,71;-0,1996;-0,0039;1,3135;False
28,71;-0,1996;-0,0039;1,3135;False
28,72;-0,1997;-0,0039;1,3125;False
28,73;-0,1997;-0,0039;1,3125;False
28,74;-0,1997;-0,0039;1,3125;False
28,74;-0,1997;-0,0039;1,3116;False
28,75;-0,1997;-0,0039;1,3116;False
28,75;-0,1997;-0,0039;1,3116;False
28,76;-0,1998;-0,0039;1,3107;False
28,77;-0,1998;-0,0039;1,3107;False
28,77;-0,1998;-0,0039;1,3107;False
28,78;-0,1998;-0,0039;1,3107;False
28,78;-0,1998;-0,0039;1,3098;False
28,79;-0,1998;-0,0039;1,3098;False
28,79;-0,1998;-0,0039;1,3098;False
28,79;-0,1998;-0,0039;1,3098;False
28,80;-0,1998;-0,0039;1,3098;False
28,80;-0,1999;-0,0039;1,3088;False
28,81;-0,1999;-0,0039;1,3088;False
28,81;-0,1999;-0,0039;1,3088;False
28,82;-0,1999;-0,0039;1,3088;False
28,82;-0,2000;-0,0039;1,3079;False
28,83;-0,2000;-0,0039;1,3079;False
28,83;-0,2000;-0,0039;1,3079;False
28,84;-0,2000;-0,0039;1,3070;False
28,85;-0,2000;-0,0039;1,3070;False
28,85;-0,2000;-0,0039;1,3070;False
28,86;-0,2000;-0,0039;1,3070;False
28,86;-0,2000;-0,0039;1,3070;False
28,86;-0,2001;-0,0039;1,3061;False
28,87;-0,2001;-0,0039;1,3061;False
28,88;-0,2001;-0,0039;1,3061;False
28,88;-0,2002;-0,0039;1,3051;False
28,89;-0,2002;-0,0039;1,3051;False
28,89;-0,2002;-0,0039;1,3051;False
28,90;-0,2002;-0,0039;1,3051;False
28,90;-0,2002;-0,0039;1,3051;False
28,91;-0,2003;-0,0039;1,3042;False
28,91;-0,2003;-0,0039;1,3042;False
28,92;-0,2003;-0,0039;1,3042;False
28,92;-0,2004;-0,0039;1,3033;False
28,93;-0,2004;-0,0039;1,3033;False
28,93;-0,2004;-0,0039;1,3033;False
28,94;-0,2004;-0,0039;1,3033;False
28,94;-0,2006;-0,0039;1,3024;False
28,95;-0,2006;-0,0039;1,3024;False
28,95;-0,2006;-0,0039;1,3024;False
28,96;-0,2006;-0,0039;1,3024;False
28,96;-0,2007;-0,0039;1,3015;False
28,97;-0,2007;-0,0039;1,3015;False
28,97;-0,2007;-0,0039;1,3015;False
28,98;-0,2007;-0,0039;1,3015;False
28,98;-0,2008;-0,0039;1,3006;False
28,99;-0,2008;-0,0039;1,3006;False
28,99;-0,2008;-0,0039;1,3006;False
29,00;-0,2010;-0,0039;1,2996;False
29,01;-0,2010;-0,0039;1,2996;False
29,01;-0,2010;-0,0039;1,2996;False
29,02;-0,2010;-0,0039;1,2996;False
29,02;-0,2011;-0,0039;1,2987;False
29,03;-0,2011;-0,0039;1,2987;False
29,03;-0,2011;-0,0039;1,2987;False
29,04;-0,2011;-0,0039;1,2987;False
29,04;-0,2013;-0,0039;1,2978;False
29,05;-0,2013;-0,0039;1,2978;False
29,05;-0,2013;-0,0039;1,2978;False
29,05;-0,2013;-0,0039;1,2978;False
29,06;-0,2013;-0,0039;1,2978;False
29,07;-0,2014;-0,0039;1,2969;False
29,07;-0,2014;-0,0039;1,2969;False
29,08;-0,2014;-0,0039;1,2969;False
29,08;-0,2016;-0,0039;1,2960;False
29,09;-0,2016;-0,0039;1,2960;False
29,09;-0,2016;-0,0039;1,2960;False
29,10;-0,2016;-0,0039;1,2960;False
29,10;-0,2017;-0,0039;1,2951;False
29,11;-0,2017;-0,0039;1,2951;False
29,11;-0,2017;-0,0039;1,2951;False
29,12;-0,2017;-0,0039;1,2951;False
29,12;-0,2017;-0,0039;1,2951;False
29,12;-0,2019;-0,0039;1,2942;False
29,13;-0,2019;-0,0039;1,2942;False
29,14;-0,2019;-0,0039;1,2942;False
29,14;-0,2021;-0,0039;1,2933;False
29,15;-0,2021;-0,0039;1,2933;False
29,15;-0,2021;-0,0039;1,2933;False
29,16;-0,2021;-0,0039;1,2933;False
29,16;-0,2023;-0,0039;1,2924;False
29,17;-0,2023;-0,0039;1,2924;False
29,17;-0,2023;-0,0039;1,2924;False
29,18;-0,2023;-0,0039;1,2924;False
29,18;-0,2023;-0,0039;1,2924;False
29,19;-0,2025;-0,0039;1,2915;False
29,19;-0,2025;-0,0039;1,2915;False
29,19;-0,2025;-0,0039;1,2915;False
29,20;-0,2025;-0,0039;1,2915;False
29,20;-0,2027;-0,0039;1,2906;False
29,21;-0,2027;-0,0039;1,2906;False
29,22;-0,2027;-0,0039;1,2906;False
29,22;-0,2027;-0,0039;1,2906;False
29,22;-0,2029;-0,0039;1,2897;False
29,23;-0,2029;-0,0039;1,2897;False
29,24;-0,2029;-0,0039;1,2897;False
29,24;-0,2031;-0,0039;1,2888;False
29,25;-0,2031;-0,0039;1,2888;False
29,25;-0,2031;-0,0039;1,2888;False
29,26;-0,2031;-0,0039;1,2888;False
29,26;-0,2034;-0,0039;1,2879;False
29,27;-0,2034;-0,0039;1,2879;False
29,27;-0,2034;-0,0039;1,2879;False
29,28;-0,2034;-0,0039;1,2879;False
29,28;-0,2036;-0,0039;1,2870;False
29,29;-0,2036;-0,0039;1,2870;False
29,29;-0,2036;-0,0039;1,2870;False
29,30;-0,2036;-0,0039;1,2870;False
29,30;-0,2038;-0,0039;1,2861;False
29,31;-0,2038;-0,0039;1,2861;False
29,31;-0,2038;-0,0039;1,2861;False
29,32;-0,2038;-0,0039;1,2861;False
29,32;-0,2041;-0,0039;1,2852;False
29,33;-0,2041;-0,0039;1,2852;False
29,33;-0,2041;-0,0039;1,2852;False
29,34;-0,2041;-0,0039;1,2852;False
29,34;-0,2043;-0,0039;1,2843;False
29,34;-0,2043;-0,0039;1,2843;False
29,35;-0,2043;-0,0039;1,2843;False
29,35;-0,2043;-0,0039;1,2843;False
29,36;-0,2043;-0,0039;1,2843;False
29,36;-0,2046;-0,0039;1,2834;False
29,37;-0,2046;-0,0039;1,2834;False
29,37;-0,2046;-0,0039;1,2834;False
29,38;-0,2046;-0,0039;1,2834;False
29,38;-0,2049;-0,0039;1,2826;False
29,39;-0,2049;-0,0039;1,2826;False
29,39;-0,2049;-0,0039;1,2826;False
29,40;-0,2049;-0,0039;1,2826;False
29,40;-0,2051;-0,0039;1,2817;False
29,41;-0,2051;-0,0039;1,2817;False
29,41;-0,2051;-0,0039;1,2817;False
29,41;-0,2051;-0,0039;1,2817;False
29,42;-0,2051;-0,0039;1,2817;False
29,42;-0,2054;-0,0039;1,2808;False
29,43;-0,2054;-0,0039;1,2808;False
29,44;-0,2054;-0,0039;1,2808;False
29,44;-0,2057;-0,0039;1,2799;False
29,45;-0,2057;-0,0039;1,2799;False
29,45;-0,2057;-0,0039;1,2799;False
29,45;-0,2057;-0,0039;1,2799;False
29,46;-0,2057;-0,0039;1,2799;False
29,47;-0,2060;-0,0039;1,2791;False
29,47;-0,2060;-0,0039;1,2791;False
29,47;-0,2060;-0,0039;1,2791;False
29,48;-0,2060;-0,0039;1,2791;False
29,48;-0,2063;-0,0038;1,2783;False
29,49;-0,2063;-0,0038;1,2783;False
29,50;-0,2063;-0,0038;1,2783;False
29,50;-0,2063;-0,0038;1,2783;False
29,50;-0,2065;-0,0038;1,2777;False
29,51;-0,2065;-0,0038;1,2777;False
29,51;-0,2065;-0,0038;1,2777;False
29,52;-0,2065;-0,0038;1,2777;False
29,52;-0,2066;-0,0038;1,2772;False
29,53;-0,2066;-0,0038;1,2772;False
29,54;-0,2068;-0,0038;1,2767;False
29,55;-0,2068;-0,0038;1,2767;False
29,55;-0,2068;-0,0038;1,2767;False
29,56;-0,2068;-0,0038;1,2767;False
29,57;-0,2069;-0,0039;1,2763;False
29,58;-0,2069;-0,0039;1,2763;False
29,58;-0,2071;-0,0039;1,2759;False
29,59;-0,2071;-0,0039;1,2759;False
29,60;-0,2071;-0,0039;1,2759;False
29,60;-0,2072;-0,0039;1,2755;False
29,61;-0,2072;-0,0039;1,2755;False
29,62;-0,2072;-0,0039;1,2755;False
29,62;-0,2073;-0,0039;1,2752;False
29,63;-0,2073;-0,0039;1,2752;False
29,64;-0,2073;-0,0040;1,2748;False
29,65;-0,2073;-0,0040;1,2748;False
29,65;-0,2074;-0,0040;1,2748;False
29,66;-0,2074;-0,0040;1,2748;False
29,66;-0,2074;-0,0040;1,2748;False
29,66;-0,2074;-0,0040;1,2745;False
29,67;-0,2074;-0,0040;1,2745;False
29,67;-0,2074;-0,0040;1,2745;False
29,68;-0,2074;-0,0040;1,2745;False
29,68;-0,2075;-0,0040;1,2741;False
29,68;-0,2075;-0,0040;1,2741;False
29,69;-0,2075;-0,0040;1,2741;False
29,69;-0,2075;-0,0040;1,2741;False
29,70;-0,2075;-0,0040;1,2741;False
29,70;-0,2075;-0,0040;1,2738;False
29,71;-0,2075;-0,0040;1,2738;False
29,71;-0,2075;-0,0040;1,2738;False
29,72;-0,2075;-0,0040;1,2738;False
29,72;-0,2076;-0,0040;1,2734;False
29,73;-0,2076;-0,0040;1,2734;False
29,73;-0,2076;-0,0040;1,2734;False
29,74;-0,2076;-0,0040;1,2734;False
29,74;-0,2076;-0,0040;1,2731;False
29,74;-0,2076;-0,0040;1,2731;False
29,75;-0,2076;-0,0040;1,2731;False
29,75;-0,2076;-0,0040;1,2731;False
29,76;-0,2076;-0,0040;1,2731;False
29,76;-0,2077;-0,0040;1,2727;False
29,78;-0,2077;-0,0040;1,2728;False
29,78;-0,2078;-0,0040;1,2724;False
29,79;-0,2078;-0,0040;1,2724;False
29,79;-0,2078;-0,0040;1,2724;False
29,80;-0,2078;-0,0040;1,2724;False
29,80;-0,2078;-0,0041;1,2721;False
29,81;-0,2078;-0,0041;1,2721;False
29,81;-0,2078;-0,0041;1,2721;False
29,82;-0,2078;-0,0041;1,2721;False
29,82;-0,2079;-0,0041;1,2717;False
29,83;-0,2079;-0,0041;1,2717;False
29,84;-0,2079;-0,0041;1,2717;False
29,84;-0,2079;-0,0041;1,2714;False
29,85;-0,2079;-0,0041;1,2714;False
29,85;-0,2079;-0,0041;1,2714;False
29,85;-0,2079;-0,0041;1,2714;False
29,86;-0,2079;-0,0041;1,2714;False
29,86;-0,2080;-0,0041;1,2710;False
29,87;-0,2080;-0,0041;1,2710;False
29,87;-0,2080;-0,0041;1,2710;False
29,88;-0,2080;-0,0041;1,2710;False
29,88;-0,2080;-0,0041;1,2710;False
29,88;-0,2081;-0,0041;1,2707;False
29,89;-0,2081;-0,0041;1,2707;False
29,90;-0,2081;-0,0041;1,2707;False
29,90;-0,2081;-0,0041;1,2704;False
29,91;-0,2081;-0,0041;1,2704;False
29,91;-0,2081;-0,0041;1,2704;False
29,91;-0,2081;-0,0041;1,2704;False
29,92;-0,2081;-0,0041;1,2704;False
29,92;-0,2082;-0,0041;1,2701;False
29,93;-0,2082;-0,0041;1,2701;False
29,93;-0,2082;-0,0041;1,2701;False
29,94;-0,2082;-0,0041;1,2701;False
29,94;-0,2082;-0,0041;1,2697;False
29,95;-0,2082;-0,0041;1,2697;False
29,95;-0,2082;-0,0041;1,2697;False
29,95;-0,2082;-0,0041;1,2697;False
29,96;-0,2083;-0,0041;1,2694;False
29,97;-0,2083;-0,0041;1,2694;False
29,97;-0,2083;-0,0041;1,2694;False
29,98;-0,2083;-0,0041;1,2694;False
29,98;-0,2083;-0,0041;1,2694;False
29,98;-0,2083;-0,0041;1,2691;False
29,99;-0,2083;-0,0041;1,2691;False
29,99;-0,2083;-0,0041;1,2691;False
30,00;-0,2083;-0,0041;1,2691;False
30,00;-0,2084;-0,0041;1,2687;False
30,01;-0,2084;-0,0041;1,2687;False
30,02;-0,2084;-0,0041;1,2687;False
30,02;-0,2085;-0,0041;1,2684;False
30,03;-0,2085;-0,0041;1,2684;False
30,03;-0,2085;-0,0041;1,2684;False
30,04;-0,2085;-0,0041;1,2684;False
30,05;-0,2085;-0,0041;1,2681;False
30,05;-0,2085;-0,0041;1,2681;False
30,06;-0,2085;-0,0041;1,2681;False
30,06;-0,2085;-0,0041;1,2681;False
30,06;-0,2086;-0,0041;1,2677;False
30,07;-0,2086;-0,0041;1,2677;False
30,08;-0,2086;-0,0041;1,2677;False
30,08;-0,2086;-0,0041;1,2677;False
30,08;-0,2087;-0,0041;1,2674;False
30,09;-0,2087;-0,0041;1,2674;False
30,10;-0,2087;-0,0041;1,2674;False
30,10;-0,2088;-0,0041;1,2670;False
30,11;-0,2088;-0,0041;1,2670;False
30,12;-0,2088;-0,0041;1,2668;False
30,13;-0,2088;-0,0041;1,2668;False
30,14;-0,2088;-0,0041;1,2668;False
30,14;-0,2088;-0,0040;1,2668;False
30,15;-0,2088;-0,0040;1,2668;False
30,16;-0,2088;-0,0040;1,2668;False
30,17;-0,2087;-0,0037;1,2668;False
30,17;-0,2087;-0,0037;1,2668;False
30,18;-0,2086;-0,0034;1,2667;False
30,19;-0,2086;-0,0034;1,2667;False
30,19;-0,2086;-0,0034;1,2667;False
30,20;-0,2086;-0,0034;1,2667;False
30,21;-0,2085;-0,0030;1,2667;False
30,21;-0,2085;-0,0030;1,2667;False
30,22;-0,2084;-0,0027;1,2667;False
30,23;-0,2084;-0,0027;1,2667;False
30,23;-0,2084;-0,0027;1,2667;False
30,24;-0,2084;-0,0027;1,2667;False
30,25;-0,2083;-0,0024;1,2667;False
30,25;-0,2083;-0,0024;1,2667;False
30,26;-0,2083;-0,0024;1,2667;False
30,27;-0,2082;-0,0021;1,2667;False
30,27;-0,2082;-0,0021;1,2667;False
30,28;-0,2082;-0,0021;1,2667;False
30,28;-0,2081;-0,0018;1,2667;False
30,29;-0,2081;-0,0018;1,2667;False
30,30;-0,2081;-0,0018;1,2667;False
30,30;-0,2080;-0,0016;1,2667;False
30,31;-0,2080;-0,0016;1,2667;False
30,31;-0,2080;-0,0016;1,2667;False
30,32;-0,2080;-0,0016;1,2667;False
30,32;-0,2080;-0,0014;1,2667;False
30,33;-0,2080;-0,0014;1,2667;False
30,34;-0,2080;-0,0014;1,2667;False
30,34;-0,2079;-0,0012;1,2667;False
30,35;-0,2079;-0,0012;1,2667;False
30,35;-0,2079;-0,0012;1,2667;False
30,36;-0,2079;-0,0012;1,2667;False
30,36;-0,2078;-0,0011;1,2667;False
30,37;-0,2078;-0,0011;1,2667;False
30,37;-0,2078;-0,0011;1,2667;False
30,38;-0,2078;-0,0011;1,2667;False
30,38;-0,2077;-0,0010;1,2667;False
30,39;-0,2077;-0,0010;1,2667;False
30,39;-0,2077;-0,0010;1,2667;False
30,39;-0,2077;-0,0010;1,2667;False
30,40;-0,2077;-0,0010;1,2667;False
30,40;-0,2076;-0,0009;1,2667;False
30,41;-0,2076;-0,0009;1,2667;False
30,42;-0,2076;-0,0009;1,2667;False
30,42;-0,2078;-0,0011;1,2665;False
30,43;-0,2078;-0,0011;1,2665;False
30,43;-0,2078;-0,0011;1,2665;False
30,43;-0,2078;-0,0011;1,2665;False
30,44;-0,2080;-0,0015;1,2662;False
30,45;-0,2080;-0,0015;1,2662;False
30,46;-0,2080;-0,0015;1,2662;False
30,46;-0,2082;-0,0021;1,2659;False
30,47;-0,2082;-0,0021;1,2659;False
30,48;-0,2082;-0,0021;1,2659;False
30,48;-0,2084;-0,0027;1,2657;False
30,49;-0,2084;-0,0027;1,2657;False
30,49;-0,2084;-0,0027;1,2657;False
30,50;-0,2084;-0,0027;1,2657;False
30,51;-0,2086;-0,0034;1,2655;False
30,52;-0,2086;-0,0034;1,2655;False
30,52;-0,2088;-0,0040;1,2652;False
30,53;-0,2088;-0,0040;1,2652;False
30,54;-0,2088;-0,0040;1,2652;False
30,54;-0,2090;-0,0045;1,2650;False
30,55;-0,2090;-0,0045;1,2650;False
30,55;-0,2090;-0,0045;1,2650;False
30,56;-0,2090;-0,0045;1,2650;False
30,56;-0,2092;-0,0049;1,2648;False
30,57;-0,2092;-0,0049;1,2648;False
30,58;-0,2092;-0,0049;1,2648;False
30,58;-0,2092;-0,0047;1,2646;False
30,59;-0,2092;-0,0047;1,2646;False
30,59;-0,2092;-0,0047;1,2646;False
30,60;-0,2092;-0,0047;1,2643;False
30,61;-0,2092;-0,0047;1,2643;False
30,62;-0,2092;-0,0047;1,2643;False
30,62;-0,2092;-0,0047;1,2642;False
30,63;-0,2092;-0,0047;1,2642;False
30,64;-0,2092;-0,0047;1,2642;False
30,64;-0,2093;-0,0046;1,2641;False
30,65;-0,2093;-0,0046;1,2641;False
30,66;-0,2093;-0,0046;1,2641;False
30,67;-0,2092;-0,0044;1,2639;False
30,67;-0,2092;-0,0044;1,2639;False
30,68;-0,2092;-0,0044;1,2639;False
30,68;-0,2091;-0,0042;1,2640;False
30,69;-0,2091;-0,0042;1,2640;False
30,70;-0,2091;-0,0042;1,2640;False
30,70;-0,2090;-0,0039;1,2640;False
30,71;-0,2090;-0,0039;1,2640;False
30,72;-0,2090;-0,0039;1,2640;False
30,72;-0,2081;-0,0035;1,2639;False
30,73;-0,2081;-0,0035;1,2639;False
30,74;-0,2081;-0,0035;1,2639;False
30,74;-0,2067;-0,0032;1,2638;False
30,75;-0,2067;-0,0032;1,2638;False
30,76;-0,2067;-0,0032;1,2638;False
30,76;-0,2142;0,0099;1,2602;False
30,77;-0,2142;0,0099;1,2602;False
30,77;-0,2142;0,0099;1,2602;False
30,78;-0,2142;0,0099;1,2602;False
30,78;-0,2124;0,0063;1,2600;False
30,79;-0,2124;0,0063;1,2600;False
30,79;-0,2124;0,0063;1,2600;False
30,79;-0,2124;0,0063;1,2600;False
30,80;-0,2097;0,0028;1,2598;False
30,81;-0,2097;0,0028;1,2598;False
30,82;-0,2097;0,0028;1,2598;False
30,82;-0,2055;0,0001;1,2595;False
30,83;-0,2055;0,0001;1,2595;False
30,83;-0,2055;0,0001;1,2595;False
30,84;-0,2055;0,0001;1,2595;False
30,84;-0,2002;-0,0019;1,2592;False
30,85;-0,2002;-0,0019;1,2592;False
30,86;-0,2002;-0,0019;1,2592;False
30,87;-0,1933;-0,0032;1,2587;False
30,88;-0,1933;-0,0032;1,2587;False
30,88;-0,1851;-0,0041;1,2582;False
30,89;-0,1851;-0,0041;1,2582;False
30,89;-0,1851;-0,0041;1,2582;False
30,91;-0,1754;-0,0046;1,2575;False
30,92;-0,1660;-0,0048;1,2569;False
30,93;-0,1660;-0,0048;1,2569;False
30,94;-0,1660;-0,0048;1,2569;False
30,95;-0,1570;-0,0047;1,2563;False
30,95;-0,1570;-0,0047;1,2563;False
30,96;-0,1483;-0,0046;1,2558;False
30,97;-0,1483;-0,0046;1,2558;False
30,98;-0,1400;-0,0043;1,2552;False
30,99;-0,1400;-0,0043;1,2552;False
30,99;-0,1400;-0,0043;1,2552;False
31,00;-0,1320;-0,0039;1,2547;False
31,01;-0,1320;-0,0039;1,2547;False
31,02;-0,1320;-0,0039;1,2547;False
31,02;-0,1246;-0,0036;1,2542;False
31,03;-0,1246;-0,0036;1,2542;False
31,04;-0,1174;-0,0032;1,2537;False
31,05;-0,1174;-0,0032;1,2537;False
31,06;-0,1174;-0,0032;1,2537;False
31,07;-0,1106;-0,0029;1,2531;False
31,07;-0,1106;-0,0029;1,2531;False
31,08;-0,1106;-0,0029;1,2531;False
31,08;-0,1106;-0,0029;1,2531;False
31,08;-0,1040;-0,0025;1,2524;False
31,09;-0,1040;-0,0025;1,2524;False
31,10;-0,1040;-0,0025;1,2524;False
31,10;-0,0978;-0,0022;1,2516;False
31,11;-0,0978;-0,0022;1,2516;False
31,12;-0,0919;-0,0019;1,2508;False
31,13;-0,0919;-0,0019;1,2508;False
31,13;-0,0919;-0,0019;1,2508;False
31,14;-0,0919;-0,0019;1,2508;False
31,14;-0,0863;-0,0017;1,2499;False
31,15;-0,0863;-0,0017;1,2499;False
31,15;-0,0863;-0,0017;1,2499;False
31,16;-0,0863;-0,0017;1,2499;False
31,16;-0,0810;-0,0015;1,2489;False
31,17;-0,0810;-0,0015;1,2489;False
31,17;-0,0810;-0,0015;1,2489;False
31,18;-0,0810;-0,0015;1,2489;False
31,18;-0,0810;-0,0015;1,2489;False
31,18;-0,0759;-0,0013;1,2479;False
31,19;-0,0759;-0,0013;1,2479;False
31,19;-0,0759;-0,0013;1,2479;False
31,20;-0,0759;-0,0013;1,2479;False
31,20;-0,0711;-0,0012;1,2468;False
31,21;-0,0711;-0,0012;1,2468;False
31,21;-0,0711;-0,0012;1,2468;False
31,22;-0,0711;-0,0012;1,2468;False
31,22;-0,0709;-0,0012;1,2467;False
31,23;-0,0709;-0,0012;1,2467;False
31,23;-0,0709;-0,0012;1,2467;False
31,24;-0,0709;-0,0012;1,2467;False
31,24;-0,0707;-0,0011;1,2467;False
31,25;-0,0707;-0,0011;1,2467;False
31,25;-0,0707;-0,0011;1,2467;False
31,26;-0,0707;-0,0011;1,2467;False
31,26;-0,0705;-0,0011;1,2466;False
31,27;-0,0705;-0,0011;1,2466;False
31,27;-0,0705;-0,0011;1,2466;False
31,28;-0,0705;-0,0011;1,2466;False
31,28;-0,0704;-0,0011;1,2466;False
31,29;-0,0704;-0,0011;1,2466;False
31,29;-0,0704;-0,0011;1,2466;False
31,29;-0,0704;-0,0011;1,2466;False
31,30;-0,0704;-0,0011;1,2466;False
31,31;-0,0702;-0,0010;1,2465;False
31,31;-0,0702;-0,0010;1,2465;False
31,32;-0,0702;-0,0010;1,2465;False
31,32;-0,0702;-0,0010;1,2465;False
31,32;-0,0700;-0,0010;1,2465;False
31,33;-0,0700;-0,0010;1,2465;False
31,34;-0,0700;-0,0010;1,2465;False
31,34;-0,0700;-0,0010;1,2465;False
31,34;-0,0699;-0,0010;1,2464;False
31,35;-0,0699;-0,0010;1,2464;False
31,35;-0,0699;-0,0010;1,2464;False
31,36;-0,0699;-0,0010;1,2464;False
31,36;-0,0699;-0,0010;1,2464;False
31,37;-0,0697;-0,0010;1,2464;False
31,37;-0,0697;-0,0010;1,2464;False
31,37;-0,0697;-0,0010;1,2464;False
31,38;-0,0697;-0,0010;1,2464;False
31,38;-0,0696;-0,0009;1,2464;False
31,39;-0,0696;-0,0009;1,2464;False
31,39;-0,0696;-0,0009;1,2464;False
31,40;-0,0696;-0,0009;1,2464;False
31,40;-0,0695;-0,0009;1,2463;False
31,41;-0,0695;-0,0009;1,2463;False
31,41;-0,0695;-0,0009;1,2463;False
31,41;-0,0695;-0,0009;1,2463;False
31,42;-0,0695;-0,0009;1,2463;False
31,42;-0,0693;-0,0009;1,2463;False
31,43;-0,0693;-0,0009;1,2463;False
31,43;-0,0693;-0,0009;1,2463;False
31,44;-0,0693;-0,0009;1,2463;False
31,44;-0,0692;-0,0009;1,2462;False
31,45;-0,0692;-0,0009;1,2462;False
31,45;-0,0692;-0,0009;1,2462;False
31,46;-0,0691;-0,0009;1,2462;False
31,47;-0,0691;-0,0009;1,2462;False
31,48;-0,0690;-0,0009;1,2462;False
31,49;-0,0690;-0,0009;1,2462;False
31,50;-0,0690;-0,0009;1,2462;False
31,51;-0,0688;-0,0009;1,2461;False
31,51;-0,0688;-0,0009;1,2461;False
31,52;-0,0688;-0,0009;1,2461;False
31,52;-0,0687;-0,0008;1,2461;False
31,53;-0,0687;-0,0008;1,2461;False
31,54;-0,0686;-0,0008;1,2461;False
31,55;-0,0686;-0,0008;1,2461;False
31,55;-0,0686;-0,0008;1,2461;False
31,56;-0,0686;-0,0008;1,2461;False
31,57;-0,0685;-0,0008;1,2461;False
31,57;-0,0685;-0,0008;1,2461;False
31,58;-0,0685;-0,0008;1,2461;False
31,58;-0,0684;-0,0008;1,2460;False
31,59;-0,0684;-0,0008;1,2460;False
31,59;-0,0684;-0,0008;1,2460;False
31,60;-0,0684;-0,0008;1,2460;False
31,61;-0,0684;-0,0008;1,2460;False
31,62;-0,0684;-0,0008;1,2460;False
31,62;-0,0684;-0,0008;1,2460;False
31,62;-0,0683;-0,0008;1,2460;False
31,63;-0,0683;-0,0008;1,2460;False
31,64;-0,0683;-0,0008;1,2460;False
31,64;-0,0682;-0,0008;1,2460;False
31,65;-0,0682;-0,0008;1,2460;False
31,66;-0,0682;-0,0008;1,2460;False
31,66;-0,0681;-0,0008;1,2460;False
31,67;-0,0681;-0,0008;1,2460;False
31,68;-0,0681;-0,0008;1,2460;False
31,68;-0,0680;-0,0008;1,2460;False
31,69;-0,0680;-0,0008;1,2460;False
31,69;-0,0680;-0,0008;1,2460;False
31,69;-0,0680;-0,0008;1,2460;False
31,70;-0,0680;-0,0008;1,2460;False
31,71;-0,0679;-0,0008;1,2459;False
31,71;-0,0679;-0,0008;1,2459;False
31,72;-0,0679;-0,0008;1,2459;False
31,73;-0,0679;-0,0008;1,2459;False
31,74;-0,0679;-0,0008;1,2459;False
31,75;-0,0678;-0,0008;1,2459;False
31,76;-0,0678;-0,0008;1,2459;False
31,76;-0,0677;-0,0008;1,2459;False
31,77;-0,0677;-0,0008;1,2459;False
31,78;-0,0677;-0,0008;1,2459;False
31,78;-0,0677;-0,0008;1,2459;False
31,79;-0,0677;-0,0008;1,2459;False
31,79;-0,0677;-0,0008;1,2459;False
31,80;-0,0676;-0,0008;1,2459;False
31,81;-0,0676;-0,0008;1,2459;False
31,81;-0,0676;-0,0008;1,2459;False
31,82;-0,0676;-0,0008;1,2459;False
31,82;-0,0675;-0,0008;1,2459;False
31,83;-0,0675;-0,0008;1,2459;False
31,84;-0,0675;-0,0008;1,2459;False
31,84;-0,0675;-0,0008;1,2459;False
31,85;-0,0675;-0,0008;1,2459;False
31,85;-0,0675;-0,0008;1,2459;False
31,86;-0,0675;-0,0008;1,2459;False
31,86;-0,0674;-0,0008;1,2459;False
31,87;-0,0674;-0,0008;1,2459;False
31,88;-0,0674;-0,0008;1,2459;False
31,89;-0,0674;-0,0008;1,2459;False
31,89;-0,0674;-0,0008;1,2459;False
31,90;-0,0673;-0,0008;1,2459;False
31,91;-0,0673;-0,0008;1,2459;False
31,91;-0,0673;-0,0008;1,2459;False
31,92;-0,0673;-0,0008;1,2459;False
31,92;-0,0673;-0,0008;1,2459;False
31,93;-0,0673;-0,0008;1,2459;False
31,94;-0,0673;-0,0008;1,2459;False
31,94;-0,0672;-0,0008;1,2458;False
31,95;-0,0672;-0,0008;1,2458;False
31,95;-0,0672;-0,0008;1,2458;False
31,96;-0,0672;-0,0008;1,2458;False
31,96;-0,0672;-0,0008;1,2458;False
31,97;-0,0672;-0,0008;1,2458;False
31,98;-0,0672;-0,0008;1,2458;False
31,98;-0,0671;-0,0008;1,2458;False
31,99;-0,0671;-0,0008;1,2458;False
31,99;-0,0671;-0,0008;1,2458;False
32,00;-0,0671;-0,0008;1,2458;False
32,00;-0,0671;-0,0008;1,2458;False
32,01;-0,0671;-0,0008;1,2458;False
32,02;-0,0671;-0,0008;1,2458;False
32,02;-0,0671;-0,0008;1,2458;False
32,03;-0,0671;-0,0008;1,2458;False
32,03;-0,0671;-0,0008;1,2458;False
32,04;-0,0671;-0,0008;1,2458;False
32,04;-0,0670;-0,0008;1,2458;False
32,05;-0,0670;-0,0008;1,2458;False
32,05;-0,0670;-0,0008;1,2458;False
32,06;-0,0670;-0,0008;1,2458;False
32,06;-0,0670;-0,0008;1,2458;False
32,07;-0,0670;-0,0008;1,2458;False
32,08;-0,0670;-0,0008;1,2458;False
32,08;-0,0664;-0,0008;1,2457;False
32,09;-0,0664;-0,0008;1,2457;False
32,09;-0,0664;-0,0008;1,2457;False
32,10;-0,0649;-0,0008;1,2456;False
32,11;-0,0649;-0,0008;1,2456;False
32,12;-0,0649;-0,0008;1,2456;False
32,13;-0,0624;-0,0008;1,2452;False
32,13;-0,0624;-0,0008;1,2452;False
32,14;-0,0599;-0,0008;1,2449;False
32,15;-0,0599;-0,0008;1,2449;False
32,16;-0,0599;-0,0008;1,2449;False
32,16;-0,0566;-0,0008;1,2445;False
32,17;-0,0566;-0,0008;1,2445;False
32,18;-0,0566;-0,0008;1,2445;False
32,18;-0,0539;-0,0008;1,2442;False
32,19;-0,0539;-0,0008;1,2442;False
32,20;-0,0539;-0,0008;1,2442;False
32,20;-0,0513;-0,0008;1,2438;False
32,21;-0,0513;-0,0008;1,2438;False
32,21;-0,0513;-0,0008;1,2438;False
32,22;-0,0498;-0,0008;1,2436;False
32,23;-0,0498;-0,0008;1,2436;False
32,24;-0,0498;-0,0008;1,2436;False
32,24;-0,0486;-0,0008;1,2435;False
32,25;-0,0486;-0,0008;1,2435;False
32,25;-0,0486;-0,0008;1,2435;False
32,26;-0,0484;-0,0008;1,2435;False
32,27;-0,0484;-0,0008;1,2435;False
32,28;-0,0484;-0,0008;1,2435;False
32,28;-0,0495;-0,0008;1,2436;False
32,29;-0,0495;-0,0008;1,2436;False
32,30;-0,0542;0,0133;1,2441;False
32,31;-0,0553;0,0094;1,2442;False
32,31;-0,0553;0,0094;1,2442;False
32,32;-0,0553;0,0094;1,2442;False
32,32;-0,0585;0,0049;1,2446;False
32,33;-0,0585;0,0049;1,2446;False
32,34;-0,0585;0,0049;1,2446;False
32,34;-0,0625;0,0015;1,2451;False
32,35;-0,0625;0,0015;1,2451;False
32,36;-0,0625;0,0015;1,2451;False
32,36;-0,0683;-0,0009;1,2458;False
32,37;-0,0683;-0,0009;1,2458;False
32,38;-0,0683;-0,0009;1,2458;False
32,38;-0,0758;-0,0025;1,2467;False
32,39;-0,0758;-0,0025;1,2467;False
32,39;-0,0758;-0,0025;1,2467;False
32,40;-0,0758;-0,0025;1,2467;False
32,40;-0,0856;-0,0035;1,2478;False
32,41;-0,0856;-0,0035;1,2478;False
32,41;-0,0856;-0,0035;1,2478;False
32,42;-0,0856;-0,0035;1,2478;False
32,42;-0,0979;-0,0040;1,2493;False
32,43;-0,0979;-0,0040;1,2493;False
32,44;-0,0979;-0,0040;1,2493;False
32,45;-0,1127;-0,0042;1,2510;False
32,45;-0,1127;-0,0042;1,2510;False
32,46;-0,1127;-0,0042;1,2510;False
32,46;-0,1271;-0,0040;1,2526;False
32,47;-0,1271;-0,0040;1,2526;False
32,48;-0,1410;-0,0037;1,2542;False
32,49;-0,1410;-0,0037;1,2542;False
32,50;-0,1410;-0,0037;1,2542;False
32,50;-0,1542;-0,0033;1,2557;False
32,51;-0,1542;-0,0033;1,2557;False
32,52;-0,1542;-0,0033;1,2557;False
32,52;-0,1680;-0,0027;1,2572;False
32,53;-0,1680;-0,0027;1,2572;False
32,54;-0,1680;-0,0027;1,2572;False
32,54;-0,1825;-0,0022;1,2588;False
32,55;-0,1825;-0,0022;1,2588;False
32,55;-0,1825;-0,0022;1,2588;False
32,56;-0,1825;-0,0022;1,2588;False
32,56;-0,1825;-0,0022;1,2588;False
32,56;-0,1963;-0,0016;1,2603;False
32,57;-0,1963;-0,0016;1,2603;False
32,58;-0,1963;-0,0016;1,2603;False
32,58;-0,2095;-0,0011;1,2618;False
32,59;-0,2095;-0,0011;1,2618;False
32,60;-0,2095;-0,0011;1,2618;False
32,60;-0,2197;-0,0011;1,2628;False
32,61;-0,2197;-0,0011;1,2628;False
32,62;-0,2197;-0,0011;1,2628;False
32,62;-0,2197;-0,0011;1,2628;False
32,62;-0,2221;-0,0022;1,2625;False
32,63;-0,2221;-0,0022;1,2625;False
32,64;-0,2221;-0,0022;1,2625;False
32,64;-0,2227;-0,0028;1,2624;False
32,65;-0,2227;-0,0028;1,2624;False
32,65;-0,2227;-0,0028;1,2624;False
32,66;-0,2227;-0,0028;1,2624;False
32,66;-0,2229;-0,0031;1,2623;False
32,67;-0,2229;-0,0031;1,2623;False
32,67;-0,2229;-0,0031;1,2623;False
32,68;-0,2229;-0,0031;1,2623;False
32,68;-0,2229;-0,0032;1,2623;False
32,69;-0,2229;-0,0032;1,2623;False
32,70;-0,2229;-0,0032;1,2623;False
32,70;-0,2229;-0,0030;1,2622;False
32,71;-0,2229;-0,0030;1,2622;False
32,71;-0,2229;-0,0030;1,2622;False
32,71;-0,2229;-0,0030;1,2622;False
32,72;-0,2229;-0,0030;1,2622;False
32,72;-0,2229;-0,0026;1,2622;False
32,73;-0,2229;-0,0026;1,2622;False
32,74;-0,2229;-0,0026;1,2622;False
32,74;-0,2228;-0,0022;1,2621;False
32,75;-0,2228;-0,0022;1,2621;False
32,75;-0,2228;-0,0022;1,2621;False
32,75;-0,2228;-0,0022;1,2621;False
32,76;-0,2227;-0,0018;1,2621;False
32,77;-0,2227;-0,0018;1,2621;False
32,77;-0,2227;-0,0018;1,2621;False
32,77;-0,2227;-0,0018;1,2621;False
32,78;-0,2227;-0,0018;1,2621;False
32,78;-0,2226;-0,0013;1,2620;False
32,79;-0,2226;-0,0013;1,2620;False
32,79;-0,2226;-0,0013;1,2620;False
32,80;-0,2226;-0,0013;1,2620;False
32,80;-0,2226;-0,0013;1,2620;False
32,80;-0,2226;-0,0009;1,2620;False
32,81;-0,2226;-0,0009;1,2620;False
32,82;-0,2226;-0,0009;1,2620;False
32,82;-0,2224;-0,0005;1,2619;False
32,83;-0,2224;-0,0005;1,2619;False
32,83;-0,2224;-0,0005;1,2619;False
32,83;-0,2224;-0,0005;1,2619;False
32,84;-0,2223;-0,0001;1,2619;False
32,85;-0,2223;-0,0001;1,2619;False
32,85;-0,2223;-0,0001;1,2619;False
32,86;-0,2223;-0,0001;1,2619;False
32,86;-0,2222;0,0002;1,2619;False
32,87;-0,2222;0,0002;1,2619;False
32,87;-0,2222;0,0002;1,2619;False
32,88;-0,2220;0,0005;1,2618;False
32,89;-0,2220;0,0005;1,2618;False
32,90;-0,2220;0,0005;1,2618;False
32,90;-0,2219;0,0008;1,2618;False
32,91;-0,2219;0,0008;1,2618;False
32,92;-0,2217;0,0010;1,2617;False
32,93;-0,2217;0,0010;1,2617;False
32,93;-0,2217;0,0010;1,2617;False
32,94;-0,2215;0,0012;1,2617;False
32,95;-0,2215;0,0012;1,2617;False
32,96;-0,2215;0,0012;1,2617;False
32,96;-0,2213;0,0013;1,2616;False
32,98;-0,2213;0,0013;1,2616;False
32,98;-0,2211;0,0014;1,2616;False
32,99;-0,2211;0,0014;1,2616;False
33,00;-0,2211;0,0014;1,2616;False
33,01;-0,2209;0,0015;1,2615;False
33,01;-0,2209;0,0015;1,2615;False
33,02;-0,2209;0,0015;1,2615;False
33,03;-0,2207;0,0015;1,2615;False
33,03;-0,2207;0,0015;1,2615;False
33,04;-0,2207;0,0015;1,2615;False
33,04;-0,2205;0,0016;1,2614;False
33,05;-0,2205;0,0016;1,2614;False
33,05;-0,2205;0,0016;1,2614;False
33,06;-0,2205;0,0016;1,2614;False
33,07;-0,2202;0,0016;1,2613;False
33,08;-0,2202;0,0016;1,2613;False
33,09;-0,2200;0,0016;1,2613;False
33,10;-0,2200;0,0016;1,2613;False
33,10;-0,2197;0,0016;1,2612;False
33,11;-0,2197;0,0016;1,2612;False
33,12;-0,2195;0,0016;1,2611;False
33,13;-0,2195;0,0016;1,2611;False
33,14;-0,2192;0,0016;1,2611;False
33,15;-0,2192;0,0016;1,2611;False
33,16;-0,2192;0,0016;1,2611;False
33,17;-0,2189;0,0016;1,2610;False
33,17;-0,2189;0,0016;1,2610;False
33,19;-0,2186;0,0016;1,2609;False
33,19;-0,2186;0,0016;1,2609;False
33,20;-0,2186;0,0016;1,2609;False
33,21;-0,2183;0,0016;1,2608;False
33,22;-0,2183;0,0016;1,2608;False
33,23;-0,2180;0,0016;1,2608;False
33,24;-0,2180;0,0016;1,2608;False
33,25;-0,2176;0,0016;1,2607;False
33,25;-0,2176;0,0016;1,2607;False
33,26;-0,2176;0,0016;1,2607;False
33,26;-0,2173;0,0015;1,2606;False
33,27;-0,2173;0,0015;1,2606;False
33,28;-0,2173;0,0015;1,2606;False
33,28;-0,2170;0,0015;1,2605;False
33,29;-0,2170;0,0015;1,2605;False
33,30;-0,2170;0,0015;1,2605;False
33,30;-0,2166;0,0015;1,2605;False
33,31;-0,2166;0,0015;1,2605;False
33,32;-0,2166;0,0015;1,2605;False
33,32;-0,2163;0,0015;1,2604;False
33,33;-0,2163;0,0015;1,2604;False
33,34;-0,2163;0,0015;1,2604;False
33,34;-0,2159;0,0015;1,2603;False
33,35;-0,2159;0,0015;1,2603;False
33,35;-0,2159;0,0015;1,2603;False
33,36;-0,2155;0,0015;1,2602;False
33,37;-0,2155;0,0015;1,2602;False
33,38;-0,2155;0,0015;1,2602;False
33,39;-0,2152;0,0015;1,2601;False
33,39;-0,2152;0,0015;1,2601;False
33,40;-0,2148;0,0015;1,2600;False
33,41;-0,2148;0,0015;1,2600;False
33,41;-0,2148;0,0015;1,2600;False
33,42;-0,2144;0,0015;1,2600;False
33,43;-0,2144;0,0015;1,2600;False
33,44;-0,2144;0,0015;1,2600;False
33,44;-0,2140;0,0015;1,2599;False
33,45;-0,2140;0,0015;1,2599;False
33,45;-0,2140;0,0015;1,2599;False
33,46;-0,2140;0,0015;1,2599;False
33,47;-0,2136;0,0015;1,2598;False
33,47;-0,2136;0,0015;1,2598;False
33,48;-0,2136;0,0015;1,2598;False
33,48;-0,2132;0,0015;1,2597;False
33,49;-0,2132;0,0015;1,2597;False
33,49;-0,2132;0,0015;1,2597;False
33,50;-0,2128;0,0015;1,2596;False
33,51;-0,2128;0,0015;1,2596;False
33,51;-0,2128;0,0015;1,2596;False
33,52;-0,2128;0,0015;1,2596;False
33,52;-0,2142;0,0015;1,2597;False
33,53;-0,2142;0,0015;1,2597;False
33,53;-0,2142;0,0015;1,2597;False
33,54;-0,2142;0,0015;1,2597;False
33,54;-0,2179;0,0015;1,2601;False
33,55;-0,2179;0,0015;1,2601;False
33,55;-0,2179;0,0015;1,2601;False
33,56;-0,2179;0,0015;1,2601;False
33,56;-0,2217;0,0011;1,2603;False
33,57;-0,2217;0,0011;1,2603;False
33,57;-0,2217;0,0011;1,2603;False
33,58;-0,2217;0,0011;1,2603;False
33,58;-0,2217;0,0011;1,2603;False
33,58;-0,2228;0,0002;1,2600;False
33,59;-0,2228;0,0002;1,2600;False
33,59;-0,2228;0,0002;1,2600;False
33,60;-0,2228;0,0002;1,2600;False
33,60;-0,2228;0,0002;1,2600;False
33,60;-0,2233;-0,0007;1,2597;False
33,61;-0,2233;-0,0007;1,2597;False
33,62;-0,2233;-0,0007;1,2597;False
33,62;-0,2235;-0,0015;1,2595;False
33,63;-0,2235;-0,0015;1,2595;False
33,63;-0,2235;-0,0015;1,2595;False
33,63;-0,2235;-0,0015;1,2595;False
33,64;-0,2237;-0,0021;1,2593;False
33,65;-0,2237;-0,0021;1,2593;False
33,65;-0,2237;-0,0021;1,2593;False
33,65;-0,2237;-0,0021;1,2593;False
33,66;-0,2237;-0,0021;1,2593;False
33,66;-0,2239;-0,0026;1,2592;False
33,67;-0,2239;-0,0026;1,2592;False
33,67;-0,2239;-0,0026;1,2592;False
33,68;-0,2239;-0,0026;1,2592;False
33,68;-0,2239;-0,0025;1,2590;False
33,69;-0,2239;-0,0025;1,2590;False
33,69;-0,2239;-0,0025;1,2590;False
33,70;-0,2239;-0,0025;1,2590;False
33,71;-0,2239;-0,0025;1,2589;False
33,71;-0,2239;-0,0025;1,2589;False
33,72;-0,2239;-0,0025;1,2589;False
33,72;-0,2240;-0,0025;1,2588;False
33,73;-0,2240;-0,0025;1,2588;False
33,73;-0,2240;-0,0025;1,2588;False
33,74;-0,2240;-0,0024;1,2586;False
33,75;-0,2240;-0,0024;1,2586;False
33,75;-0,2240;-0,0024;1,2586;False
33,75;-0,2240;-0,0024;1,2586;False
33,76;-0,2240;-0,0024;1,2586;False
33,76;-0,2240;-0,0023;1,2585;False
33,77;-0,2240;-0,0023;1,2585;False
33,77;-0,2240;-0,0023;1,2585;False
33,78;-0,2240;-0,0023;1,2585;False
33,78;-0,2239;-0,0020;1,2584;False
33,79;-0,2239;-0,0020;1,2584;False
33,79;-0,2239;-0,0020;1,2584;False
33,79;-0,2239;-0,0020;1,2584;False
33,80;-0,2239;-0,0017;1,2583;False
33,81;-0,2239;-0,0017;1,2583;False
33,81;-0,2239;-0,0017;1,2583;False
33,81;-0,2239;-0,0017;1,2583;False
33,82;-0,2239;-0,0017;1,2583;False
33,82;-0,2234;-0,0014;1,2582;False
33,83;-0,2234;-0,0014;1,2582;False
33,83;-0,2234;-0,0014;1,2582;False
33,84;-0,2234;-0,0014;1,2582;False
33,84;-0,2222;-0,0010;1,2580;False
33,84;-0,2222;-0,0010;1,2580;False
33,85;-0,2222;-0,0010;1,2580;False
33,85;-0,2222;-0,0010;1,2580;False
33,86;-0,2222;-0,0010;1,2580;False
33,86;-0,2202;-0,0006;1,2577;False
33,87;-0,2202;-0,0006;1,2577;False
33,87;-0,2202;-0,0006;1,2577;False
33,88;-0,2202;-0,0006;1,2577;False
33,88;-0,2202;-0,0006;1,2577;False
33,88;-0,2178;-0,0003;1,2574;False
33,89;-0,2178;-0,0003;1,2574;False
33,90;-0,2178;-0,0003;1,2574;False
33,90;-0,2141;0,0000;1,2568;False
33,91;-0,2141;0,0000;1,2568;False
33,91;-0,2141;0,0000;1,2568;False
33,92;-0,2141;0,0000;1,2568;False
33,92;-0,2141;0,0000;1,2568;False
33,92;-0,2096;0,0003;1,2562;False
33,93;-0,2096;0,0003;1,2562;False
33,93;-0,2096;0,0003;1,2562;False
33,94;-0,2096;0,0003;1,2562;False
33,94;-0,2040;0,0005;1,2555;False
33,95;-0,2040;0,0005;1,2555;False
33,95;-0,2040;0,0005;1,2555;False
33,96;-0,2040;0,0005;1,2555;False
33,96;-0,1968;0,0007;1,2546;False
33,97;-0,1968;0,0007;1,2546;False
33,97;-0,1968;0,0007;1,2546;False
33,97;-0,1968;0,0007;1,2546;False
33,98;-0,1968;0,0007;1,2546;False
33,98;-0,1878;0,0008;1,2534;False
33,99;-0,1878;0,0008;1,2534;False
33,99;-0,1878;0,0008;1,2534;False
33,99;-0,1878;0,0008;1,2534;False
34,00;-0,1878;0,0008;1,2534;False
34,00;-0,1767;0,0009;1,2520;False
34,01;-0,1767;0,0009;1,2520;False
34,02;-0,1814;0,0119;1,2492;False
34,02;-0,1685;0,0119;1,2476;False
34,03;-0,1685;0,0119;1,2476;False
34,03;-0,1685;0,0119;1,2476;False
34,03;-0,1685;0,0119;1,2476;False
34,04;-0,1534;0,0118;1,2457;False
34,05;-0,1534;0,0118;1,2457;False
34,05;-0,1534;0,0118;1,2457;False
34,06;-0,1534;0,0118;1,2457;False
34,06;-0,1534;0,0118;1,2457;False
34,06;-0,1361;0,0117;1,2435;False
34,07;-0,1361;0,0117;1,2435;False
34,08;-0,1361;0,0117;1,2435;False
34,08;-0,1167;0,0115;1,2412;False
34,09;-0,1167;0,0115;1,2412;False
34,09;-0,1167;0,0115;1,2412;False
34,10;-0,1167;0,0115;1,2412;False
34,11;-0,0950;0,0112;1,2385;False
34,11;-0,0950;0,0112;1,2385;False
34,12;-0,0950;0,0112;1,2385;False
34,12;-0,0710;0,0109;1,2356;False
34,13;-0,0710;0,0109;1,2356;False
34,14;-0,0710;0,0109;1,2356;False
34,14;-0,0445;0,0105;1,2325;False
34,15;-0,0445;0,0105;1,2325;False
34,15;-0,0445;0,0105;1,2325;False
34,15;-0,0445;0,0105;1,2325;False
34,16;-0,0445;0,0105;1,2325;False
34,16;-0,0159;0,0101;1,2291;False
34,17;-0,0159;0,0101;1,2291;False
34,17;-0,0159;0,0101;1,2291;False
34,18;-0,0159;0,0101;1,2291;False
34,18;0,0150;0,0097;1,2256;False
34,19;0,0150;0,0097;1,2256;False
34,19;0,0150;0,0097;1,2256;False
34,19;0,0150;0,0097;1,2256;False
34,20;0,0479;0,0092;1,2219;False
34,21;0,0479;0,0092;1,2219;False
34,21;0,0479;0,0092;1,2219;False
34,22;0,0479;0,0092;1,2219;False
34,22;0,0479;0,0092;1,2219;False
34,22;0,0827;0,0087;1,2180;False
34,23;0,0827;0,0087;1,2180;False
34,24;0,0827;0,0087;1,2180;False
34,24;0,0827;0,0087;1,2180;False
34,24;0,1195;0,0082;1,2140;False
34,25;0,1195;0,0082;1,2140;False
34,25;0,1195;0,0082;1,2140;False
34,26;0,1195;0,0082;1,2140;False
34,26;0,1579;0,0076;1,2098;False
34,27;0,1579;0,0076;1,2098;False
34,27;0,1579;0,0076;1,2098;False
34,28;0,1579;0,0076;1,2098;False
34,28;0,1981;0,0070;1,2056;False
34,29;0,1981;0,0070;1,2056;False
34,29;0,1981;0,0070;1,2056;False
34,30;0,1981;0,0070;1,2056;False
34,30;0,2374;0,0064;1,2016;False
34,31;0,2374;0,0064;1,2016;False
34,31;0,2374;0,0064;1,2016;False
34,31;0,2374;0,0064;1,2016;False
34,32;0,2374;0,0064;1,2016;False
34,32;0,2774;0,0059;1,1975;False
34,33;0,2774;0,0059;1,1975;False
34,33;0,2774;0,0059;1,1975;False
34,34;0,2774;0,0059;1,1975;False
34,34;0,3165;0,0053;1,1937;False
34,35;0,3165;0,0053;1,1937;False
34,35;0,3165;0,0053;1,1937;False
34,36;0,3165;0,0053;1,1937;False
34,36;0,3561;0,0049;1,1900;False
34,37;0,3561;0,0049;1,1900;False
34,37;0,3561;0,0049;1,1900;False
34,37;0,3561;0,0049;1,1900;False
34,38;0,3561;0,0049;1,1900;False
34,38;0,3971;0,0044;1,1862;False
34,39;0,3971;0,0044;1,1862;False
34,39;0,3971;0,0044;1,1862;False
34,39;0,3971;0,0044;1,1862;False
34,40;0,3971;0,0044;1,1862;False
34,40;0,4371;0,0039;1,1827;False
34,41;0,4371;0,0039;1,1827;False
34,42;0,4371;0,0039;1,1827;False
34,42;0,4753;0,0035;1,1794;False
34,43;0,4753;0,0035;1,1794;False
34,43;0,4753;0,0035;1,1794;False
34,44;0,4753;0,0035;1,1794;False
34,44;0,5141;0,0030;1,1762;False
34,45;0,5141;0,0030;1,1762;False
34,46;0,5141;0,0030;1,1762;False
34,46;0,5141;0,0030;1,1762;False
34,46;0,5513;0,0025;1,1732;False
34,47;0,5513;0,0025;1,1732;False
34,48;0,5513;0,0025;1,1732;False
34,48;0,5870;0,0020;1,1703;False
34,49;0,5870;0,0020;1,1703;False
34,49;0,5870;0,0020;1,1703;False
34,50;0,5870;0,0020;1,1703;False
34,51;0,6212;0,0015;1,1676;False
34,51;0,6212;0,0015;1,1676;False
34,51;0,6212;0,0015;1,1676;False
34,52;0,6212;0,0015;1,1676;False
34,52;0,6540;0,0010;1,1652;False
34,53;0,6540;0,0010;1,1652;False
34,53;0,6540;0,0010;1,1652;False
34,54;0,6540;0,0010;1,1652;False
34,54;0,6855;0,0006;1,1629;False
34,55;0,6855;0,0006;1,1629;False
34,55;0,6855;0,0006;1,1629;False
34,55;0,6855;0,0006;1,1629;False
34,56;0,6855;0,0006;1,1629;False
34,56;0,7150;0,0002;1,1608;False
34,57;0,7150;0,0002;1,1608;False
34,57;0,7150;0,0002;1,1608;False
34,58;0,7150;0,0002;1,1608;False
34,58;0,7433;-0,0001;1,1589;False
34,59;0,7433;-0,0001;1,1589;False
34,59;0,7433;-0,0001;1,1589;False
34,59;0,7433;-0,0001;1,1589;False
34,60;0,7704;-0,0004;1,1571;False
34,61;0,7704;-0,0004;1,1571;False
34,61;0,7704;-0,0004;1,1571;False
34,61;0,7704;-0,0004;1,1571;False
34,62;0,7704;-0,0004;1,1571;False
34,62;0,7964;-0,0007;1,1555;False
34,63;0,7964;-0,0007;1,1555;False
34,63;0,7964;-0,0007;1,1555;False
34,64;0,7964;-0,0007;1,1555;False
34,64;0,8213;-0,0008;1,1541;False
34,64;0,8213;-0,0008;1,1541;False
34,65;0,8213;-0,0008;1,1541;False
34,65;0,8213;-0,0008;1,1541;False
34,66;0,8213;-0,0008;1,1541;False
34,66;0,8446;-0,0010;1,1528;False
34,67;0,8446;-0,0010;1,1528;False
34,67;0,8446;-0,0010;1,1528;False
34,68;0,8446;-0,0010;1,1528;False
34,68;0,8446;-0,0010;1,1528;False
34,68;0,8670;-0,0011;1,1516;False
34,69;0,8670;-0,0011;1,1516;False
34,70;0,8670;-0,0011;1,1516;False
34,70;0,8884;-0,0011;1,1505;False
34,71;0,8884;-0,0011;1,1505;False
34,72;0,8884;-0,0011;1,1505;False
34,72;0,9089;-0,0012;1,1495;False
34,73;0,9089;-0,0012;1,1495;False
34,74;0,9286;-0,0012;1,1486;False
34,75;0,9286;-0,0012;1,1486;False
34,75;0,9286;-0,0012;1,1486;False
34,76;0,9286;-0,0012;1,1486;False
34,76;0,9470;-0,0012;1,1478;False
34,77;0,9470;-0,0012;1,1478;False
34,78;0,9470;-0,0012;1,1478;False
34,78;0,9647;-0,0011;1,1470;False
34,79;0,9647;-0,0011;1,1470;False
34,79;0,9647;-0,0011;1,1470;False
34,79;0,9647;-0,0011;1,1470;False
34,80;0,9647;-0,0011;1,1470;False
34,80;0,9815;-0,0011;1,1463;False
34,81;0,9815;-0,0011;1,1463;False
34,82;0,9815;-0,0011;1,1463;False
34,82;0,9977;-0,0011;1,1457;False
34,83;0,9977;-0,0011;1,1457;False
34,84;0,9977;-0,0011;1,1457;False
34,84;1,0132;-0,0010;1,1451;False
34,85;1,0132;-0,0010;1,1451;False
34,85;1,0132;-0,0010;1,1451;False
34,86;1,0132;-0,0010;1,1451;False
34,86;1,0277;-0,0010;1,1445;False
34,87;1,0277;-0,0010;1,1445;False
34,88;1,0277;-0,0010;1,1445;False
34,88;1,0416;-0,0009;1,1440;False
34,89;1,0416;-0,0009;1,1440;False
34,89;1,0416;-0,0009;1,1440;False
34,90;1,0549;-0,0009;1,1435;False
34,91;1,0549;-0,0009;1,1435;False
34,92;1,0549;-0,0009;1,1435;False
34,92;1,0677;-0,0009;1,1431;False
34,93;1,0677;-0,0009;1,1431;False
34,93;1,0677;-0,0009;1,1431;False
34,94;1,0799;-0,0008;1,1427;False
34,95;1,0799;-0,0008;1,1427;False
34,96;1,0799;-0,0008;1,1427;False
34,96;1,0913;-0,0008;1,1423;False
34,97;1,0913;-0,0008;1,1423;False
34,98;1,0913;-0,0008;1,1423;False
34,98;1,1023;-0,0008;1,1419;False
34,99;1,1023;-0,0008;1,1419;False
34,99;1,1023;-0,0008;1,1419;False
35,00;1,1128;-0,0008;1,1416;False
35,01;1,1128;-0,0008;1,1416;False
35,02;1,1128;-0,0008;1,1416;False
35,02;1,1128;-0,0008;1,1416;False
35,02;1,1228;-0,0008;1,1412;False
35,03;1,1228;-0,0008;1,1412;False
35,04;1,1324;-0,0007;1,1409;False
35,05;1,1324;-0,0007;1,1409;False
35,05;1,1324;-0,0007;1,1409;False
35,06;1,1324;-0,0007;1,1409;False
35,06;1,1414;-0,0007;1,1407;False
35,07;1,1414;-0,0007;1,1407;False
35,07;1,1414;-0,0007;1,1407;False
35,08;1,1501;-0,0007;1,1404;False
35,09;1,1501;-0,0007;1,1404;False
35,09;1,1501;-0,0007;1,1404;False
35,10;1,1583;-0,0007;1,1401;False
35,11;1,1583;-0,0007;1,1401;False
35,12;1,1662;-0,0007;1,1399;False
35,13;1,1662;-0,0007;1,1399;False
35,14;1,1662;-0,0007;1,1399;False
35,14;1,1738;-0,0007;1,1397;False
35,15;1,1738;-0,0007;1,1397;False
35,15;1,1738;-0,0007;1,1397;False
35,16;1,1738;-0,0007;1,1397;False
35,17;1,1808;-0,0007;1,1395;False
35,18;1,1808;-0,0007;1,1395;False
35,18;1,1887;-0,0007;1,1392;False
35,19;1,1887;-0,0007;1,1392;False
35,19;1,1887;-0,0007;1,1392;False
35,20;1,1887;-0,0007;1,1392;False
35,20;1,1967;-0,0007;1,1390;False
35,21;1,1967;-0,0007;1,1390;False
35,22;1,1967;-0,0007;1,1390;False
35,22;1,2053;-0,0007;1,1388;False
35,23;1,2053;-0,0007;1,1388;False
35,23;1,2053;-0,0007;1,1388;False
35,24;1,2053;-0,0007;1,1388;False
35,24;1,2146;-0,0007;1,1385;False
35,25;1,2146;-0,0007;1,1385;False
35,25;1,2146;-0,0007;1,1385;False
35,26;1,2146;-0,0007;1,1385;False
35,27;1,2239;-0,0007;1,1383;False
35,28;1,2239;-0,0007;1,1383;False
35,28;1,2337;-0,0007;1,1380;False
35,29;1,2337;-0,0007;1,1380;False
35,29;1,2337;-0,0007;1,1380;False
35,30;1,2337;-0,0007;1,1380;False
35,31;1,2434;-0,0007;1,1378;False
35,31;1,2434;-0,0007;1,1378;False
35,32;1,2434;-0,0007;1,1378;False
35,32;1,2528;-0,0007;1,1375;False
35,33;1,2528;-0,0007;1,1375;False
35,34;1,2619;-0,0007;1,1373;False
35,35;1,2619;-0,0007;1,1373;False
35,35;1,2619;-0,0007;1,1373;False
35,36;1,2619;-0,0007;1,1373;False
35,36;1,2701;-0,0007;1,1371;False
35,37;1,2701;-0,0007;1,1371;False
35,38;1,2774;-0,0007;1,1369;False
35,39;1,2774;-0,0007;1,1369;False
35,39;1,2774;-0,0007;1,1369;False
35,40;1,2838;-0,0007;1,1367;False
35,41;1,2838;-0,0007;1,1367;False
35,42;1,2838;-0,0007;1,1367;False
35,43;1,2893;-0,0007;1,1366;False
35,43;1,2893;-0,0007;1,1366;False
35,45;1,2936;-0,0007;1,1365;False
35,45;1,2936;-0,0007;1,1365;False
35,46;1,2966;-0,0007;1,1364;False
35,48;1,2966;-0,0007;1,1364;False
35,48;1,2979;-0,0007;1,1364;False
35,49;1,2979;-0,0007;1,1364;False
35,50;1,2977;-0,0007;1,1364;False
35,51;1,2977;-0,0007;1,1364;False
35,51;1,2977;-0,0007;1,1364;False
35,52;1,2957;-0,0007;1,1364;False
35,53;1,2957;-0,0007;1,1364;False
35,54;1,2957;-0,0007;1,1364;False
35,54;1,2919;-0,0008;1,1365;False
35,55;1,2919;-0,0008;1,1365;False
35,56;1,2919;-0,0008;1,1365;False
35,56;1,2858;-0,0008;1,1367;False
35,57;1,2858;-0,0008;1,1367;False
35,58;1,2858;-0,0008;1,1367;False
35,58;1,2773;-0,0008;1,1369;False
35,59;1,2773;-0,0008;1,1369;False
35,59;1,2773;-0,0008;1,1369;False
35,60;1,2773;-0,0008;1,1369;False
35,60;1,2660;-0,0008;1,1371;False
35,61;1,2660;-0,0008;1,1371;False
35,62;1,2523;-0,0008;1,1374;False
35,63;1,2523;-0,0008;1,1374;False
35,63;1,2523;-0,0008;1,1374;False
35,64;1,2361;-0,0008;1,1378;False
35,65;1,2361;-0,0008;1,1378;False
35,66;1,2361;-0,0008;1,1378;False
35,66;1,2201;-0,0008;1,1382;False
35,67;1,2201;-0,0008;1,1382;False
35,68;1,2201;-0,0008;1,1382;False
35,68;1,2048;-0,0008;1,1386;False
35,69;1,2048;-0,0008;1,1386;False
35,69;1,2048;-0,0008;1,1386;False
35,70;1,1901;-0,0008;1,1390;False
35,71;1,1901;-0,0008;1,1390;False
35,71;1,1901;-0,0008;1,1390;False
35,72;1,1901;-0,0008;1,1390;False
35,72;1,1760;-0,0008;1,1393;False
35,73;1,1760;-0,0008;1,1393;False
35,74;1,1760;-0,0008;1,1393;False
35,74;1,1624;-0,0008;1,1397;False
35,75;1,1624;-0,0008;1,1397;False
35,76;1,1624;-0,0008;1,1397;False
35,76;1,1484;-0,0008;1,1401;False
35,77;1,1484;-0,0008;1,1401;False
35,78;1,1484;-0,0008;1,1401;False
35,78;1,1337;-0,0008;1,1406;False
35,78;1,1337;-0,0008;1,1406;False
35,79;1,1337;-0,0008;1,1406;False
35,79;1,1337;-0,0008;1,1406;False
35,80;1,1196;-0,0008;1,1410;False
35,81;1,1196;-0,0008;1,1410;False
35,81;1,1196;-0,0008;1,1410;False
35,81;1,1196;-0,0008;1,1410;False
35,82;1,1196;-0,0008;1,1410;False
35,82;1,1061;-0,0008;1,1414;False
35,83;1,1061;-0,0008;1,1414;False
35,84;1,1061;-0,0008;1,1414;False
35,84;1,0921;-0,0008;1,1419;False
35,85;1,0921;-0,0008;1,1419;False
35,85;1,0921;-0,0008;1,1419;False
35,86;1,0921;-0,0008;1,1419;False
35,86;1,0774;-0,0008;1,1424;False
35,87;1,0774;-0,0008;1,1424;False
35,87;1,0774;-0,0008;1,1424;False
35,88;1,0774;-0,0008;1,1424;False
35,88;1,0633;-0,0008;1,1429;False
35,89;1,0633;-0,0008;1,1429;False
35,90;1,0633;-0,0008;1,1429;False
35,90;1,0498;-0,0008;1,1434;False
35,91;1,0498;-0,0008;1,1434;False
35,92;1,0498;-0,0008;1,1434;False
35,92;1,0358;-0,0008;1,1439;False
35,93;1,0358;-0,0008;1,1439;False
35,93;1,0358;-0,0008;1,1439;False
35,94;1,0358;-0,0008;1,1439;False
35,94;1,0211;-0,0008;1,1444;False
35,95;1,0211;-0,0008;1,1444;False
35,95;1,0211;-0,0008;1,1444;False
35,96;1,0070;-0,0008;1,1450;False
35,97;1,0070;-0,0008;1,1450;False
35,97;1,0070;-0,0008;1,1450;False
35,97;1,0070;-0,0008;1,1450;False
35,98;1,0070;-0,0008;1,1450;False
35,98;0,9935;-0,0008;1,1455;False
35,99;0,9935;-0,0008;1,1455;False
35,99;0,9935;-0,0008;1,1455;False
35,99;0,9935;-0,0008;1,1455;False
36,00;0,9935;-0,0008;1,1455;False
36,00;0,9795;-0,0008;1,1461;False
36,01;0,9795;-0,0008;1,1461;False
36,01;0,9795;-0,0008;1,1461;False
36,02;0,9795;-0,0008;1,1461;False
36,02;0,9647;-0,0008;1,1467;False
36,03;0,9647;-0,0008;1,1467;False
36,03;0,9647;-0,0008;1,1467;False
36,04;0,9647;-0,0008;1,1467;False
36,04;0,9506;-0,0008;1,1473;False
36,05;0,9506;-0,0008;1,1473;False
36,05;0,9506;-0,0008;1,1473;False
36,06;0,9506;-0,0008;1,1473;False
36,06;0,9371;-0,0008;1,1478;False
36,07;0,9371;-0,0008;1,1478;False
36,08;0,9231;-0,0008;1,1484;False
36,09;0,9231;-0,0008;1,1484;False
36,09;0,9231;-0,0008;1,1484;False
36,10;0,9084;-0,0008;1,1491;False
36,11;0,9084;-0,0008;1,1491;False
36,12;0,8943;-0,0008;1,1497;False
36,13;0,8943;-0,0008;1,1497;False
36,14;0,8943;-0,0008;1,1497;False
36,14;0,8808;-0,0008;1,1504;False
36,15;0,8808;-0,0008;1,1504;False
36,15;0,8808;-0,0008;1,1504;False
36,16;0,8808;-0,0008;1,1504;False
36,17;0,8668;-0,0008;1,1510;False
36,18;0,8668;-0,0008;1,1510;False
36,18;0,8668;-0,0008;1,1510;False
36,18;0,8521;-0,0008;1,1517;False
36,19;0,8521;-0,0008;1,1517;False
36,19;0,8521;-0,0008;1,1517;False
36,20;0,8521;-0,0008;1,1517;False
36,20;0,8380;-0,0008;1,1524;False
36,21;0,8380;-0,0008;1,1524;False
36,21;0,8380;-0,0008;1,1524;False
36,22;0,8380;-0,0008;1,1524;False
36,22;0,8380;-0,0008;1,1524;False
36,22;0,8249;-0,0008;1,1530;False
36,23;0,8249;-0,0008;1,1530;False
36,23;0,8249;-0,0008;1,1530;False
36,24;0,8249;-0,0008;1,1530;False
36,24;0,8249;-0,0008;1,1530;False
36,24;0,8123;-0,0007;1,1536;False
36,25;0,8123;-0,0007;1,1536;False
36,25;0,8123;-0,0007;1,1536;False
36,25;0,8123;-0,0007;1,1536;False
36,26;0,8123;-0,0007;1,1536;False
36,26;0,8002;-0,0007;1,1542;False
36,27;0,8002;-0,0007;1,1542;False
36,28;0,8002;-0,0007;1,1542;False
36,28;0,7886;-0,0006;1,1548;False
36,29;0,7886;-0,0006;1,1548;False
36,29;0,7886;-0,0006;1,1548;False
36,30;0,7886;-0,0006;1,1548;False
36,30;0,7775;-0,0006;1,1553;False
36,30;0,7775;-0,0006;1,1553;False
36,31;0,7775;-0,0006;1,1553;False
36,31;0,7775;-0,0006;1,1553;False
36,32;0,7775;-0,0006;1,1553;False
36,32;0,7672;-0,0005;1,1556;False
36,33;0,7672;-0,0005;1,1556;False
36,33;0,7672;-0,0005;1,1556;False
36,34;0,7672;-0,0005;1,1556;False
36,34;0,7573;-0,0005;1,1559;False
36,34;0,7573;-0,0005;1,1559;False
36,35;0,7573;-0,0005;1,1559;False
36,35;0,7573;-0,0005;1,1559;False
36,36;0,7573;-0,0005;1,1559;False
36,36;0,7479;-0,0004;1,1560;False
36,37;0,7479;-0,0004;1,1560;False
36,37;0,7479;-0,0004;1,1560;False
36,38;0,7479;-0,0004;1,1560;False
36,38;0,7388;-0,0003;1,1561;False
36,38;0,7388;-0,0003;1,1561;False
36,39;0,7388;-0,0003;1,1561;False
36,39;0,7388;-0,0003;1,1561;False
36,40;0,7388;-0,0003;1,1561;False
36,40;0,7302;-0,0003;1,1561;False
36,41;0,7302;-0,0003;1,1561;False
36,41;0,7302;-0,0003;1,1561;False
36,42;0,7302;-0,0003;1,1561;False
36,42;0,7222;-0,0002;1,1560;False
36,43;0,7222;-0,0002;1,1560;False
36,43;0,7222;-0,0002;1,1560;False
36,44;0,7222;-0,0002;1,1560;False
36,44;0,7145;-0,0001;1,1559;False
36,45;0,7107;0,0036;1,1577;False
36,45;0,7107;0,0036;1,1577;False
36,45;0,7107;0,0036;1,1577;False
36,46;0,7107;0,0036;1,1577;False
36,46;0,7035;0,0036;1,1575;False
36,47;0,7035;0,0036;1,1575;False
36,48;0,7035;0,0036;1,1575;False
36,48;0,7035;0,0036;1,1575;False
36,48;0,6966;0,0036;1,1573;False
36,49;0,6966;0,0036;1,1573;False
36,49;0,6966;0,0036;1,1573;False
36,50;0,6966;0,0036;1,1573;False
36,50;0,6900;0,0037;1,1570;False
36,51;0,6900;0,0037;1,1570;False
36,51;0,6900;0,0037;1,1570;False
36,52;0,6900;0,0037;1,1570;False
36,52;0,6840;0,0037;1,1568;False
36,53;0,6840;0,0037;1,1568;False
36,53;0,6840;0,0037;1,1568;False
36,54;0,6783;0,0038;1,1566;False
36,55;0,6783;0,0038;1,1566;False
36,55;0,6783;0,0038;1,1566;False
36,55;0,6783;0,0038;1,1566;False
36,56;0,6783;0,0038;1,1566;False
36,56;0,6728;0,0039;1,1564;False
36,57;0,6728;0,0039;1,1564;False
36,57;0,6728;0,0039;1,1564;False
36,58;0,6728;0,0039;1,1564;False
36,58;0,6677;0,0040;1,1563;False
36,59;0,6677;0,0040;1,1563;False
36,59;0,6677;0,0040;1,1563;False
36,59;0,6677;0,0040;1,1563;False
36,60;0,6628;0,0041;1,1563;False
36,61;0,6628;0,0041;1,1563;False
36,61;0,6628;0,0041;1,1563;False
36,61;0,6628;0,0041;1,1563;False
36,62;0,6628;0,0041;1,1563;False
36,62;0,6627;0,0041;1,1562;False
36,63;0,6627;0,0041;1,1562;False
36,63;0,6627;0,0041;1,1562;False
36,64;0,6627;0,0041;1,1562;False
36,64;0,6627;0,0041;1,1562;False
36,64;0,6626;0,0041;1,1561;False
36,65;0,6626;0,0041;1,1561;False
36,65;0,6626;0,0041;1,1561;False
36,66;0,6626;0,0041;1,1561;False
36,66;0,6625;0,0041;1,1560;False
36,67;0,6625;0,0041;1,1560;False
36,67;0,6625;0,0041;1,1560;False
36,68;0,6625;0,0041;1,1560;False
36,68;0,6625;0,0041;1,1559;False
36,69;0,6625;0,0041;1,1559;False
36,69;0,6625;0,0041;1,1559;False
36,70;0,6625;0,0041;1,1559;False
36,70;0,6626;0,0041;1,1558;False
36,71;0,6626;0,0041;1,1558;False
36,71;0,6626;0,0041;1,1558;False
36,71;0,6626;0,0041;1,1558;False
36,72;0,6626;0,0041;1,1558;False
36,73;0,6627;0,0041;1,1557;False
36,73;0,6627;0,0041;1,1557;False
36,74;0,6627;0,0041;1,1557;False
36,74;0,6629;0,0041;1,1556;False
36,75;0,6629;0,0041;1,1556;False
36,75;0,6629;0,0041;1,1556;False
36,75;0,6629;0,0041;1,1556;False
36,76;0,6632;0,0041;1,1555;False
36,77;0,6632;0,0041;1,1555;False
36,77;0,6632;0,0041;1,1555;False
36,77;0,6632;0,0041;1,1555;False
36,78;0,6632;0,0041;1,1555;False
36,78;0,6632;0,0041;1,1555;False
36,78;0,6635;0,0041;1,1554;False
36,79;0,6635;0,0041;1,1554;False
36,79;0,6635;0,0041;1,1554;False
36,80;0,6635;0,0041;1,1554;False
36,80;0,6638;0,0041;1,1553;False
36,81;0,6638;0,0041;1,1553;False
36,82;0,6638;0,0041;1,1553;False
36,82;0,6642;0,0041;1,1552;False
36,83;0,6642;0,0041;1,1552;False
36,83;0,6642;0,0041;1,1552;False
36,84;0,6642;0,0041;1,1552;False
36,84;0,6647;0,0041;1,1551;False
36,85;0,6647;0,0041;1,1551;False
36,85;0,6647;0,0041;1,1551;False
36,86;0,6647;0,0041;1,1551;False
36,86;0,6651;0,0041;1,1550;False
36,87;0,6651;0,0041;1,1550;False
36,87;0,6651;0,0041;1,1550;False
36,88;0,6651;0,0041;1,1550;False
36,88;0,6657;0,0041;1,1549;False
36,89;0,6657;0,0041;1,1549;False
36,89;0,6657;0,0041;1,1549;False
36,89;0,6657;0,0041;1,1549;False
36,90;0,6657;0,0041;1,1549;False
36,91;0,6662;0,0041;1,1547;False
36,91;0,6662;0,0041;1,1547;False
36,92;0,6662;0,0041;1,1547;False
36,93;0,6669;0,0041;1,1546;False
36,94;0,6669;0,0041;1,1546;False
36,95;0,6675;0,0041;1,1545;False
36,95;0,6675;0,0041;1,1545;False
36,96;0,6682;0,0041;1,1544;False
36,97;0,6682;0,0041;1,1544;False
36,98;0,6682;0,0041;1,1544;False
36,98;0,6689;0,0041;1,1543;False
36,99;0,6689;0,0041;1,1543;False
36,99;0,6689;0,0041;1,1543;False
37,00;0,6697;0,0041;1,1541;False
37,01;0,6697;0,0041;1,1541;False
37,02;0,6697;0,0041;1,1541;False
37,02;0,6705;0,0040;1,1540;False
37,03;0,6705;0,0040;1,1540;False
37,04;0,6705;0,0040;1,1540;False
37,04;0,6713;0,0040;1,1538;False
37,05;0,6713;0,0040;1,1538;False
37,05;0,6713;0,0040;1,1538;False
37,06;0,6721;0,0040;1,1536;False
37,07;0,6721;0,0040;1,1536;False
37,07;0,6721;0,0040;1,1536;False
37,08;0,6721;0,0040;1,1536;False
37,08;0,6730;0,0040;1,1534;False
37,09;0,6730;0,0040;1,1534;False
37,09;0,6730;0,0040;1,1534;False
37,10;0,6730;0,0040;1,1534;False
37,10;0,6740;0,0040;1,1532;False
37,11;0,6740;0,0040;1,1532;False
37,11;0,6740;0,0040;1,1532;False
37,12;0,6740;0,0040;1,1532;False
37,12;0,6749;0,0040;1,1530;False
37,13;0,6749;0,0040;1,1530;False
37,14;0,6759;0,0039;1,1527;False
37,15;0,6759;0,0039;1,1527;False
37,15;0,6759;0,0039;1,1527;False
37,16;0,6769;0,0039;1,1525;False
37,17;0,6769;0,0039;1,1525;False
37,18;0,6769;0,0039;1,1525;False
37,18;0,6780;0,0039;1,1523;False
37,19;0,6780;0,0039;1,1523;False
37,19;0,6780;0,0039;1,1523;False
37,20;0,6780;0,0039;1,1523;False
37,20;0,6780;0,0039;1,1523;False
37,20;0,6791;0,0039;1,1521;False
37,21;0,6791;0,0039;1,1521;False
37,22;0,6791;0,0039;1,1521;False
37,22;0,6802;0,0038;1,1519;False
37,23;0,6802;0,0038;1,1519;False
37,23;0,6802;0,0038;1,1519;False
37,24;0,6814;0,0038;1,1517;False
37,25;0,6814;0,0038;1,1517;False
37,26;0,6814;0,0038;1,1517;False
37,26;0,6825;0,0038;1,1514;False
37,27;0,6825;0,0038;1,1514;False
37,28;0,6837;0,0038;1,1512;False
37,29;0,6837;0,0038;1,1512;False
37,29;0,6837;0,0038;1,1512;False
37,30;0,6850;0,0037;1,1510;False
37,31;0,6850;0,0037;1,1510;False
37,31;0,6850;0,0037;1,1510;False
37,32;0,6850;0,0037;1,1510;False
37,32;0,6862;0,0037;1,1507;False
37,33;0,6862;0,0037;1,1507;False
37,34;0,6875;0,0037;1,1505;False
37,35;0,6875;0,0037;1,1505;False
37,35;0,6875;0,0037;1,1505;False
37,36;0,6888;0,0037;1,1503;False
37,37;0,6888;0,0037;1,1503;False
37,38;0,6888;0,0037;1,1503;False
37,38;0,6901;0,0036;1,1500;False
37,39;0,6901;0,0036;1,1500;False
37,39;0,6901;0,0036;1,1500;False
37,40;0,6914;0,0036;1,1498;False
37,40;0,6914;0,0036;1,1498;False
37,41;0,6914;0,0036;1,1498;False
37,41;0,6914;0,0036;1,1498;False
37,42;0,6914;0,0036;1,1498;False
37,42;0,6928;0,0036;1,1495;False
37,43;0,6928;0,0036;1,1495;False
37,44;0,6928;0,0036;1,1495;False
37,44;0,6928;0,0036;1,1495;False
37,44;0,6942;0,0036;1,1493;False
37,45;0,6942;0,0036;1,1493;False
37,45;0,6942;0,0036;1,1493;False
37,45;0,6942;0,0036;1,1493;False
37,46;0,6942;0,0036;1,1493;False
37,47;0,6955;0,0035;1,1490;False
37,48;0,6955;0,0035;1,1490;False
37,48;0,6955;0,0035;1,1490;False
37,49;0,6970;0,0035;1,1487;False
37,49;0,6970;0,0035;1,1487;False
37,50;0,6970;0,0035;1,1487;False
37,50;0,6984;0,0035;1,1485;False
37,51;0,6984;0,0035;1,1485;False
37,52;0,6984;0,0035;1,1485;False
37,52;0,6998;0,0035;1,1482;False
37,53;0,6998;0,0035;1,1482;False
37,54;0,6998;0,0035;1,1482;False
37,54;0,7013;0,0034;1,1479;False
37,55;0,7013;0,0034;1,1479;False
37,55;0,7013;0,0034;1,1479;False
37,55;0,7013;0,0034;1,1479;False
37,56;0,7027;0,0034;1,1477;False
37,57;0,7027;0,0034;1,1477;False
37,57;0,7027;0,0034;1,1477;False
37,58;0,7027;0,0034;1,1477;False
37,58;0,7042;0,0034;1,1474;False
37,59;0,7042;0,0034;1,1474;False
37,59;0,7042;0,0034;1,1474;False
37,60;0,7042;0,0034;1,1474;False
37,60;0,7057;0,0033;1,1471;False
37,61;0,7057;0,0033;1,1471;False
37,62;0,7057;0,0033;1,1471;False
37,63;0,7057;0,0033;1,1471;False
37,63;0,7057;0,0033;1,1471;False
37,64;0,7057;0,0033;1,1471;False
37,65;0,7057;0,0033;1,1471;False
37,66;0,7057;0,0033;1,1471;False
37,66;0,7057;0,0033;1,1471;False
37,67;0,7057;0,0033;1,1471;False
37,68;0,7057;0,0033;1,1471;False
37,68;0,7057;0,0033;1,1471;False
37,69;0,7057;0,0033;1,1471;False
37,69;0,7057;0,0033;1,1471;False
37,70;0,7057;0,0033;1,1471;False
37,71;0,7057;0,0033;1,1471;False
37,72;0,7057;0,0033;1,1471;False
37,72;0,7043;0,0034;1,1473;False
37,73;0,7043;0,0034;1,1473;False
37,74;0,7005;0,0034;1,1479;False
37,75;0,7005;0,0034;1,1479;False
37,75;0,7005;0,0034;1,1479;False
37,76;0,7005;0,0034;1,1479;False
37,76;0,6940;0,0036;1,1491;False
37,77;0,6940;0,0036;1,1491;False
37,77;0,6940;0,0036;1,1491;False
37,78;0,6940;0,0036;1,1491;False
37,78;0,6843;0,0038;1,1507;False
37,79;0,6843;0,0038;1,1507;False
37,79;0,6843;0,0038;1,1507;False
37,79;0,6843;0,0038;1,1507;False
37,80;0,6718;0,0040;1,1530;False
37,81;0,6718;0,0040;1,1530;False
37,81;0,6718;0,0040;1,1530;False
37,81;0,6718;0,0040;1,1530;False
37,82;0,6718;0,0040;1,1530;False
37,82;0,6566;0,0043;1,1557;False
37,83;0,6566;0,0043;1,1557;False
37,83;0,6566;0,0043;1,1557;False
37,84;0,6566;0,0043;1,1557;False
37,84;0,6416;0,0046;1,1584;False
37,85;0,6416;0,0046;1,1584;False
37,85;0,6416;0,0046;1,1584;False
37,85;0,6416;0,0046;1,1584;False
37,86;0,6416;0,0046;1,1584;False
37,87;0,6272;0,0049;1,1610;False
37,87;0,6272;0,0049;1,1610;False
37,87;0,6272;0,0049;1,1610;False
37,88;0,6272;0,0049;1,1610;False
37,88;0,6135;0,0051;1,1634;False
37,89;0,6135;0,0051;1,1634;False
37,89;0,6135;0,0051;1,1634;False
37,90;0,6135;0,0051;1,1634;False
37,90;0,6005;0,0054;1,1658;False
37,91;0,6005;0,0054;1,1658;False
37,91;0,6005;0,0054;1,1658;False
37,91;0,6005;0,0054;1,1658;False
37,92;0,6005;0,0054;1,1658;False
37,92;0,5870;0,0057;1,1683;False
37,93;0,5870;0,0057;1,1683;False
37,93;0,5870;0,0057;1,1683;False
37,94;0,5870;0,0057;1,1683;False
37,94;0,5701;0,0060;1,1714;False
37,95;0,5701;0,0060;1,1714;False
37,95;0,5701;0,0060;1,1714;False
37,96;0,5535;0,0063;1,1745;False
37,97;0,5535;0,0063;1,1745;False
37,97;0,5535;0,0063;1,1745;False
37,97;0,5535;0,0063;1,1745;False
37,98;0,5535;0,0063;1,1745;False
37,98;0,5376;0,0066;1,1774;False
37,98;0,5376;0,0066;1,1774;False
37,99;0,5376;0,0066;1,1774;False
37,99;0,5376;0,0066;1,1774;False
38,00;0,5376;0,0066;1,1774;False
38,00;0,5225;0,0069;1,1802;False
38,01;0,5225;0,0069;1,1802;False
38,01;0,5225;0,0069;1,1802;False
38,02;0,5225;0,0069;1,1802;False
38,02;0,5081;0,0072;1,1830;False
38,03;0,5081;0,0072;1,1830;False
38,03;0,5081;0,0072;1,1830;False
38,04;0,5081;0,0072;1,1830;False
38,04;0,4946;0,0075;1,1855;False
38,05;0,4946;0,0075;1,1855;False
38,05;0,4946;0,0075;1,1855;False
38,06;0,4946;0,0075;1,1855;False
38,06;0,4946;0,0075;1,1855;False
38,06;0,4818;0,0077;1,1879;False
38,07;0,4818;0,0077;1,1879;False
38,08;0,4818;0,0077;1,1879;False
38,08;0,4696;0,0080;1,1902;False
38,08;0,4696;0,0080;1,1902;False
38,09;0,4696;0,0080;1,1902;False
38,09;0,4696;0,0080;1,1902;False
38,10;0,4696;0,0080;1,1902;False
38,10;0,4579;0,0082;1,1924;False
38,11;0,4579;0,0082;1,1924;False
38,11;0,4579;0,0082;1,1924;False
38,11;0,4579;0,0082;1,1924;False
38,12;0,4579;0,0082;1,1924;False
38,12;0,4469;0,0084;1,1945;False
38,13;0,4469;0,0084;1,1945;False
38,14;0,4469;0,0084;1,1945;False
38,14;0,4366;0,0086;1,1965;False
38,15;0,4366;0,0086;1,1965;False
38,15;0,4366;0,0086;1,1965;False
38,16;0,4366;0,0086;1,1965;False
38,16;0,4267;0,0088;1,1983;False
38,17;0,4267;0,0088;1,1983;False
38,17;0,4267;0,0088;1,1983;False
38,18;0,4267;0,0088;1,1983;False
38,18;0,4267;0,0088;1,1983;False
38,18;0,4174;0,0090;1,2001;False
38,19;0,4174;0,0090;1,2001;False
38,19;0,4174;0,0090;1,2001;False
38,20;0,4174;0,0090;1,2001;False
38,20;0,4085;0,0092;1,2018;False
38,21;0,4085;0,0092;1,2018;False
38,21;0,4085;0,0092;1,2018;False
38,21;0,4085;0,0092;1,2018;False
38,22;0,4085;0,0092;1,2018;False
38,22;0,4001;0,0094;1,2034;False
38,23;0,4001;0,0094;1,2034;False
38,23;0,4001;0,0094;1,2034;False
38,24;0,4001;0,0094;1,2034;False
38,24;0,3923;0,0095;1,2049;False
38,25;0,3923;0,0095;1,2049;False
38,25;0,3923;0,0095;1,2049;False
38,25;0,3923;0,0095;1,2049;False
38,26;0,3923;0,0095;1,2049;False
38,26;0,3848;0,0097;1,2063;False
38,27;0,3848;0,0097;1,2063;False
38,27;0,3848;0,0097;1,2063;False
38,28;0,3848;0,0097;1,2063;False
38,28;0,3778;0,0098;1,2077;False
38,29;0,3778;0,0098;1,2077;False
38,29;0,3778;0,0098;1,2077;False
38,30;0,3778;0,0098;1,2077;False
38,30;0,3711;0,0099;1,2090;False
38,31;0,3711;0,0099;1,2090;False
38,31;0,3711;0,0099;1,2090;False
38,31;0,3711;0,0099;1,2090;False
38,32;0,3711;0,0099;1,2090;False
38,33;0,3647;0,0101;1,2102;False
38,33;0,3647;0,0101;1,2102;False
38,34;0,3647;0,0101;1,2102;False
38,34;0,3588;0,0102;1,2113;False
38,35;0,3588;0,0102;1,2113;False
38,35;0,3588;0,0102;1,2113;False
38,36;0,3588;0,0102;1,2113;False
38,36;0,3533;0,0103;1,2123;False
38,37;0,3533;0,0103;1,2123;False
38,37;0,3533;0,0103;1,2123;False
38,38;0,3533;0,0103;1,2123;False
38,38;0,3533;0,0103;1,2123;False
38,38;0,3480;0,0104;1,2133;False
38,39;0,3480;0,0104;1,2133;False
38,39;0,3480;0,0104;1,2133;False
38,40;0,3480;0,0104;1,2133;False
38,40;0,3430;0,0105;1,2143;False
38,41;0,3430;0,0105;1,2143;False
38,41;0,3430;0,0105;1,2143;False
38,42;0,3430;0,0105;1,2143;False
38,42;0,3383;0,0106;1,2151;False
38,43;0,3383;0,0106;1,2151;False
38,43;0,3383;0,0106;1,2151;False
38,44;0,3382;0,0106;1,2151;False
38,45;0,3382;0,0106;1,2151;False
38,45;0,3382;0,0106;1,2151;False
38,46;0,3382;0,0106;1,2150;False
38,47;0,3382;0,0106;1,2150;False
38,48;0,3382;0,0106;1,2150;False
38,48;0,3383;0,0106;1,2149;False
38,49;0,3383;0,0106;1,2149;False
38,49;0,3383;0,0106;1,2149;False
38,50;0,3383;0,0106;1,2149;False
38,51;0,3384;0,0106;1,2148;False
38,51;0,3384;0,0106;1,2148;False
38,52;0,3387;0,0106;1,2147;False
38,53;0,3387;0,0106;1,2147;False
38,53;0,3387;0,0106;1,2147;False
38,54;0,3389;0,0106;1,2146;False
38,55;0,3389;0,0106;1,2146;False
38,56;0,3389;0,0106;1,2146;False
38,56;0,3393;0,0106;1,2144;False
38,57;0,3393;0,0106;1,2144;False
38,58;0,3393;0,0106;1,2144;False
38,58;0,3397;0,0105;1,2142;False
38,59;0,3397;0,0105;1,2142;False
38,60;0,3397;0,0105;1,2142;False
38,60;0,3401;0,0105;1,2141;False
38,61;0,3401;0,0105;1,2141;False
38,61;0,3401;0,0105;1,2141;False
38,62;0,3401;0,0105;1,2141;False
38,62;0,3406;0,0105;1,2139;False
38,63;0,3406;0,0105;1,2139;False
38,63;0,3406;0,0105;1,2139;False
38,64;0,3406;0,0105;1,2139;False
38,65;0,3412;0,0105;1,2137;False
38,65;0,3412;0,0105;1,2137;False
38,65;0,3412;0,0105;1,2137;False
38,66;0,3418;0,0105;1,2135;False
38,67;0,3418;0,0105;1,2135;False
38,68;0,3418;0,0105;1,2135;False
38,68;0,3425;0,0105;1,2132;False
38,69;0,3425;0,0105;1,2132;False
38,70;0,3425;0,0105;1,2132;False
38,70;0,3432;0,0105;1,2130;False
38,71;0,3432;0,0105;1,2130;False
38,71;0,3432;0,0105;1,2130;False
38,72;0,3432;0,0105;1,2130;False
38,72;0,3439;0,0105;1,2128;False
38,73;0,3439;0,0105;1,2128;False
38,74;0,3439;0,0105;1,2128;False
38,74;0,3447;0,0104;1,2125;False
38,75;0,3447;0,0104;1,2125;False
38,76;0,3447;0,0104;1,2125;False
38,77;0,3456;0,0104;1,2123;False
38,77;0,3456;0,0104;1,2123;False
38,78;0,3456;0,0104;1,2123;False
38,78;0,3464;0,0104;1,2120;False
38,79;0,3464;0,0104;1,2120;False
38,79;0,3464;0,0104;1,2120;False
38,80;0,3474;0,0104;1,2117;False
38,81;0,3474;0,0104;1,2117;False
38,82;0,3474;0,0104;1,2117;False
38,82;0,3483;0,0104;1,2115;False
38,83;0,3483;0,0104;1,2115;False
38,83;0,3483;0,0104;1,2115;False
38,84;0,3483;0,0104;1,2115;False
38,85;0,3493;0,0103;1,2112;False
38,85;0,3493;0,0103;1,2112;False
38,86;0,3503;0,0103;1,2109;False
38,87;0,3503;0,0103;1,2109;False
38,88;0,3503;0,0103;1,2109;False
38,88;0,3514;0,0103;1,2106;False
38,89;0,3514;0,0103;1,2106;False
38,89;0,3514;0,0103;1,2106;False
38,90;0,3524;0,0103;1,2103;False
38,91;0,3524;0,0103;1,2103;False
38,91;0,3524;0,0103;1,2103;False
38,92;0,3524;0,0103;1,2103;False
38,92;0,3535;0,0102;1,2100;False
38,93;0,3535;0,0102;1,2100;False
38,94;0,3535;0,0102;1,2100;False
38,94;0,3547;0,0102;1,2096;False
38,95;0,3547;0,0102;1,2096;False
38,96;0,3547;0,0102;1,2096;False
38,96;0,3547;0,0102;1,2096;False
38,97;0,3550;0,0102;1,2095;False
38,97;0,3550;0,0102;1,2095;False
38,98;0,3550;0,0102;1,2095;False
38,98;0,3531;0,0102;1,2098;False
38,99;0,3531;0,0102;1,2098;False
38,99;0,3531;0,0102;1,2098;False
38,99;0,3531;0,0102;1,2098;False
39,00;0,3496;0,0103;1,2104;False
39,01;0,3496;0,0103;1,2104;False
39,01;0,3496;0,0103;1,2104;False
39,01;0,3496;0,0103;1,2104;False
39,02;0,3496;0,0103;1,2104;False
39,02;0,3446;0,0104;1,2114;False
39,03;0,3446;0,0104;1,2114;False
39,04;0,3446;0,0104;1,2114;False
39,04;0,3446;0,0104;1,2114;False
39,04;0,3382;0,0105;1,2126;False
39,05;0,3382;0,0105;1,2126;False
39,05;0,3382;0,0105;1,2126;False
39,06;0,3382;0,0105;1,2126;False
39,06;0,3305;0,0107;1,2141;False
39,07;0,3305;0,0107;1,2141;False
39,07;0,3305;0,0107;1,2141;False
39,08;0,3305;0,0107;1,2141;False
39,08;0,3220;0,0109;1,2158;False
39,09;0,3220;0,0109;1,2158;False
39,10;0,3220;0,0109;1,2158;False
39,10;0,3134;0,0110;1,2175;False
39,11;0,3134;0,0110;1,2175;False
39,11;0,3134;0,0110;1,2175;False
39,11;0,3134;0,0110;1,2175;False
39,12;0,3134;0,0110;1,2175;False
39,12;0,3041;0,0112;1,2193;False
39,13;0,3041;0,0112;1,2193;False
39,13;0,3041;0,0112;1,2193;False
39,14;0,2946;0,0114;1,2212;False
39,14;0,2946;0,0114;1,2212;False
39,15;0,2946;0,0114;1,2212;False
39,16;0,2946;0,0114;1,2212;False
39,16;0,2851;0,0116;1,2231;False
39,17;0,2851;0,0116;1,2231;False
39,17;0,2851;0,0116;1,2231;False
39,18;0,2851;0,0116;1,2231;False
39,18;0,2759;0,0118;1,2250;False
39,19;0,2759;0,0118;1,2250;False
39,19;0,2759;0,0118;1,2250;False
39,19;0,2759;0,0118;1,2250;False
39,20;0,2759;0,0118;1,2250;False
39,20;0,2670;0,0120;1,2267;False
39,21;0,2670;0,0120;1,2267;False
39,22;0,2670;0,0120;1,2267;False
39,22;0,2589;0,0121;1,2284;False
39,23;0,2589;0,0121;1,2284;False
39,23;0,2589;0,0121;1,2284;False
39,24;0,2515;0,0123;1,2299;False
39,25;0,2515;0,0123;1,2299;False
39,25;0,2515;0,0123;1,2299;False
39,25;0,2515;0,0123;1,2299;False
39,26;0,2515;0,0123;1,2299;False
39,26;0,2449;0,0124;1,2312;False
39,27;0,2449;0,0124;1,2312;False
39,27;0,2449;0,0124;1,2312;False
39,28;0,2449;0,0124;1,2312;False
39,28;0,2393;0,0125;1,2323;False
39,29;0,2393;0,0125;1,2323;False
39,29;0,2393;0,0125;1,2323;False
39,30;0,2393;0,0125;1,2323;False
39,30;0,2350;0,0126;1,2332;False
39,31;0,2350;0,0126;1,2332;False
39,31;0,2350;0,0126;1,2332;False
39,32;0,2350;0,0126;1,2332;False
39,32;0,2320;0,0127;1,2338;False
39,33;0,2320;0,0127;1,2338;False
39,33;0,2320;0,0127;1,2338;False
39,34;0,2320;0,0127;1,2338;False
39,34;0,2304;0,0127;1,2341;False
39,35;0,2304;0,0127;1,2341;False
39,35;0,2304;0,0127;1,2341;False
39,36;0,2305;0,0127;1,2339;False
39,37;0,2305;0,0127;1,2339;False
39,37;0,2305;0,0127;1,2339;False
39,38;0,2305;0,0127;1,2339;False
39,38;0,2321;0,0127;1,2335;False
39,39;0,2321;0,0127;1,2335;False
39,39;0,2321;0,0127;1,2335;False
39,40;0,2321;0,0127;1,2335;False
39,40;0,2355;0,0126;1,2327;False
39,41;0,2355;0,0126;1,2327;False
39,41;0,2355;0,0126;1,2327;False
39,42;0,2355;0,0126;1,2327;False
39,42;0,2355;0,0126;1,2327;False
39,42;0,2410;0,0125;1,2314;False
39,43;0,2410;0,0125;1,2314;False
39,44;0,2410;0,0125;1,2314;False
39,44;0,2492;0,0123;1,2295;False
39,45;0,2492;0,0123;1,2295;False
39,45;0,2492;0,0123;1,2295;False
39,45;0,2492;0,0123;1,2295;False
39,46;0,2492;0,0123;1,2295;False
39,46;0,2597;0,0121;1,2271;False
39,47;0,2597;0,0121;1,2271;False
39,47;0,2597;0,0121;1,2271;False
39,48;0,2597;0,0121;1,2271;False
39,48;0,2728;0,0118;1,2241;False
39,49;0,2728;0,0118;1,2241;False
39,49;0,2728;0,0118;1,2241;False
39,50;0,2728;0,0118;1,2241;False
39,50;0,2884;0,0115;1,2206;False
39,51;0,2884;0,0115;1,2206;False
39,51;0,2884;0,0115;1,2206;False
39,51;0,2884;0,0115;1,2206;False
39,52;0,2884;0,0115;1,2206;False
39,52;0,3065;0,0111;1,2165;False
39,53;0,3065;0,0111;1,2165;False
39,53;0,3065;0,0111;1,2165;False
39,54;0,3065;0,0111;1,2165;False
39,54;0,3271;0,0107;1,2119;False
39,55;0,3271;0,0107;1,2119;False
39,55;0,3271;0,0107;1,2119;False
39,56;0,3271;0,0107;1,2119;False
39,56;0,3502;0,0102;1,2068;False
39,57;0,3502;0,0102;1,2068;False
39,57;0,3502;0,0102;1,2068;False
39,58;0,3502;0,0102;1,2068;False
39,58;0,3757;0,0097;1,2012;False
39,59;0,3757;0,0097;1,2012;False
39,59;0,3757;0,0097;1,2012;False
39,59;0,3757;0,0097;1,2012;False
39,60;0,3757;0,0097;1,2012;False
39,60;0,4034;0,0092;1,1951;False
39,61;0,4034;0,0092;1,1951;False
39,61;0,4034;0,0092;1,1951;False
39,62;0,4034;0,0092;1,1951;False
39,62;0,4333;0,0085;1,1886;False
39,63;0,4333;0,0085;1,1886;False
39,63;0,4333;0,0085;1,1886;False
39,63;0,4333;0,0085;1,1886;False
39,64;0,4653;0,0079;1,1818;False
39,65;0,4653;0,0079;1,1818;False
39,65;0,4653;0,0079;1,1818;False
39,65;0,4653;0,0079;1,1818;False
39,66;0,4653;0,0079;1,1818;False
39,66;0,4992;0,0072;1,1745;False
39,67;0,4992;0,0072;1,1745;False
39,67;0,4992;0,0072;1,1745;False
39,68;0,5351;0,0065;1,1669;False
39,69;0,5351;0,0065;1,1669;False
39,69;0,5351;0,0065;1,1669;False
39,70;0,5351;0,0065;1,1669;False
39,71;0,5694;0,0058;1,1597;False
39,71;0,5694;0,0058;1,1597;False
39,71;0,5694;0,0058;1,1597;False
39,72;0,5694;0,0058;1,1597;False
39,72;0,6024;0,0051;1,1529;False
39,73;0,6024;0,0051;1,1529;False
39,74;0,6024;0,0051;1,1529;False
39,74;0,6475;-0,0258;1,1417;False
39,75;0,6475;-0,0258;1,1417;False
39,75;0,6475;-0,0258;1,1417;False
39,75;0,6475;-0,0258;1,1417;False
39,76;0,6475;-0,0258;1,1417;False
39,76;0,6777;-0,0075;1,1356;False
39,77;0,6777;-0,0075;1,1356;False
39,78;0,6777;-0,0075;1,1356;False
39,78;0,7067;-0,0056;1,1296;False
39,79;0,7067;-0,0056;1,1296;False
39,79;0,7067;-0,0056;1,1296;False
39,79;0,7067;-0,0056;1,1296;False
39,80;0,7339;-0,0041;1,1239;False
39,81;0,7339;-0,0041;1,1239;False
39,81;0,7339;-0,0041;1,1239;False
39,81;0,7339;-0,0041;1,1239;False
39,82;0,7339;-0,0041;1,1239;False
39,82;0,7600;-0,0029;1,1185;False
39,83;0,7600;-0,0029;1,1185;False
39,83;0,7600;-0,0029;1,1185;False
39,84;0,7600;-0,0029;1,1185;False
39,84;0,7850;-0,0019;1,1134;False
39,85;0,7850;-0,0019;1,1134;False
39,85;0,7850;-0,0019;1,1134;False
39,85;0,7850;-0,0019;1,1134;False
39,86;0,8090;-0,0012;1,1085;False
39,87;0,8090;-0,0012;1,1085;False
39,88;0,8090;-0,0012;1,1085;False
39,88;0,8319;-0,0007;1,1039;False
39,89;0,8319;-0,0007;1,1039;False
39,89;0,8319;-0,0007;1,1039;False
39,90;0,8319;-0,0007;1,1039;False
39,90;0,8534;-0,0003;1,0995;False
39,91;0,8534;-0,0003;1,0995;False
39,92;0,8534;-0,0003;1,0995;False
39,92;0,8741;-0,0001;1,0954;False
39,93;0,8741;-0,0001;1,0954;False
39,94;0,8741;-0,0001;1,0954;False
39,94;0,8938;0,0000;1,0915;False
39,95;0,8938;0,0000;1,0915;False
39,95;0,8938;0,0000;1,0915;False
39,96;0,8938;0,0000;1,0915;False
39,96;0,9128;0,0001;1,0877;False
39,97;0,9128;0,0001;1,0877;False
39,98;0,9128;0,0001;1,0877;False
39,98;0,9310;0,0001;1,0842;False
39,99;0,9310;0,0001;1,0842;False
39,99;0,9310;0,0001;1,0842;False
39,99;0,9310;0,0001;1,0842;False
40,00;0,9310;0,0001;1,0842;False
40,00;0,9480;0,0001;1,0809;False
40,01;0,9477;0,0036;1,0823;False
40,01;0,9477;0,0036;1,0823;False
40,02;0,9477;0,0036;1,0823;False
40,02;0,9640;0,0025;1,0792;False
40,03;0,9640;0,0025;1,0792;False
40,03;0,9640;0,0025;1,0792;False
40,04;0,9797;0,0015;1,0761;False
40,05;0,9797;0,0015;1,0761;False
40,05;0,9797;0,0015;1,0761;False
40,05;0,9797;0,0015;1,0761;False
40,06;0,9797;0,0015;1,0761;False
40,06;0,9948;0,0007;1,0733;False
40,07;0,9948;0,0007;1,0733;False
40,07;0,9948;0,0007;1,0733;False
40,08;0,9948;0,0007;1,0733;False
40,08;1,0092;0,0001;1,0705;False
40,09;1,0092;0,0001;1,0705;False
40,09;1,0092;0,0001;1,0705;False
40,10;1,0092;0,0001;1,0705;False
40,11;1,0227;-0,0004;1,0680;False
40,11;1,0227;-0,0004;1,0680;False
40,12;1,0227;-0,0004;1,0680;False
40,12;1,0356;-0,0007;1,0656;False
40,13;1,0356;-0,0007;1,0656;False
40,14;1,0480;-0,0010;1,0632;False
40,15;1,0480;-0,0010;1,0632;False
40,15;1,0480;-0,0010;1,0632;False
40,16;1,0480;-0,0010;1,0632;False
40,17;1,0599;-0,0011;1,0610;False
40,18;1,0599;-0,0011;1,0610;False
40,18;1,0713;-0,0013;1,0589;False
40,19;1,0713;-0,0013;1,0589;False
40,20;1,0713;-0,0013;1,0589;False
40,20;1,0807;-0,0015;1,0620;False
40,21;1,0807;-0,0015;1,0620;False
40,21;1,0807;-0,0015;1,0620;False
40,22;1,0807;-0,0015;1,0620;False
40,22;1,0909;-0,0015;1,0601;False
40,23;1,0909;-0,0015;1,0601;False
40,24;1,0909;-0,0015;1,0601;False
40,24;1,1008;-0,0014;1,0584;False
40,25;1,1008;-0,0014;1,0584;False
40,25;1,1008;-0,0014;1,0584;False
40,25;1,1008;-0,0014;1,0584;False
40,26;1,1008;-0,0014;1,0584;False
40,27;1,1102;-0,0014;1,0566;False
40,27;1,1102;-0,0014;1,0566;False
40,28;1,1102;-0,0014;1,0566;False
40,28;1,1192;-0,0013;1,0550;False
40,29;1,1192;-0,0013;1,0550;False
40,29;1,1192;-0,0013;1,0550;False
40,30;1,1277;-0,0012;1,0535;False
40,31;1,1277;-0,0012;1,0535;False
40,31;1,1277;-0,0012;1,0535;False
40,32;1,1277;-0,0012;1,0535;False
40,32;1,1358;-0,0012;1,0520;False
40,33;1,1358;-0,0012;1,0520;False
40,33;1,1358;-0,0012;1,0520;False
40,34;1,1358;-0,0012;1,0520;False
40,34;1,1436;-0,0011;1,0506;False
40,35;1,1436;-0,0011;1,0506;False
40,35;1,1436;-0,0011;1,0506;False
40,36;1,1511;-0,0011;1,0493;False
40,37;1,1511;-0,0011;1,0493;False
40,38;1,1511;-0,0011;1,0493;False
40,38;1,1583;-0,0010;1,0480;False
40,39;1,1583;-0,0010;1,0480;False
40,39;1,1583;-0,0010;1,0480;False
40,39;1,1583;-0,0010;1,0480;False
40,40;1,1650;-0,0010;1,0468;False
40,41;1,1650;-0,0010;1,0468;False
40,42;1,1714;-0,0009;1,0457;False
40,43;1,1714;-0,0009;1,0457;False
40,44;1,1714;-0,0009;1,0457;False
40,45;1,1776;-0,0009;1,0446;False
40,46;1,1776;-0,0009;1,0446;False
40,46;1,1776;-0,0009;1,0446;False
40,47;1,1836;-0,0009;1,0436;False
40,47;1,1836;-0,0009;1,0436;False
40,48;1,1892;-0,0009;1,0426;False
40,49;1,1892;-0,0009;1,0426;False
40,49;1,1892;-0,0009;1,0426;False
40,50;1,1892;-0,0009;1,0426;False
40,50;1,1946;-0,0009;1,0416;False
40,51;1,1946;-0,0009;1,0416;False
40,52;1,1946;-0,0009;1,0416;False
40,52;1,1997;-0,0009;1,0407;False
40,53;1,1997;-0,0009;1,0407;False
40,54;1,2046;-0,0008;1,0399;False
40,55;1,2046;-0,0008;1,0399;False
40,55;1,2046;-0,0008;1,0399;False
40,56;1,2046;-0,0008;1,0399;False
40,56;1,2093;-0,0008;1,0391;False
40,57;1,2093;-0,0008;1,0391;False
40,58;1,2138;-0,0008;1,0383;False
40,59;1,2138;-0,0008;1,0383;False
40,59;1,2138;-0,0008;1,0383;False
40,59;1,2138;-0,0008;1,0383;False
40,60;1,2140;-0,0008;1,0383;False
40,61;1,2140;0,0102;1,0415;False
40,61;1,2140;0,0102;1,0415;False
40,62;1,2140;0,0102;1,0415;False
40,62;1,2140;0,0102;1,0415;False
40,62;1,2141;0,0062;1,0414;False
40,63;1,2141;0,0062;1,0414;False
40,64;1,2142;0,0062;1,0414;False
40,64;1,2143;0,0029;1,0414;False
40,65;1,2143;0,0029;1,0414;False
40,65;1,2143;0,0029;1,0414;False
40,66;1,2143;0,0029;1,0414;False
40,66;1,2144;0,0003;1,0414;False
40,67;1,2144;0,0003;1,0414;False
40,68;1,2145;-0,0015;1,0414;False
40,69;1,2145;-0,0015;1,0414;False
40,70;1,2146;-0,0028;1,0414;False
40,71;1,2146;-0,0028;1,0414;False
40,71;1,2146;-0,0028;1,0414;False
40,72;1,2146;-0,0028;1,0414;False
40,72;1,2147;-0,0037;1,0414;False
40,73;1,2147;-0,0037;1,0414;False
40,74;1,2147;-0,0037;1,0414;False
40,74;1,2148;-0,0041;1,0413;False
40,75;1,2148;-0,0041;1,0413;False
40,75;1,2148;-0,0041;1,0413;False
40,76;1,2149;-0,0044;1,0413;False
40,77;1,2149;-0,0044;1,0413;False
40,77;1,2149;-0,0044;1,0413;False
40,78;1,2150;-0,0044;1,0413;False
40,79;1,2150;-0,0044;1,0413;False
40,80;1,2150;-0,0044;1,0413;False
40,80;1,2160;-0,0042;1,0411;False
40,81;1,2160;-0,0042;1,0411;False
40,82;1,2160;-0,0042;1,0411;False
40,82;1,2181;-0,0040;1,0408;False
40,83;1,2181;-0,0040;1,0408;False
40,83;1,2181;-0,0040;1,0408;False
40,84;1,2214;-0,0037;1,0402;False
40,85;1,2214;-0,0037;1,0402;False
40,86;1,2214;-0,0037;1,0402;False
40,86;1,2253;-0,0034;1,0395;False
40,87;1,2253;-0,0034;1,0395;False
40,88;1,2253;-0,0034;1,0395;False
40,88;1,2296;-0,0030;1,0388;False
40,89;1,2296;-0,0030;1,0388;False
40,90;1,2296;-0,0030;1,0388;False
40,91;1,2342;-0,0027;1,0380;False
40,92;1,2342;-0,0027;1,0380;False
40,92;1,2388;-0,0024;1,0372;False
40,93;1,2388;-0,0024;1,0372;False
40,95;1,2435;-0,0021;1,0364;False
40,96;1,2435;-0,0021;1,0364;False
40,97;1,2474;-0,0018;1,0358;False
40,98;1,2474;-0,0018;1,0358;False
40,98;1,2474;-0,0018;1,0358;False
40,98;1,2509;-0,0016;1,0352;False
40,99;1,2509;-0,0016;1,0352;False
41,00;1,2509;-0,0016;1,0352;False
41,01;1,2535;-0,0014;1,0347;False
41,01;1,2535;-0,0014;1,0347;False
41,02;1,2553;-0,0013;1,0344;False
41,03;1,2553;-0,0013;1,0344;False
41,04;1,2553;-0,0013;1,0344;False
41,04;1,2561;-0,0011;1,0343;False
41,05;1,2561;-0,0011;1,0343;False
41,06;1,2561;-0,0011;1,0343;False
41,06;1,2554;-0,0010;1,0344;False
41,07;1,2554;-0,0010;1,0344;False
41,08;1,2533;-0,0009;1,0348;False
41,09;1,2533;-0,0009;1,0348;False
41,09;1,2533;-0,0009;1,0348;False
41,10;1,2500;-0,0009;1,0353;False
41,11;1,2500;-0,0009;1,0353;False
41,11;1,2500;-0,0009;1,0353;False
41,12;1,2449;-0,0008;1,0362;False
41,13;1,2449;-0,0008;1,0362;False
41,14;1,2449;-0,0008;1,0362;False
41,14;1,2378;-0,0008;1,0374;False
41,15;1,2378;-0,0008;1,0374;False
41,16;1,2378;-0,0008;1,0374;False
41,17;1,2287;-0,0008;1,0389;False
41,17;1,2287;-0,0008;1,0389;False
41,18;1,2171;-0,0008;1,0409;False
41,19;1,2171;-0,0008;1,0409;False
41,20;1,2171;-0,0008;1,0409;False
41,21;1,2033;-0,0008;1,0433;False
41,22;1,2033;-0,0008;1,0433;False
41,23;1,1898;-0,0008;1,0456;False
41,24;1,1898;-0,0008;1,0456;False
41,24;1,1756;-0,0008;1,0481;False
41,26;1,1756;-0,0008;1,0481;False
41,26;1,1610;-0,0008;1,0506;False
41,27;1,1610;-0,0008;1,0506;False
41,28;1,1610;-0,0008;1,0506;False
41,28;1,1470;-0,0008;1,0530;False
41,29;1,1470;-0,0008;1,0530;False
41,29;1,1470;-0,0008;1,0530;False
41,30;1,1470;-0,0008;1,0530;False
41,30;1,1336;-0,0008;1,0554;False
41,31;1,1336;-0,0008;1,0554;False
41,31;1,1336;-0,0008;1,0554;False
41,32;1,1336;-0,0008;1,0554;False
41,32;1,1336;-0,0008;1,0554;False
41,32;1,1197;-0,0008;1,0578;False
41,33;1,1197;-0,0008;1,0578;False
41,33;1,1197;-0,0008;1,0578;False
41,34;1,1197;-0,0008;1,0578;False
41,34;1,1051;-0,0008;1,0604;False
41,35;1,1051;-0,0008;1,0604;False
41,35;1,1051;-0,0008;1,0604;False
41,35;1,1051;-0,0008;1,0604;False
41,36;1,1051;-0,0008;1,0604;False
41,36;1,0911;-0,0008;1,0629;False
41,37;1,0911;-0,0008;1,0629;False
41,37;1,0911;-0,0008;1,0629;False
41,38;1,0911;-0,0008;1,0629;False
41,39;1,0777;-0,0008;1,0653;False
41,40;1,0777;-0,0008;1,0653;False
41,41;1,0652;-0,0008;1,0676;False
41,42;1,0652;-0,0008;1,0676;False
41,42;1,0532;-0,0008;1,0697;False
41,43;1,0532;-0,0008;1,0697;False
41,44;1,0417;-0,0008;1,0718;False
41,45;1,0417;-0,0008;1,0718;False
41,45;1,0417;-0,0008;1,0718;False
41,47;1,0306;-0,0008;1,0738;False
41,48;1,0306;-0,0008;1,0738;False
41,49;1,0200;-0,0008;1,0758;False
41,49;1,0200;-0,0008;1,0758;False
41,50;1,0200;-0,0008;1,0758;False
41,50;1,0101;-0,0008;1,0777;False
41,51;1,0101;-0,0008;1,0777;False
41,51;1,0101;-0,0008;1,0777;False
41,51;1,0101;-0,0008;1,0777;False
41,52;1,0007;-0,0008;1,0797;False
41,53;1,0007;-0,0008;1,0797;False
41,53;1,0007;-0,0008;1,0797;False
41,54;1,0007;-0,0008;1,0797;False
41,54;0,9916;-0,0008;1,0816;False
41,55;0,9916;-0,0008;1,0816;False
41,55;0,9916;-0,0008;1,0816;False
41,56;0,9916;-0,0008;1,0816;False
41,56;0,9829;-0,0008;1,0836;False
41,57;0,9829;-0,0008;1,0836;False
41,57;0,9829;-0,0008;1,0836;False
41,58;0,9829;-0,0008;1,0836;False
41,58;0,9747;-0,0008;1,0856;False
41,59;0,9747;-0,0008;1,0856;False
41,59;0,9747;-0,0008;1,0856;False
41,60;0,9747;-0,0008;1,0856;False
41,60;0,9669;-0,0008;1,0874;False
41,61;0,9669;-0,0008;1,0874;False
41,62;0,9669;-0,0008;1,0874;False
41,62;0,9595;-0,0008;1,0893;False
41,63;0,9595;-0,0008;1,0893;False
41,63;0,9595;-0,0008;1,0893;False
41,64;0,9525;-0,0008;1,0911;False
41,65;0,9525;-0,0008;1,0911;False
41,65;0,9525;-0,0008;1,0911;False
41,66;0,9525;-0,0008;1,0911;False
41,66;0,9457;-0,0008;1,0928;False
41,67;0,9457;-0,0008;1,0928;False
41,68;0,9457;-0,0008;1,0928;False
41,68;0,9457;-0,0008;1,0928;False
41,68;0,9392;-0,0008;1,0945;False
41,69;0,9392;-0,0008;1,0945;False
41,69;0,9392;-0,0008;1,0945;False
41,70;0,9392;-0,0008;1,0945;False
41,71;0,9324;-0,0022;1,0950;False
41,71;0,9324;-0,0022;1,0950;False
41,72;0,9324;-0,0022;1,0950;False
41,72;0,9266;-0,0018;1,0965;False
41,73;0,9266;-0,0018;1,0965;False
41,74;0,9211;-0,0014;1,0979;False
41,75;0,9211;-0,0014;1,0979;False
41,75;0,9211;-0,0014;1,0979;False
41,76;0,9158;-0,0011;1,0993;False
41,77;0,9158;-0,0011;1,0993;False
41,78;0,9107;-0,0009;1,1004;False
41,79;0,9107;-0,0009;1,1004;False
41,80;0,9059;-0,0008;1,1015;False
41,81;0,9059;-0,0008;1,1015;False
41,83;0,9012;-0,0007;1,1023;False
41,84;0,8968;-0,0006;1,1031;False
41,86;0,8968;-0,0006;1,1031;False
41,86;0,8925;-0,0005;1,1037;False
41,88;0,8925;-0,0005;1,1037;False
41,88;0,8888;-0,0003;1,1041;False
41,89;0,8888;-0,0003;1,1041;False
41,91;0,8887;-0,0007;1,1041;False
41,91;0,8887;-0,0007;1,1041;False
41,92;0,8885;-0,0009;1,1041;False
41,93;0,8885;-0,0009;1,1041;False
41,94;0,8885;-0,0009;1,1041;False
41,94;0,8884;-0,0010;1,1041;False
41,95;0,8884;-0,0010;1,1041;False
41,95;0,8884;-0,0010;1,1041;False
41,96;0,8884;-0,0010;1,1041;False
41,96;0,8883;-0,0012;1,1041;False
41,97;0,8883;-0,0012;1,1041;False
41,97;0,8883;-0,0012;1,1041;False
41,98;0,8883;-0,0012;1,1041;False
41,98;0,8881;-0,0012;1,1041;False
41,99;0,8881;-0,0012;1,1041;False
41,99;0,8881;-0,0012;1,1041;False
42,00;0,8880;-0,0012;1,1041;False
42,01;0,8880;-0,0012;1,1041;False
42,02;0,8880;-0,0012;1,1041;False
42,02;0,8879;-0,0012;1,1041;False
42,03;0,8879;-0,0012;1,1041;False
42,04;0,8879;-0,0012;1,1041;False
42,04;0,8877;-0,0012;1,1041;False
42,05;0,8877;-0,0012;1,1041;False
42,06;0,8877;-0,0012;1,1041;False
42,06;0,8876;-0,0012;1,1041;False
42,07;0,8876;-0,0012;1,1041;False
42,08;0,8876;-0,0012;1,1041;False
42,09;0,8875;-0,0011;1,1041;False
42,09;0,8875;-0,0011;1,1041;False
42,10;0,8875;-0,0011;1,1041;False
42,10;0,8874;-0,0010;1,1041;False
42,11;0,8874;-0,0010;1,1041;False
42,12;0,8874;-0,0010;1,1041;False
42,12;0,8873;-0,0010;1,1041;False
42,13;0,8873;-0,0010;1,1041;False
42,14;0,8873;-0,0010;1,1041;False
42,14;0,8873;-0,0010;1,1041;False
42,14;0,8872;-0,0010;1,1041;False
42,15;0,8872;-0,0010;1,1041;False
42,16;0,8872;-0,0010;1,1041;False
42,16;0,8871;-0,0009;1,1041;False
42,17;0,8871;-0,0009;1,1041;False
42,18;0,8871;-0,0009;1,1041;False
42,18;0,8870;-0,0009;1,1041;False
42,19;0,8870;-0,0009;1,1041;False
42,19;0,8870;-0,0009;1,1041;False
42,21;0,8869;-0,0009;1,1041;False
42,22;0,8869;-0,0009;1,1041;False
42,22;0,8868;-0,0009;1,1041;False
42,23;0,8868;-0,0009;1,1041;False
42,24;0,8868;-0,0009;1,1041;False
42,24;0,8867;-0,0008;1,1041;False
42,25;0,8867;-0,0008;1,1041;False
42,25;0,8867;-0,0008;1,1041;False
42,26;0,8867;-0,0008;1,1041;False
42,26;0,8866;-0,0008;1,1041;False
42,27;0,8866;-0,0008;1,1041;False
42,27;0,8866;-0,0008;1,1041;False
42,28;0,8866;-0,0008;1,1041;False
42,28;0,8865;-0,0008;1,1041;False
42,29;0,8865;-0,0008;1,1041;False
42,29;0,8865;-0,0008;1,1041;False
42,30;0,8849;-0,0008;1,1041;False
42,30;0,8849;-0,0008;1,1041;False
42,31;0,8849;-0,0008;1,1041;False
42,31;0,8849;-0,0008;1,1041;False
42,32;0,8849;-0,0008;1,1041;False
42,32;0,8814;-0,0008;1,1041;False
42,33;0,8814;-0,0008;1,1041;False
42,33;0,8814;-0,0008;1,1041;False
42,34;0,8814;-0,0008;1,1041;False
42,34;0,8758;-0,0008;1,1041;False
42,35;0,8758;-0,0008;1,1041;False
42,35;0,8758;-0,0008;1,1041;False
42,35;0,8758;-0,0008;1,1041;False
42,36;0,8675;-0,0008;1,1041;False
42,37;0,8675;-0,0008;1,1041;False
42,37;0,8675;-0,0008;1,1041;False
42,37;0,8675;-0,0008;1,1041;False
42,38;0,8675;-0,0008;1,1041;False
42,38;0,8563;-0,0008;1,1040;False
42,39;0,8563;-0,0008;1,1040;False
42,39;0,8563;-0,0008;1,1040;False
42,39;0,8563;-0,0008;1,1040;False
42,40;0,8563;-0,0008;1,1040;False
42,40;0,8427;-0,0004;1,1040;False
42,41;0,8427;-0,0004;1,1040;False
42,42;0,8427;-0,0004;1,1040;False
42,42;0,8263;-0,0004;1,1040;False
42,42;0,8263;-0,0004;1,1040;False
42,43;0,8263;-0,0004;1,1040;False
42,43;0,8263;-0,0004;1,1040;False
42,44;0,8102;-0,0005;1,1040;False
42,45;0,8102;-0,0005;1,1040;False
42,45;0,8102;-0,0005;1,1040;False
42,45;0,8102;-0,0005;1,1040;False
42,46;0,8102;-0,0005;1,1040;False
42,46;0,7947;-0,0006;1,1040;False
42,47;0,7947;-0,0006;1,1040;False
42,47;0,7947;-0,0006;1,1040;False
42,48;0,7947;-0,0006;1,1040;False
42,48;0,7798;-0,0007;1,1039;False
42,49;0,7798;-0,0007;1,1039;False
42,49;0,7798;-0,0007;1,1039;False
42,49;0,7798;-0,0007;1,1039;False
42,50;0,7798;-0,0007;1,1039;False
42,51;0,7656;-0,0007;1,1038;False
42,51;0,7656;-0,0007;1,1038;False
42,51;0,7656;-0,0007;1,1038;False
42,52;0,7656;-0,0007;1,1038;False
42,52;0,7519;-0,0008;1,1037;False
42,53;0,7519;-0,0008;1,1037;False
42,54;0,7519;-0,0008;1,1037;False
42,54;0,7519;-0,0008;1,1037;False
42,54;0,7378;-0,0008;1,1036;False
42,55;0,7378;-0,0008;1,1036;False
42,55;0,7378;-0,0008;1,1036;False
42,56;0,7378;-0,0008;1,1036;False
42,56;0,7378;-0,0008;1,1036;False
42,56;0,7230;-0,0008;1,1035;False
42,57;0,7230;-0,0008;1,1035;False
42,58;0,7230;-0,0008;1,1035;False
42,58;0,7097;-0,0006;1,1030;False
42,59;0,7097;-0,0006;1,1030;False
42,59;0,7097;-0,0006;1,1030;False
42,59;0,7097;-0,0006;1,1030;False
42,60;0,6951;-0,0009;1,1028;False
42,61;0,6951;-0,0009;1,1028;False
42,61;0,6951;-0,0009;1,1028;False
42,61;0,6951;-0,0009;1,1028;False
42,62;0,6951;-0,0009;1,1028;False
42,62;0,6802;-0,0012;1,1026;False
42,63;0,6802;-0,0012;1,1026;False
42,63;0,6802;-0,0012;1,1026;False
42,64;0,6802;-0,0012;1,1026;False
42,64;0,6659;-0,0013;1,1024;False
42,65;0,6659;-0,0013;1,1024;False
42,65;0,6659;-0,0013;1,1024;False
42,65;0,6659;-0,0013;1,1024;False
42,66;0,6659;-0,0013;1,1024;False
42,66;0,6523;-0,0014;1,1023;False
42,67;0,6523;-0,0014;1,1023;False
42,67;0,6523;-0,0014;1,1023;False
42,68;0,6523;-0,0014;1,1023;False
42,68;0,6380;-0,0015;1,1021;False
42,69;0,6380;-0,0015;1,1021;False
42,69;0,6380;-0,0015;1,1021;False
42,70;0,6380;-0,0015;1,1021;False
42,70;0,6231;-0,0015;1,1020;False
42,71;0,6231;-0,0015;1,1020;False
42,71;0,6231;-0,0015;1,1020;False
42,71;0,6231;-0,0015;1,1020;False
42,72;0,6231;-0,0015;1,1020;False
42,72;0,6088;-0,0014;1,1018;True
42,73;0,6088;-0,0014;1,1018;False
42,74;0,6088;-0,0014;1,1018;False
42,74;0,5955;-0,0014;1,1016;False
42,75;0,5955;-0,0014;1,1016;False
42,75;0,5955;-0,0014;1,1016;False
42,76;0,5828;-0,0013;1,1014;False
42,77;0,5828;-0,0013;1,1014;False
42,77;0,5828;-0,0013;1,1014;False
42,77;0,5828;-0,0013;1,1014;False
42,78;0,5828;-0,0013;1,1014;False
42,78;0,5706;-0,0012;1,1012;False
42,79;0,5706;-0,0012;1,1012;False
42,79;0,5706;-0,0012;1,1012;False
42,80;0,5706;-0,0012;1,1012;False
42,81;0,5591;-0,0010;1,1010;False
42,82;0,5591;-0,0010;1,1010;False
42,82;0,5481;-0,0008;1,1008;False
42,83;0,5481;-0,0008;1,1008;False
42,83;0,5481;-0,0008;1,1008;False
42,84;0,5379;-0,0006;1,1006;False
42,85;0,5379;-0,0006;1,1006;False
42,85;0,5379;-0,0006;1,1006;False
42,85;0,5379;-0,0006;1,1006;False
42,86;0,5379;-0,0006;1,1006;False
42,86;0,5281;-0,0005;1,1004;False
42,87;0,5281;-0,0005;1,1004;False
42,88;0,5281;-0,0005;1,1004;False
42,88;0,5188;-0,0004;1,1003;False
42,89;0,5188;-0,0004;1,1003;False
42,89;0,5188;-0,0004;1,1003;False
42,89;0,5188;-0,0004;1,1003;False
42,90;0,5188;-0,0004;1,1003;False
42,91;0,5099;-0,0003;1,1001;False
42,91;0,5099;-0,0003;1,1001;False
42,92;0,5099;-0,0003;1,1001;False
42,92;0,5014;-0,0002;1,0999;False
42,93;0,5014;-0,0002;1,0999;False
42,93;0,5014;-0,0002;1,0999;False
42,94;0,5014;-0,0002;1,0999;False
42,94;0,4933;0,0000;1,1000;False
42,95;0,4933;0,0000;1,1000;False
42,95;0,4933;0,0000;1,1000;False
42,96;0,4933;0,0000;1,1000;False
42,96;0,4855;-0,0001;1,1000;False
42,97;0,4855;-0,0001;1,1000;False
42,97;0,4855;-0,0001;1,1000;False
42,98;0,4855;-0,0001;1,1000;False
42,98;0,4781;-0,0001;1,0999;False
42,99;0,4781;-0,0001;1,0999;False
42,99;0,4781;-0,0001;1,0999;False
42,99;0,4781;-0,0001;1,0999;False
43,00;0,4710;-0,0002;1,0998;False
43,01;0,4710;-0,0002;1,0998;False
43,01;0,4710;-0,0002;1,0998;False
43,02;0,4710;-0,0002;1,0998;False
43,02;0,4642;-0,0002;1,0996;False
43,03;0,4642;-0,0002;1,0996;False
43,04;0,4642;-0,0002;1,0996;False
43,04;0,4642;-0,0002;1,0996;False
43,04;0,4579;-0,0003;1,0995;False
43,05;0,4579;-0,0003;1,0995;False
43,05;0,4579;-0,0003;1,0995;False
43,06;0,4579;-0,0003;1,0995;False
43,06;0,4519;-0,0003;1,0994;False
43,07;0,4519;-0,0003;1,0994;False
43,07;0,4519;-0,0003;1,0994;False
43,08;0,4519;-0,0003;1,0994;False
43,08;0,4519;-0,0003;1,0994;False
43,08;0,4461;-0,0004;1,0993;False
43,09;0,4461;-0,0004;1,0993;False
43,10;0,4407;-0,0004;1,0992;False
43,11;0,4407;-0,0004;1,0992;False
43,12;0,4407;-0,0004;1,0992;False
43,13;0,4355;-0,0004;1,0990;False
43,14;0,4355;-0,0004;1,0990;False
43,15;0,4306;-0,0004;1,0989;False
43,16;0,4306;-0,0004;1,0989;False
43,17;0,4260;-0,0003;1,0988;False
43,18;0,4260;-0,0003;1,0988;False
43,18;0,4217;-0,0003;1,0987;False
43,19;0,4217;-0,0003;1,0987;False
43,20;0,4175;-0,0003;1,0986;False
43,21;0,4175;-0,0003;1,0986;False
43,22;0,4130;-0,0003;1,0985;False
43,23;0,4130;-0,0003;1,0985;False
43,24;0,4055;-0,0003;1,0983;False
43,28;0,3958;-0,0002;1,0981;False
43,28;0,3831;-0,0001;1,0978;False
43,29;0,3831;-0,0001;1,0978;False
43,29;0,3831;-0,0001;1,0978;False
43,30;0,3831;-0,0001;1,0978;False
43,31;0,3679;0,0000;1,0974;False
43,31;0,3679;0,0000;1,0974;False
43,32;0,3679;0,0000;1,0974;False
43,32;0,3679;0,0000;1,0974;False
43,32;0,3528;0,0002;1,0970;False
43,33;0,3528;0,0002;1,0970;False
43,34;0,3528;0,0002;1,0970;False
43,34;0,3384;0,0002;1,0967;False
43,35;0,3384;0,0002;1,0967;False
43,35;0,3384;0,0002;1,0967;False
43,35;0,3384;0,0002;1,0967;False
43,36;0,3384;0,0002;1,0967;False
43,36;0,3245;0,0003;1,0963;False
43,37;0,3245;0,0003;1,0963;False
43,37;0,3245;0,0003;1,0963;False
43,38;0,3245;0,0003;1,0963;False
43,38;0,3113;0,0003;1,0959;False
43,39;0,3113;0,0003;1,0959;False
43,39;0,3113;0,0003;1,0959;False
43,40;0,2977;0,0003;1,0955;False
43,41;0,2977;0,0003;1,0955;False
43,41;0,2977;0,0003;1,0955;False
43,41;0,2977;0,0003;1,0955;False
43,42;0,2977;0,0003;1,0955;False
43,42;0,2807;0,0004;1,0950;False
43,43;0,2807;0,0004;1,0950;False
43,44;0,2807;0,0004;1,0950;False
43,44;0,2665;0,0005;1,0948;False
43,45;0,2665;0,0005;1,0948;False
43,45;0,2665;0,0005;1,0948;False
43,46;0,2665;0,0005;1,0948;False
43,47;0,2566;0,0005;1,0948;False
43,47;0,2566;0,0005;1,0948;False
43,48;0,2566;0,0005;1,0948;False
43,48;0,2492;0,0013;1,0946;False
43,49;0,2492;0,0013;1,0946;False
43,49;0,2492;0,0013;1,0946;False
43,50;0,2492;0,0013;1,0946;False
43,50;0,2448;0,0031;1,0944;False
43,51;0,2448;0,0031;1,0944;False
43,51;0,2448;0,0031;1,0944;False
43,52;0,2448;0,0031;1,0944;False
43,52;0,2420;0,0047;1,0941;False
43,53;0,2420;0,0047;1,0941;False
43,53;0,2420;0,0047;1,0941;False
43,54;0,2420;0,0047;1,0941;False
43,54;0,2401;0,0057;1,0940;False
43,55;0,2401;0,0057;1,0940;False
43,55;0,2401;0,0057;1,0940;False
43,56;0,2401;0,0057;1,0940;False
43,56;0,2390;0,0063;1,0939;False
43,57;0,2390;0,0063;1,0939;False
43,57;0,2390;0,0063;1,0939;False
43,57;0,2390;0,0063;1,0939;False
43,58;0,2390;0,0063;1,0939;False
43,58;0,2385;0,0066;1,0939;False
43,59;0,2385;0,0066;1,0939;False
43,59;0,2385;0,0066;1,0939;False
43,60;0,2385;0,0066;1,0939;False
43,60;0,2386;0,0060;1,0938;False
43,61;0,2386;0,0060;1,0938;False
43,62;0,2386;0,0060;1,0938;False
43,62;0,2389;0,0053;1,0938;False
43,63;0,2389;0,0053;1,0938;False
43,63;0,2389;0,0053;1,0938;False
43,64;0,2394;0,0045;1,0940;False
43,65;0,2394;0,0045;1,0940;False
43,65;0,2394;0,0045;1,0940;False
43,65;0,2394;0,0045;1,0940;False
43,66;0,2394;0,0045;1,0940;False
43,66;0,2400;0,0036;1,0943;False
43,67;0,2400;0,0036;1,0943;False
43,67;0,2400;0,0036;1,0943;False
43,68;0,2400;0,0036;1,0943;False
43,68;0,2409;0,0028;1,0947;False
43,69;0,2409;0,0028;1,0947;False
43,69;0,2409;0,0028;1,0947;False
43,70;0,2409;0,0028;1,0947;False
43,71;0,2423;0,0020;1,0952;False
43,71;0,2423;0,0020;1,0952;False
43,72;0,2423;0,0020;1,0952;False
43,72;0,2436;0,0003;1,0956;False
43,73;0,2436;0,0003;1,0956;False
43,73;0,2436;0,0003;1,0956;False
43,74;0,2438;-0,0002;1,0959;False
43,75;0,2438;-0,0002;1,0959;False
43,75;0,2438;-0,0002;1,0959;False
43,75;0,2438;-0,0002;1,0959;False
43,76;0,2438;-0,0002;1,0959;False
43,76;0,2431;0,0000;1,0962;False
43,77;0,2431;0,0000;1,0962;False
43,78;0,2431;0,0000;1,0962;False
43,78;0,2418;0,0001;1,0964;True
43,79;0,2418;0,0001;1,0964;False
43,79;0,2418;0,0001;1,0964;False
43,80;0,2403;0,0008;1,0966;False
43,81;0,2403;0,0008;1,0966;False
43,81;0,2403;0,0008;1,0966;False
43,82;0,2403;0,0008;1,0966;False
43,82;0,2390;0,0008;1,0966;False
43,83;0,2390;0,0008;1,0966;False
43,84;0,2390;0,0008;1,0966;False
43,84;0,2379;0,0016;1,0967;False
43,85;0,2379;0,0016;1,0967;False
43,85;0,2379;0,0016;1,0967;False
43,86;0,2379;0,0016;1,0967;False
43,86;0,2368;0,0005;1,0967;False
43,87;0,2368;0,0005;1,0967;False
43,87;0,2368;0,0005;1,0967;False
43,88;0,2368;0,0005;1,0967;False
43,88;0,2352;0,0006;1,0968;False
43,89;0,2352;0,0006;1,0968;False
43,89;0,2352;0,0006;1,0968;False
43,90;0,2345;0,0004;1,0970;False
43,91;0,2345;0,0004;1,0970;False
43,92;0,2345;0,0004;1,0970;False
43,92;0,2345;0,0002;1,0971;False
43,93;0,2345;0,0002;1,0971;False
43,93;0,2345;0,0002;1,0971;False
43,94;0,2345;0,0002;1,0971;False
43,94;0,2344;0,0004;1,0973;False
43,95;0,2344;0,0004;1,0973;False
43,95;0,2344;0,0004;1,0973;False
43,95;0,2344;0,0004;1,0973;False
43,96;0,2346;0,0003;1,0974;False
43,97;0,2346;0,0003;1,0974;False
43,97;0,2346;0,0003;1,0974;False
43,97;0,2346;0,0003;1,0974;False
43,98;0,2346;0,0003;1,0974;False
43,98;0,2345;0,0005;1,0976;False
43,99;0,2345;0,0005;1,0976;False
43,99;0,2345;0,0005;1,0976;False
43,99;0,2345;0,0005;1,0976;False
44,00;0,2345;0,0005;1,0976;False
44,01;0,2346;0,0003;1,0977;False
44,01;0,2346;0,0003;1,0977;False
44,02;0,2345;0,0003;1,0979;False
44,02;0,2345;0,0003;1,0979;False
44,03;0,2345;0,0003;1,0979;False
44,04;0,2345;0,0003;1,0979;False
44,04;0,2345;0,0004;1,0978;False
44,05;0,2345;0,0004;1,0978;False
44,05;0,2345;0,0004;1,0978;False
44,05;0,2345;0,0004;1,0978;False
44,06;0,2345;0,0004;1,0978;False
44,06;0,2345;0,0006;1,0980;False
44,07;0,2345;0,0006;1,0980;False
44,07;0,2345;0,0006;1,0980;False
44,08;0,2345;0,0006;1,0980;False
44,08;0,2345;0,0002;1,0980;False
44,09;0,2345;0,0002;1,0980;False
44,09;0,2345;0,0002;1,0980;False
44,10;0,2345;0,0002;1,0980;False
44,10;0,2344;0,0005;1,0981;False
44,11;0,2344;0,0005;1,0981;False
44,11;0,2344;0,0005;1,0981;False
44,12;0,2344;0,0005;1,0981;False
44,12;0,2344;0,0005;1,0981;False
44,12;0,2345;0,0004;1,0982;False
44,13;0,2345;0,0004;1,0982;False
44,14;0,2345;0,0004;1,0982;False
44,14;0,2345;0,0004;1,0984;False
44,15;0,2345;0,0004;1,0984;False
44,15;0,2345;0,0004;1,0984;False
44,15;0,2345;0,0004;1,0984;False
44,16;0,2345;0,0004;1,0984;False
44,16;0,2346;0,0001;1,0985;False
44,17;0,2346;0,0001;1,0985;False
44,17;0,2346;0,0001;1,0985;False
44,18;0,2346;0,0001;1,0985;False
44,18;0,2343;0,0006;1,0987;False
44,19;0,2343;0,0006;1,0987;False
44,19;0,2343;0,0006;1,0987;False
44,20;0,2343;0,0006;1,0987;False
44,21;0,2343;0,0006;1,0987;False
44,21;0,2343;0,0006;1,0987;False
44,21;0,2343;0,0006;1,0987;False
44,22;0,2343;0,0006;1,0987;False
44,22;0,2344;0,0004;1,0989;False
44,23;0,2344;0,0004;1,0989;False
44,24;0,2344;0,0004;1,0989;False
44,24;0,2346;0,0002;1,0991;False
44,25;0,2346;0,0002;1,0991;False
44,25;0,2346;0,0002;1,0991;False
44,25;0,2346;0,0002;1,0991;False
44,26;0,2346;0,0002;1,0991;False
44,27;0,2347;0,0003;1,0991;False
44,27;0,2347;0,0003;1,0991;False
44,28;0,2347;0,0003;1,0991;False
44,28;0,2345;0,0005;1,0993;False
44,29;0,2345;0,0005;1,0993;False
44,29;0,2345;0,0005;1,0993;False
44,30;0,2345;0,0005;1,0993;False
44,30;0,2346;0,0002;1,0994;False
44,31;0,2346;0,0002;1,0994;False
44,31;0,2346;0,0002;1,0994;False
44,32;0,2346;0,0002;1,0994;False
44,32;0,2346;0,0003;1,0996;False
44,33;0,2346;0,0003;1,0996;False
44,33;0,2346;0,0003;1,0996;False
44,34;0,2346;0,0003;1,0996;False
44,34;0,2354;0,0000;1,0997;False
44,35;0,2354;0,0000;1,0997;False
44,35;0,2354;0,0000;1,0997;False
44,36;0,2368;0,0001;1,0999;False
44,37;0,2368;0,0001;1,0999;False
44,37;0,2368;0,0001;1,0999;False
44,38;0,2368;0,0001;1,0999;False
44,38;0,2387;-0,0002;1,1002;False
44,39;0,2387;-0,0002;1,1002;False
44,40;0,2387;-0,0002;1,1002;False
44,40;0,2408;-0,0005;1,1005;False
44,41;0,2408;-0,0005;1,1005;False
44,42;0,2408;-0,0005;1,1005;False
44,42;0,2430;-0,0010;1,1008;False
44,43;0,2430;-0,0010;1,1008;False
44,43;0,2430;-0,0010;1,1008;False
44,44;0,2451;-0,0014;1,1010;False
44,45;0,2451;-0,0014;1,1009;False
44,46;0,2451;-0,0014;1,1009;False
44,46;0,2472;-0,0018;1,1011;False
44,47;0,2472;-0,0018;1,1011;False
44,48;0,2472;-0,0018;1,1011;False
44,48;0,2492;-0,0022;1,1013;False
44,49;0,2492;-0,0022;1,1013;False
44,49;0,2492;-0,0022;1,1013;False
44,49;0,2492;-0,0022;1,1013;False
44,50;0,2492;-0,0022;1,1013;False
44,51;0,2513;-0,0025;1,1015;False
44,51;0,2513;-0,0025;1,1015;False
44,52;0,2513;-0,0025;1,1015;False
44,52;0,2533;-0,0028;1,1017;False
44,53;0,2533;-0,0028;1,1017;False
44,53;0,2533;-0,0028;1,1017;False
44,54;0,2553;-0,0030;1,1019;False
44,55;0,2553;-0,0030;1,1019;False
44,55;0,2553;-0,0030;1,1019;False
44,56;0,2553;-0,0030;1,1019;False
44,56;0,2573;-0,0031;1,1021;False
44,57;0,2573;-0,0031;1,1021;False
44,58;0,2573;-0,0031;1,1021;False
44,58;0,2592;-0,0032;1,1022;False
44,59;0,2592;-0,0032;1,1022;False
44,59;0,2592;-0,0032;1,1022;False
44,60;0,2611;-0,0032;1,1024;False
44,60;0,2611;-0,0032;1,1024;False
44,61;0,2611;-0,0032;1,1024;False
44,62;0,2611;-0,0032;1,1024;False
44,62;0,2611;-0,0032;1,1024;False
44,62;0,2612;-0,0037;1,1025;False
44,63;0,2612;-0,0037;1,1025;False
44,63;0,2612;-0,0037;1,1025;False
44,64;0,2599;-0,0042;1,1025;False
44,65;0,2599;-0,0042;1,1025;False
44,65;0,2599;-0,0042;1,1025;False
44,65;0,2599;-0,0042;1,1025;False
44,66;0,2599;-0,0042;1,1025;False
44,67;0,2576;-0,0044;1,1023;False
44,67;0,2576;-0,0044;1,1023;False
44,68;0,2576;-0,0044;1,1023;False
44,68;0,2547;-0,0043;1,1024;False
44,69;0,2547;-0,0043;1,1024;False
44,69;0,2547;-0,0043;1,1024;False
44,70;0,2547;-0,0043;1,1024;False
44,70;0,2515;-0,0044;1,1023;False
44,71;0,2515;-0,0044;1,1023;False
44,71;0,2515;-0,0044;1,1023;False
44,72;0,2515;-0,0044;1,1023;False
44,72;0,2477;-0,0041;1,1022;False
44,73;0,2477;-0,0041;1,1022;False
44,74;0,2477;-0,0041;1,1022;False
44,74;0,2428;-0,0034;1,1019;False
44,75;0,2428;-0,0034;1,1019;False
44,75;0,2428;-0,0034;1,1019;False
44,76;0,2366;-0,0024;1,1014;False
44,76;0,2366;-0,0024;1,1014;False
44,77;0,2366;-0,0024;1,1014;False
44,77;0,2366;-0,0024;1,1014;False
44,78;0,2366;-0,0024;1,1014;False
44,78;0,2278;-0,0007;1,1005;False
44,78;0,2278;-0,0007;1,1005;False
44,79;0,2278;-0,0007;1,1005;False
44,79;0,2278;-0,0007;1,1005;False
44,80;0,2278;-0,0007;1,1005;False
44,80;0,2170;-0,0001;1,0995;False
44,81;0,2170;-0,0001;1,0995;False
44,82;0,2170;-0,0001;1,0995;False
44,82;0,2055;0,0003;1,0985;False
44,82;0,2055;0,0003;1,0985;False
44,83;0,2055;0,0003;1,0985;False
44,83;0,2055;0,0003;1,0985;False
44,84;0,1936;0,0007;1,0977;False
44,85;0,1936;0,0007;1,0977;False
44,85;0,1936;0,0007;1,0977;False
44,86;0,1936;0,0007;1,0977;False
44,86;0,1813;0,0006;1,0967;False
44,87;0,1813;0,0006;1,0967;False
44,87;0,1813;0,0006;1,0967;False
44,88;0,1813;0,0006;1,0967;False
44,88;0,1679;0,0014;1,0956;False
44,89;0,1679;0,0014;1,0956;False
44,89;0,1679;0,0014;1,0956;False
44,90;0,1679;0,0014;1,0956;False
44,91;0,1540;0,0007;1,0943;False
44,91;0,1540;0,0007;1,0943;False
44,91;0,1540;0,0007;1,0943;False
44,92;0,1540;0,0007;1,0943;False
44,92;0,1414;0,0001;1,0922;False
44,93;0,1414;0,0001;1,0922;False
44,93;0,1414;0,0001;1,0922;False
44,94;0,1414;0,0001;1,0922;False
44,94;0,1312;0,0011;1,0906;False
44,95;0,1312;0,0011;1,0906;False
44,95;0,1312;0,0011;1,0906;False
44,96;0,1312;0,0011;1,0906;False
44,96;0,1243;0,0037;1,0896;False
44,97;0,1243;0,0037;1,0896;False
44,97;0,1243;0,0037;1,0896;False
44,98;0,1243;0,0037;1,0896;False
44,98;0,1199;0,0064;1,0888;False
44,99;0,1199;0,0064;1,0888;False
44,99;0,1199;0,0064;1,0888;False
45,00;0,1199;0,0064;1,0888;False
45,00;0,1167;0,0091;1,0882;False
45,01;0,1167;0,0091;1,0882;False
45,01;0,1167;0,0091;1,0882;False
45,02;0,1167;0,0091;1,0882;False
45,02;0,1141;0,0112;1,0876;False
45,03;0,1141;0,0112;1,0876;False
45,03;0,1141;0,0112;1,0876;False
45,04;0,1141;0,0112;1,0876;False
45,04;0,1119;0,0125;1,0872;False
45,05;0,1119;0,0125;1,0872;False
45,05;0,1119;0,0125;1,0872;False
45,06;0,1119;0,0125;1,0872;False
45,06;0,1101;0,0131;1,0868;False
45,07;0,1101;0,0131;1,0868;False
45,07;0,1101;0,0131;1,0868;False
45,08;0,1101;0,0131;1,0868;False
45,08;0,1090;0,0134;1,0865;False
45,09;0,1090;0,0134;1,0865;False
45,09;0,1090;0,0134;1,0865;False
45,10;0,1083;0,0136;1,0862;False
45,11;0,1083;0,0136;1,0862;False
45,11;0,1083;0,0136;1,0862;False
45,12;0,1083;0,0136;1,0862;False
45,12;0,1082;0,0137;1,0861;False
45,13;0,1082;0,0137;1,0861;False
45,14;0,1082;0,0137;1,0861;False
45,14;0,1082;0,0137;1,0861;False
45,14;0,1082;0,0135;1,0860;False
45,15;0,1082;0,0135;1,0860;False
45,15;0,1082;0,0135;1,0860;False
45,16;0,1082;0,0131;1,0860;False
45,17;0,1082;0,0131;1,0860;False
45,17;0,1082;0,0131;1,0860;False
45,17;0,1082;0,0131;1,0860;False
45,18;0,1082;0,0131;1,0860;False
45,18;0,1082;0,0128;1,0860;False
45,19;0,1082;0,0128;1,0860;False
45,19;0,1082;0,0128;1,0860;False
45,19;0,1082;0,0128;1,0860;False
45,20;0,1082;0,0128;1,0860;False
45,20;0,1082;0,0127;1,0860;False
45,21;0,1082;0,0127;1,0860;False
45,22;0,1082;0,0127;1,0860;False
45,22;0,1082;0,0127;1,0860;False
45,22;0,1082;0,0128;1,0860;False
45,23;0,1082;0,0128;1,0860;False
45,23;0,1082;0,0128;1,0860;False
45,24;0,1082;0,0128;1,0860;False
45,25;0,1082;0,0128;1,0860;False
45,25;0,1082;0,0128;1,0860;False
45,26;0,1082;0,0128;1,0860;False
45,26;0,1082;0,0129;1,0860;False
45,27;0,1082;0,0129;1,0860;False
45,27;0,1082;0,0129;1,0860;False
45,28;0,1082;0,0129;1,0860;False
45,28;0,1082;0,0129;1,0860;False
45,29;0,1082;0,0129;1,0860;False
45,29;0,1082;0,0129;1,0860;False
45,30;0,1082;0,0129;1,0860;False
45,31;0,1082;0,0129;1,0860;False
45,31;0,1082;0,0129;1,0860;False
45,31;0,1082;0,0129;1,0860;False
45,32;0,1082;0,0129;1,0860;False
45,32;0,1082;0,0129;1,0860;False
45,33;0,1082;0,0129;1,0860;False
45,34;0,1082;0,0129;1,0860;False
45,34;0,1082;0,0129;1,0860;False
45,35;0,1082;0,0129;1,0860;False
45,35;0,1082;0,0129;1,0860;False
45,35;0,1082;0,0129;1,0860;False
45,36;0,1082;0,0129;1,0860;False
45,36;0,1082;0,0129;1,0860;False
45,37;0,1082;0,0129;1,0860;False
45,37;0,1082;0,0129;1,0860;False
45,38;0,1082;0,0129;1,0860;False
45,38;0,1082;0,0129;1,0860;False
45,38;0,1082;0,0129;1,0860;False
45,39;0,1082;0,0129;1,0860;False
45,39;0,1082;0,0129;1,0860;False
45,40;0,1082;0,0129;1,0860;False
45,40;0,1082;0,0129;1,0860;False
45,41;0,1082;0,0129;1,0860;False
45,41;0,1082;0,0129;1,0860;False
45,42;0,1082;0,0129;1,0860;False
45,42;0,1082;0,0129;1,0860;False
45,43;0,1082;0,0129;1,0860;False
45,43;0,1082;0,0129;1,0860;False
45,44;0,1082;0,0129;1,0860;False
45,44;0,1082;0,0129;1,0860;False
45,45;0,1082;0,0129;1,0860;False
45,45;0,1082;0,0129;1,0860;False
45,46;0,1082;0,0129;1,0860;False
45,46;0,1082;0,0129;1,0860;False
45,47;0,1082;0,0129;1,0860;False
45,47;0,1082;0,0129;1,0860;False
45,48;0,1082;0,0129;1,0860;False
45,48;0,1082;0,0129;1,0860;False
45,48;0,1082;0,0129;1,0860;False
45,49;0,1082;0,0129;1,0860;False
45,50;0,1082;0,0129;1,0860;False
45,50;0,1082;0,0129;1,0860;False
45,51;0,1082;0,0129;1,0860;False
45,51;0,1082;0,0129;1,0860;False
45,51;0,1082;0,0129;1,0860;False
45,52;0,1082;0,0129;1,0860;False
45,52;0,1082;0,0129;1,0860;False
45,53;0,1082;0,0129;1,0860;False
45,53;0,1082;0,0129;1,0860;False
45,54;0,1082;0,0129;1,0860;False
45,54;0,1082;0,0129;1,0860;False
45,55;0,1082;0,0129;1,0860;False
45,55;0,1082;0,0129;1,0860;False
45,55;0,1082;0,0129;1,0860;False
45,56;0,1082;0,0129;1,0860;False
45,57;0,1082;0,0129;1,0860;False
45,57;0,1082;0,0129;1,0860;False
45,57;0,1082;0,0129;1,0860;False
45,58;0,1082;0,0129;1,0860;False
45,58;0,1082;0,0129;1,0860;False
45,59;0,1082;0,0129;1,0860;False
45,59;0,1082;0,0129;1,0860;False
45,59;0,1082;0,0129;1,0860;False
45,60;0,1082;0,0129;1,0860;False
45,60;0,1082;0,0129;1,0860;False
45,61;0,1082;0,0129;1,0860;False
45,62;0,1082;0,0129;1,0860;False
45,62;0,1082;0,0129;1,0860;False
45,62;0,1082;0,0129;1,0860;False
45,63;0,1082;0,0129;1,0860;False
45,64;0,1082;0,0129;1,0860;False
45,64;0,1082;0,0129;1,0860;False
45,65;0,1082;0,0129;1,0860;False
45,65;0,1082;0,0129;1,0860;False
45,66;0,1082;0,0129;1,0860;False
45,66;0,1087;0,0127;1,0861;False
45,67;0,1087;0,0127;1,0861;False
45,67;0,1059;0,0103;1,0879;False
45,68;0,1059;0,0103;1,0879;False
45,68;0,1067;0,0109;1,0879;False
45,69;0,1067;0,0109;1,0879;False
45,69;0,1067;0,0109;1,0879;False
45,70;0,1067;0,0109;1,0879;False
45,70;0,1085;0,0104;1,0875;False
45,71;0,1085;0,0104;1,0875;False
45,71;0,1085;0,0104;1,0875;False
45,71;0,1085;0,0104;1,0875;False
45,72;0,1106;0,0088;1,0874;False
45,73;0,1106;0,0088;1,0874;False
45,73;0,1106;0,0088;1,0874;False
45,74;0,1131;0,0062;1,0874;False
45,75;0,1131;0,0062;1,0874;False
45,75;0,1131;0,0062;1,0874;False
45,75;0,1131;0,0062;1,0874;False
45,76;0,1131;0,0062;1,0874;False
45,76;0,1163;0,0032;1,0876;False
45,77;0,1163;0,0032;1,0876;False
45,78;0,1163;0,0032;1,0876;False
45,78;0,1202;0,0002;1,0883;False
45,79;0,1202;0,0002;1,0883;False
45,79;0,1202;0,0002;1,0883;False
45,79;0,1202;0,0002;1,0883;False
45,80;0,1243;-0,0021;1,0891;False
45,81;0,1243;-0,0021;1,0891;False
45,81;0,1243;-0,0021;1,0891;False
45,81;0,1243;-0,0021;1,0891;False
45,82;0,1243;-0,0021;1,0891;False
45,82;0,1284;-0,0038;1,0900;False
45,83;0,1284;-0,0038;1,0900;False
45,83;0,1284;-0,0038;1,0900;False
45,84;0,1284;-0,0038;1,0900;False
45,84;0,1322;-0,0050;1,0908;False
45,85;0,1322;-0,0050;1,0908;False
45,85;0,1322;-0,0050;1,0908;False
45,86;0,1322;-0,0050;1,0908;False
45,86;0,1359;-0,0057;1,0915;False
45,87;0,1359;-0,0057;1,0915;False
45,88;0,1359;-0,0057;1,0915;False
45,88;0,1359;-0,0057;1,0915;False
45,89;0,1395;-0,0061;1,0923;False
45,89;0,1395;-0,0061;1,0923;False
45,90;0,1395;-0,0061;1,0923;False
45,90;0,1430;-0,0061;1,0929;False
45,91;0,1430;-0,0061;1,0929;False
45,91;0,1430;-0,0061;1,0929;False
45,92;0,1430;-0,0061;1,0929;False
45,92;0,1463;-0,0059;1,0936;False
45,93;0,1463;-0,0059;1,0936;False
45,93;0,1463;-0,0059;1,0936;False
45,94;0,1463;-0,0059;1,0936;False
45,94;0,1495;-0,0056;1,0942;False
45,94;0,1495;-0,0056;1,0942;False
45,95;0,1495;-0,0056;1,0942;False
45,95;0,1495;-0,0056;1,0942;False
45,96;0,1495;-0,0056;1,0942;False
45,96;0,1525;-0,0051;1,0947;False
45,97;0,1525;-0,0051;1,0947;False
45,97;0,1525;-0,0051;1,0947;False
45,98;0,1525;-0,0051;1,0947;False
45,98;0,1555;-0,0047;1,0953;False
45,99;0,1555;-0,0047;1,0953;False
45,99;0,1555;-0,0047;1,0953;False
46,00;0,1555;-0,0047;1,0953;False
46,00;0,1583;-0,0042;1,0958;False
46,01;0,1583;-0,0042;1,0958;False
46,01;0,1583;-0,0042;1,0958;False
46,02;0,1583;-0,0042;1,0958;False
46,02;0,1598;-0,0037;1,0961;False
46,03;0,1598;-0,0037;1,0961;False
46,03;0,1598;-0,0037;1,0961;False
46,04;0,1598;-0,0037;1,0961;False
46,04;0,1590;-0,0032;1,0960;False
46,05;0,1590;-0,0032;1,0960;False
46,05;0,1590;-0,0032;1,0960;False
46,06;0,1590;-0,0032;1,0960;False
46,06;0,1590;-0,0032;1,0960;False
46,06;0,1560;-0,0028;1,0954;False
46,07;0,1560;-0,0028;1,0954;False
46,08;0,1560;-0,0028;1,0954;False
46,08;0,1560;-0,0028;1,0954;False
46,08;0,1508;-0,0024;1,0944;False
46,09;0,1508;-0,0024;1,0944;False
46,09;0,1508;-0,0024;1,0944;False
46,10;0,1508;-0,0024;1,0944;False
46,11;0,1446;-0,0022;1,0933;False
46,11;0,1446;-0,0022;1,0933;False
46,12;0,1446;-0,0022;1,0933;False
46,12;0,1388;-0,0020;1,0923;False
46,13;0,1388;-0,0020;1,0923;False
46,13;0,1388;-0,0020;1,0923;False
46,14;0,1388;-0,0020;1,0923;False
46,14;0,1332;-0,0019;1,0913;False
46,15;0,1332;-0,0019;1,0913;False
46,15;0,1332;-0,0019;1,0913;False
46,15;0,1332;-0,0019;1,0913;False
46,16;0,1332;-0,0019;1,0913;False
46,16;0,1277;-0,0015;1,0905;False
46,17;0,1277;-0,0015;1,0905;False
46,17;0,1277;-0,0015;1,0905;False
46,18;0,1277;-0,0015;1,0905;False
46,18;0,1230;0,0002;1,0897;False
46,19;0,1230;0,0002;1,0897;False
46,19;0,1230;0,0002;1,0897;False
46,20;0,1198;0,0022;1,0892;False
46,21;0,1198;0,0022;1,0892;False
46,21;0,1198;0,0022;1,0892;False
46,22;0,1198;0,0022;1,0892;False
46,22;0,1174;0,0037;1,0887;False
46,23;0,1174;0,0037;1,0887;False
46,24;0,1174;0,0037;1,0887;False
46,24;0,1157;0,0043;1,0883;False
46,25;0,1157;0,0043;1,0883;False
46,25;0,1157;0,0043;1,0883;False
46,26;0,1157;0,0043;1,0883;False
46,27;0,1133;0,0043;1,0878;False
46,27;0,1133;0,0043;1,0878;False
46,28;0,1133;0,0043;1,0878;False
46,28;0,1117;0,0041;1,0873;False
46,29;0,1117;0,0041;1,0873;False
46,29;0,1117;0,0041;1,0873;False
46,30;0,1117;0,0041;1,0873;False
46,30;0,1103;0,0031;1,0868;False
46,31;0,1103;0,0031;1,0868;False
46,31;0,1103;0,0031;1,0868;False
46,32;0,1103;0,0031;1,0868;False
46,32;0,1097;0,0022;1,0866;False
46,33;0,1097;0,0022;1,0866;False
46,34;0,1097;0,0022;1,0866;False
46,34;0,1097;0,0017;1,0866;False
46,35;0,1097;0,0017;1,0866;False
46,35;0,1097;0,0017;1,0866;False
46,36;0,1097;0,0017;1,0866;False
46,36;0,1098;0,0014;1,0866;False
46,37;0,1098;0,0014;1,0866;False
46,37;0,1098;0,0014;1,0866;False
46,38;0,1098;0,0014;1,0866;False
46,38;0,1102;0,0015;1,0866;False
46,39;0,1102;0,0015;1,0866;False
46,39;0,1102;0,0015;1,0866;False
46,40;0,1102;0,0015;1,0866;False
46,40;0,1103;0,0015;1,0865;False
46,41;0,1103;0,0015;1,0865;False
46,41;0,1103;0,0015;1,0865;False
46,42;0,1103;0,0015;1,0865;False
46,42;0,1103;0,0013;1,0865;False
46,43;0,1103;0,0013;1,0865;False
46,43;0,1103;0,0013;1,0865;False
46,43;0,1103;0,0013;1,0865;False
46,44;0,1103;0,0012;1,0866;False
46,45;0,1103;0,0012;1,0866;False
46,45;0,1103;0,0012;1,0866;False
46,45;0,1103;0,0012;1,0866;False
46,46;0,1103;0,0012;1,0866;False
46,46;0,1103;0,0011;1,0867;False
46,47;0,1103;0,0011;1,0867;False
46,48;0,1103;0,0011;1,0867;False
46,48;0,1103;0,0011;1,0867;False
46,49;0,1103;0,0011;1,0867;False
46,49;0,1103;0,0011;1,0867;False
46,50;0,1103;0,0011;1,0867;False
46,50;0,1103;0,0011;1,0867;False
46,51;0,1103;0,0011;1,0867;False
46,51;0,1103;0,0011;1,0867;False
46,52;0,1103;0,0011;1,0867;False
46,52;0,1103;0,0011;1,0867;False
46,52;0,1103;0,0011;1,0867;False
46,53;0,1103;0,0011;1,0867;False
46,54;0,1103;0,0011;1,0867;False
46,54;0,1103;0,0011;1,0867;False
46,54;0,1103;0,0011;1,0867;False
46,55;0,1103;0,0011;1,0867;False
46,55;0,1103;0,0011;1,0867;False
46,56;0,1103;0,0011;1,0867;False
46,56;0,1103;0,0012;1,0867;False
46,57;0,1103;0,0012;1,0867;False
46,57;0,1103;0,0012;1,0867;False
46,58;0,1103;0,0012;1,0867;False
46,58;0,1103;0,0011;1,0867;False
46,59;0,1103;0,0011;1,0867;False
46,59;0,1103;0,0011;1,0867;False
46,59;0,1103;0,0011;1,0867;False
46,60;0,1111;0,0009;1,0869;False
46,61;0,1111;0,0009;1,0869;False
46,61;0,1111;0,0009;1,0869;False
46,61;0,1111;0,0009;1,0869;False
46,62;0,1111;0,0009;1,0869;False
46,62;0,1129;0,0006;1,0873;False
46,63;0,1129;0,0006;1,0873;False
46,64;0,1129;0,0006;1,0873;False
46,64;0,1151;-0,0009;1,0877;False
46,65;0,1151;-0,0009;1,0877;False
46,65;0,1151;-0,0009;1,0877;False
46,66;0,1151;-0,0009;1,0877;False
46,66;0,1176;-0,0013;1,0882;False
46,67;0,1176;-0,0013;1,0882;False
46,68;0,1176;-0,0013;1,0882;False
46,68;0,1200;-0,0019;1,0887;False
46,69;0,1200;-0,0019;1,0887;False
46,69;0,1200;-0,0019;1,0887;False
46,70;0,1223;-0,0024;1,0891;False
46,71;0,1223;-0,0024;1,0891;False
46,71;0,1223;-0,0024;1,0891;False
46,72;0,1223;-0,0024;1,0891;False
46,72;0,1246;-0,0028;1,0896;False
46,73;0,1246;-0,0028;1,0896;False
46,74;0,1246;-0,0028;1,0896;False
46,74;0,1269;-0,0031;1,0900;False
46,75;0,1269;-0,0031;1,0900;False
46,75;0,1269;-0,0031;1,0900;False
46,76;0,1269;-0,0031;1,0900;False
46,76;0,1292;-0,0033;1,0904;False
46,77;0,1292;-0,0033;1,0904;False
46,77;0,1292;-0,0033;1,0904;False
46,77;0,1292;-0,0033;1,0904;False
46,78;0,1292;-0,0033;1,0904;False
46,78;0,1314;-0,0034;1,0909;False
46,79;0,1314;-0,0034;1,0909;False
46,79;0,1314;-0,0034;1,0909;False
46,80;0,1314;-0,0034;1,0909;False
46,80;0,1337;-0,0035;1,0913;False
46,81;0,1337;-0,0035;1,0913;False
46,81;0,1337;-0,0035;1,0913;False
46,81;0,1337;-0,0035;1,0913;False
46,82;0,1337;-0,0035;1,0913;False
46,82;0,1359;-0,0035;1,0918;False
46,83;0,1359;-0,0035;1,0918;False
46,83;0,1359;-0,0035;1,0918;False
46,84;0,1359;-0,0035;1,0918;False
46,84;0,1381;-0,0035;1,0922;False
46,85;0,1381;-0,0035;1,0922;False
46,85;0,1381;-0,0035;1,0922;False
46,86;0,1381;-0,0035;1,0922;False
46,86;0,1381;-0,0035;1,0922;False
46,86;0,1403;-0,0035;1,0926;False
46,87;0,1403;-0,0035;1,0926;False
46,88;0,1403;-0,0035;1,0926;False
46,88;0,1423;-0,0033;1,0930;False
46,89;0,1423;-0,0033;1,0930;False
46,89;0,1423;-0,0033;1,0930;False
46,90;0,1423;-0,0033;1,0930;False
46,90;0,1443;-0,0031;1,0934;False
46,91;0,1443;-0,0031;1,0934;False
46,91;0,1443;-0,0031;1,0934;False
46,92;0,1443;-0,0031;1,0934;False
46,92;0,1465;-0,0032;1,0938;False
46,92;0,1465;-0,0032;1,0938;False
46,93;0,1465;-0,0032;1,0938;False
46,94;0,1465;-0,0032;1,0938;False
46,94;0,1465;-0,0032;1,0938;False
46,94;0,1483;-0,0029;1,0942;False
46,95;0,1483;-0,0029;1,0942;False
46,95;0,1483;-0,0029;1,0942;False
46,96;0,1483;-0,0029;1,0942;False
46,96;0,1501;-0,0026;1,0946;False
46,97;0,1501;-0,0026;1,0946;False
46,97;0,1501;-0,0026;1,0946;False
46,98;0,1501;-0,0026;1,0946;False
46,98;0,1501;-0,0026;1,0946;False
46,99;0,1519;-0,0023;1,0949;False
46,99;0,1519;-0,0023;1,0949;False
47,00;0,1519;-0,0023;1,0949;False
47,00;0,1511;-0,0021;1,0947;False
47,01;0,1511;-0,0021;1,0947;False
47,01;0,1511;-0,0021;1,0947;False
47,02;0,1511;-0,0021;1,0947;False
47,02;0,1481;-0,0018;1,0942;False
47,03;0,1481;-0,0018;1,0942;False
47,03;0,1481;-0,0018;1,0942;False
47,04;0,1481;-0,0018;1,0942;False
47,04;0,1433;-0,0017;1,0933;False
47,05;0,1433;-0,0017;1,0933;False
47,05;0,1433;-0,0017;1,0933;False
47,06;0,1433;-0,0017;1,0933;False
47,06;0,1384;-0,0017;1,0924;False
47,07;0,1384;-0,0017;1,0924;False
47,07;0,1384;-0,0017;1,0924;False
47,08;0,1336;-0,0018;1,0916;False
47,09;0,1336;-0,0018;1,0916;False
47,09;0,1336;-0,0018;1,0916;False
47,10;0,1336;-0,0018;1,0916;False
47,10;0,1288;-0,0017;1,0908;False
47,11;0,1288;-0,0017;1,0908;False
47,11;0,1288;-0,0017;1,0908;False
47,11;0,1288;-0,0017;1,0908;False
47,12;0,1288;-0,0017;1,0908;False
47,12;0,1241;-0,0013;1,0900;False
47,13;0,1241;-0,0013;1,0900;False
47,13;0,1241;-0,0013;1,0900;False
47,14;0,1241;-0,0013;1,0900;False
47,14;0,1201;0,0002;1,0893;False
47,15;0,1201;0,0002;1,0893;False
47,15;0,1201;0,0002;1,0893;False
47,16;0,1201;0,0002;1,0893;False
47,16;0,1174;0,0018;1,0887;False
47,17;0,1174;0,0018;1,0887;False
47,17;0,1174;0,0018;1,0887;False
47,18;0,1174;0,0018;1,0887;False
47,18;0,1157;0,0028;1,0884;False
47,19;0,1157;0,0028;1,0884;False
47,19;0,1157;0,0028;1,0884;False
47,20;0,1157;0,0028;1,0884;False
47,20;0,1148;0,0029;1,0880;False
47,21;0,1148;0,0029;1,0880;False
47,21;0,1148;0,0029;1,0880;False
47,21;0,1148;0,0029;1,0880;False
47,22;0,1148;0,0029;1,0880;False
47,22;0,1136;0,0021;1,0874;False
47,23;0,1136;0,0021;1,0874;False
47,23;0,1136;0,0021;1,0874;False
47,23;0,1136;0,0021;1,0874;False
47,24;0,1130;0,0013;1,0869;False
47,25;0,1130;0,0013;1,0869;False
47,25;0,1130;0,0013;1,0869;False
47,25;0,1130;0,0013;1,0869;False
47,26;0,1130;0,0013;1,0869;False
47,26;0,1128;0,0013;1,0868;False
47,27;0,1128;0,0013;1,0868;False
47,27;0,1128;0,0013;1,0868;False
47,28;0,1128;0,0013;1,0868;False
47,28;0,1129;0,0009;1,0868;False
47,29;0,1129;0,0009;1,0868;False
47,29;0,1129;0,0009;1,0868;False
47,30;0,1129;0,0009;1,0868;False
47,30;0,1135;0,0006;1,0871;False
47,31;0,1135;0,0006;1,0871;False
47,31;0,1135;0,0006;1,0871;False
47,32;0,1135;0,0006;1,0871;False
47,32;0,1143;0,0002;1,0874;False
47,33;0,1143;0,0002;1,0874;False
47,33;0,1143;0,0002;1,0874;False
47,34;0,1143;0,0002;1,0874;False
47,34;0,1146;0,0002;1,0875;False
47,35;0,1146;0,0002;1,0875;False
47,35;0,1146;0,0002;1,0875;False
47,36;0,1146;0,0002;1,0875;False
47,36;0,1148;0,0004;1,0877;False
47,37;0,1148;0,0004;1,0877;False
47,37;0,1148;0,0004;1,0877;False
47,38;0,1148;0,0004;1,0877;False
47,38;0,1149;0,0000;1,0878;False
47,39;0,1149;0,0000;1,0878;False
47,39;0,1149;0,0000;1,0878;False
47,40;0,1148;0,0004;1,0879;False
47,41;0,1148;0,0004;1,0879;False
47,41;0,1148;0,0004;1,0879;False
47,41;0,1148;0,0004;1,0879;False
47,42;0,1148;0,0004;1,0879;False
47,42;0,1149;0,0003;1,0879;False
47,43;0,1149;0,0003;1,0879;False
47,44;0,1149;0,0003;1,0879;False
47,44;0,1149;0,0003;1,0879;False
47,44;0,1149;0,0003;1,0880;False
47,45;0,1149;0,0003;1,0880;False
47,45;0,1149;0,0003;1,0880;False
47,46;0,1149;0,0003;1,0880;False
47,46;0,1150;0,0000;1,0881;False
47,47;0,1150;0,0000;1,0881;False
47,47;0,1150;0,0000;1,0881;False
47,48;0,1150;0,0000;1,0881;False
47,48;0,1150;0,0000;1,0881;False
47,49;0,1149;0,0004;1,0882;False
47,49;0,1149;0,0004;1,0882;False
47,50;0,1149;0,0004;1,0882;False
47,50;0,1149;0,0002;1,0883;False
47,51;0,1149;0,0002;1,0883;False
47,51;0,1149;0,0002;1,0883;False
47,51;0,1149;0,0002;1,0883;False
47,52;0,1149;0,0002;1,0883;False
47,52;0,1149;0,0003;1,0883;False
47,53;0,1149;0,0003;1,0883;False
47,53;0,1149;0,0003;1,0883;False
47,54;0,1149;0,0003;1,0883;False
47,54;0,1149;0,0003;1,0883;False
47,55;0,1149;0,0003;1,0883;False
47,55;0,1149;0,0003;1,0883;False
47,56;0,1149;0,0003;1,0883;False
47,56;0,1152;0,0004;1,0885;False
47,57;0,1152;0,0004;1,0885;False
47,57;0,1152;0,0004;1,0885;False
47,58;0,1152;0,0004;1,0885;False
47,58;0,1164;0,0000;1,0889;False
47,59;0,1164;0,0000;1,0889;False
47,59;0,1164;0,0000;1,0889;False
47,60;0,1164;0,0000;1,0889;False
47,60;0,1182;-0,0002;1,0894;False
47,61;0,1182;-0,0002;1,0894;False
47,61;0,1182;-0,0002;1,0894;False
47,61;0,1182;-0,0002;1,0894;False
47,62;0,1182;-0,0002;1,0894;False
47,62;0,1203;-0,0010;1,0898;False
47,62;0,1203;-0,0010;1,0898;False
47,63;0,1203;-0,0010;1,0898;False
47,63;0,1203;-0,0010;1,0898;False
47,64;0,1223;-0,0015;1,0902;False
47,65;0,1223;-0,0015;1,0902;False
47,65;0,1223;-0,0015;1,0902;False
47,65;0,1223;-0,0015;1,0902;False
47,66;0,1223;-0,0015;1,0902;False
47,66;0,1244;-0,0020;1,0906;False
47,67;0,1244;-0,0020;1,0906;False
47,67;0,1244;-0,0020;1,0906;False
47,68;0,1244;-0,0020;1,0906;False
47,68;0,1265;-0,0024;1,0910;False
47,69;0,1265;-0,0024;1,0910;False
47,69;0,1265;-0,0024;1,0910;False
47,70;0,1265;-0,0024;1,0910;False
47,71;0,1285;-0,0028;1,0914;False
47,71;0,1285;-0,0028;1,0914;False
47,71;0,1285;-0,0028;1,0914;False
47,72;0,1306;-0,0031;1,0918;False
47,73;0,1306;-0,0031;1,0918;False
47,74;0,1306;-0,0031;1,0918;False
47,74;0,1326;-0,0033;1,0922;False
47,75;0,1326;-0,0033;1,0922;False
47,75;0,1326;-0,0033;1,0922;False
47,75;0,1326;-0,0033;1,0922;False
47,76;0,1326;-0,0033;1,0922;False
47,76;0,1345;-0,0035;1,0926;False
47,77;0,1345;-0,0035;1,0926;False
47,77;0,1345;-0,0035;1,0926;False
47,78;0,1345;-0,0035;1,0926;False
47,78;0,1365;-0,0035;1,0930;False
47,79;0,1365;-0,0035;1,0930;False
47,79;0,1365;-0,0035;1,0930;False
47,79;0,1365;-0,0035;1,0930;False
47,80;0,1365;-0,0035;1,0930;False
47,80;0,1384;-0,0036;1,0934;False
47,81;0,1384;-0,0036;1,0934;False
47,81;0,1384;-0,0036;1,0934;False
47,82;0,1384;-0,0036;1,0934;False
47,82;0,1384;-0,0036;1,0934;False
47,82;0,1403;-0,0035;1,0938;False
47,83;0,1403;-0,0035;1,0938;False
47,83;0,1403;-0,0035;1,0938;False
47,84;0,1403;-0,0035;1,0938;False
47,84;0,1423;-0,0037;1,0942;False
47,85;0,1423;-0,0037;1,0942;False
47,85;0,1423;-0,0037;1,0942;False
47,85;0,1423;-0,0037;1,0942;False
47,86;0,1423;-0,0037;1,0942;False
47,87;0,1441;-0,0036;1,0945;False
47,87;0,1441;-0,0036;1,0945;False
47,87;0,1441;-0,0036;1,0945;False
47,88;0,1441;-0,0036;1,0945;False
47,88;0,1459;-0,0034;1,0949;False
47,89;0,1459;-0,0034;1,0949;False
47,89;0,1459;-0,0034;1,0949;False
47,90;0,1459;-0,0034;1,0949;False
47,90;0,1476;-0,0031;1,0952;False
47,91;0,1476;-0,0031;1,0952;False
47,91;0,1476;-0,0031;1,0952;False
47,92;0,1476;-0,0031;1,0952;False
47,92;0,1493;-0,0029;1,0955;False
47,93;0,1493;-0,0029;1,0955;False
47,93;0,1493;-0,0029;1,0955;False
47,94;0,1493;-0,0029;1,0955;False
47,94;0,1493;-0,0029;1,0955;False
47,94;0,1508;-0,0026;1,0958;False
47,95;0,1508;-0,0026;1,0958;False
47,95;0,1508;-0,0026;1,0958;False
47,96;0,1524;-0,0023;1,0961;False
47,97;0,1524;-0,0023;1,0961;False
47,97;0,1524;-0,0023;1,0961;False
47,97;0,1524;-0,0023;1,0961;False
47,98;0,1524;-0,0023;1,0961;False
47,98;0,1516;-0,0021;1,0960;False
47,99;0,1516;-0,0021;1,0960;False
47,99;0,1516;-0,0021;1,0960;False
48,00;0,1516;-0,0021;1,0960;False
48,00;0,1487;-0,0018;1,0954;False
48,01;0,1487;-0,0018;1,0954;False
48,01;0,1487;-0,0018;1,0954;False
48,02;0,1487;-0,0018;1,0954;False
48,02;0,1487;-0,0018;1,0954;False
48,02;0,1434;-0,0016;1,0944;False
48,03;0,1434;-0,0016;1,0944;False
48,03;0,1434;-0,0016;1,0944;False
48,04;0,1374;-0,0016;1,0932;False
48,05;0,1374;-0,0016;1,0932;False
48,05;0,1374;-0,0016;1,0932;False
48,05;0,1374;-0,0016;1,0932;False
48,06;0,1374;-0,0016;1,0932;False
48,06;0,1318;-0,0016;1,0922;False
48,07;0,1318;-0,0016;1,0922;False
48,07;0,1318;-0,0016;1,0922;False
48,08;0,1318;-0,0016;1,0922;False
48,08;0,1260;-0,0015;1,0912;False
48,09;0,1260;-0,0015;1,0912;False
48,09;0,1260;-0,0015;1,0912;False
48,10;0,1260;-0,0015;1,0912;False
48,10;0,1203;-0,0011;1,0903;False
48,11;0,1203;-0,0011;1,0903;False
48,11;0,1203;-0,0011;1,0903;False
48,12;0,1203;-0,0011;1,0903;False
48,12;0,1159;0,0004;1,0895;False
48,13;0,1159;0,0004;1,0895;False
48,13;0,1159;0,0004;1,0895;False
48,14;0,1159;0,0004;1,0895;False
48,14;0,1130;0,0022;1,0888;False
48,15;0,1130;0,0022;1,0888;False
48,15;0,1130;0,0022;1,0888;False
48,16;0,1130;0,0022;1,0888;False
48,16;0,1110;0,0034;1,0885;False
48,18;0,1110;0,0034;1,0885;False
48,18;0,1099;0,0040;1,0884;False
48,19;0,1099;0,0040;1,0884;False
48,20;0,1099;0,0040;1,0884;False
48,20;0,1093;0,0037;1,0879;False
48,21;0,1093;0,0037;1,0879;False
48,22;0,1093;0,0037;1,0879;False
48,22;0,1091;0,0033;1,0875;False
48,23;0,1091;0,0033;1,0875;False
48,24;0,1091;0,0033;1,0875;False
48,24;0,1091;0,0027;1,0872;False
48,25;0,1091;0,0027;1,0872;False
48,26;0,1091;0,0027;1,0872;False
48,27;0,1098;0,0025;1,0872;False
48,27;0,1098;0,0025;1,0872;False
48,28;0,1098;0,0025;1,0872;False
48,28;0,1108;0,0020;1,0875;False
48,29;0,1108;0,0020;1,0875;False
48,30;0,1120;0,0014;1,0879;False
48,31;0,1120;0,0014;1,0879;False
48,32;0,1120;0,0014;1,0879;False
48,32;0,1128;0,0003;1,0881;False
48,33;0,1128;0,0003;1,0881;False
48,34;0,1128;0,0003;1,0881;False
48,34;0,1130;-0,0006;1,0883;False
48,35;0,1130;-0,0006;1,0883;False
48,36;0,1130;-0,0006;1,0883;False
48,36;0,1121;-0,0004;1,0882;False
48,37;0,1121;-0,0004;1,0882;False
48,38;0,1121;-0,0004;1,0882;False
48,38;0,1104;-0,0005;1,0878;False
48,39;0,1104;-0,0005;1,0878;False
48,40;0,1104;-0,0005;1,0878;False
48,41;0,1080;0,0003;1,0873;False
48,41;0,1080;0,0003;1,0873;False
48,42;0,1054;0,0000;1,0866;False
48,43;0,1054;0,0000;1,0866;False
48,44;0,1054;0,0000;1,0866;False
48,45;0,1025;0,0007;1,0860;False
48,45;0,1025;0,0007;1,0860;False
48,46;0,0999;0,0002;1,0851;False
48,47;0,0999;0,0002;1,0851;False
48,48;0,0999;0,0002;1,0851;False
48,48;0,0959;-0,0012;1,0841;False
48,49;0,0959;-0,0012;1,0841;False
48,50;0,0959;-0,0012;1,0841;False
48,50;0,0894;-0,0021;1,0826;False
48,51;0,0894;-0,0021;1,0826;False
48,52;0,0894;-0,0021;1,0826;False
48,53;0,0808;-0,0025;1,0808;False
48,54;0,0808;-0,0025;1,0808;False
48,54;0,0706;-0,0024;1,0786;False
48,55;0,0706;-0,0024;1,0786;False
48,56;0,0706;-0,0024;1,0786;False
48,56;0,0594;-0,0003;1,0761;False
48,57;0,0594;-0,0003;1,0761;False
48,58;0,0594;-0,0003;1,0761;False
48,58;0,0470;0,0009;1,0733;False
48,59;0,0470;0,0009;1,0733;False
48,59;0,0470;0,0009;1,0733;False
48,60;0,0470;0,0009;1,0733;False
48,60;0,0336;0,0020;1,0702;False
48,61;0,0336;0,0020;1,0702;False
48,62;0,0336;0,0020;1,0702;False
48,62;0,0203;0,0014;1,0670;False
48,63;0,0203;0,0014;1,0670;False
48,64;0,0203;0,0014;1,0670;False
48,64;0,0093;0,0011;1,0641;False
48,65;0,0093;0,0011;1,0641;False
48,65;0,0093;0,0011;1,0641;False
48,66;0,0014;0,0026;1,0620;False
48,67;0,0014;0,0026;1,0620;False
48,67;0,0014;0,0026;1,0620;False
48,68;0,0014;0,0026;1,0620;False
48,68;-0,0071;0,0024;1,0600;False
48,69;-0,0071;0,0024;1,0600;False
48,70;-0,0071;0,0024;1,0600;False
48,70;-0,0162;0,0021;1,0580;False
48,71;-0,0162;0,0021;1,0580;False
48,72;-0,0162;0,0021;1,0580;False
48,72;-0,0253;0,0002;1,0562;False
48,73;-0,0253;0,0002;1,0562;False
48,74;-0,0358;-0,0014;1,0539;False
48,75;-0,0358;-0,0014;1,0539;False
48,75;-0,0358;-0,0014;1,0539;False
48,76;-0,0358;-0,0014;1,0539;False
48,77;-0,0485;-0,0019;1,0513;False
48,77;-0,0485;-0,0019;1,0513;False
48,77;-0,0485;-0,0019;1,0513;False
48,78;-0,0485;-0,0019;1,0513;False
48,78;-0,0627;-0,0026;1,0484;False
48,79;-0,0627;-0,0026;1,0484;False
48,80;-0,0627;-0,0026;1,0484;False
48,80;-0,0627;-0,0026;1,0484;False
48,80;-0,0762;-0,0032;1,0458;False
48,81;-0,0762;-0,0032;1,0458;False
48,81;-0,0762;-0,0032;1,0458;False
48,81;-0,0762;-0,0032;1,0458;False
48,82;-0,0895;-0,0036;1,0433;False
48,82;-0,0895;-0,0036;1,0433;False
48,83;-0,0895;-0,0036;1,0433;False
48,83;-0,0895;-0,0036;1,0433;False
48,84;-0,1032;-0,0036;1,0406;False
48,85;-0,1032;-0,0036;1,0406;False
48,85;-0,1032;-0,0036;1,0406;False
48,85;-0,1032;-0,0036;1,0406;False
48,86;-0,1032;-0,0036;1,0406;False
48,86;-0,1163;-0,0021;1,0379;False
48,87;-0,1163;-0,0021;1,0379;False
48,88;-0,1163;-0,0021;1,0379;False
48,88;-0,1163;-0,0021;1,0379;False
48,88;-0,1276;0,0007;1,0355;False
48,89;-0,1276;0,0007;1,0355;False
48,90;-0,1276;0,0007;1,0355;False
48,90;-0,1352;0,0048;1,0345;False
48,91;-0,1352;0,0048;1,0345;False
48,92;-0,1352;0,0048;1,0345;False
48,92;-0,1406;0,0096;1,0337;False
48,93;-0,1406;0,0096;1,0337;False
48,93;-0,1406;0,0096;1,0337;False
48,94;-0,1463;0,0132;1,0327;False
48,95;-0,1463;0,0132;1,0327;False
48,95;-0,1463;0,0132;1,0327;False
48,96;-0,1463;0,0132;1,0327;False
48,96;-0,1539;0,0145;1,0314;False
48,97;-0,1539;0,0145;1,0314;False
48,98;-0,1539;0,0145;1,0314;False
48,98;-0,1539;0,0145;1,0314;False
48,98;-0,1627;0,0137;1,0300;False
48,99;-0,1627;0,0137;1,0300;False
48,99;-0,1627;0,0137;1,0300;False
49,00;-0,1627;0,0137;1,0300;False
49,00;-0,1727;0,0115;1,0283;False
49,01;-0,1727;0,0115;1,0283;False
49,01;-0,1727;0,0115;1,0283;False
49,02;-0,1727;0,0115;1,0283;False
49,02;-0,1838;0,0076;1,0263;False
49,03;-0,1838;0,0076;1,0263;False
49,03;-0,1838;0,0076;1,0263;False
49,04;-0,1838;0,0076;1,0263;False
49,04;-0,1838;0,0076;1,0263;False
49,04;-0,1960;0,0026;1,0242;False
49,05;-0,1960;0,0026;1,0242;False
49,05;-0,1960;0,0026;1,0242;False
49,06;-0,1960;0,0026;1,0242;False
49,06;-0,2081;0,0004;1,0220;False
49,07;-0,2081;0,0004;1,0220;False
49,07;-0,2081;0,0004;1,0220;False
49,08;-0,2081;0,0004;1,0220;False
49,08;-0,2081;0,0004;1,0220;False
49,08;-0,2197;0,0004;1,0196;False
49,09;-0,2197;0,0004;1,0196;False
49,09;-0,2197;0,0004;1,0196;False
49,10;-0,2197;0,0004;1,0196;False
49,10;-0,2304;0,0007;1,0176;False
49,11;-0,2304;0,0007;1,0176;False
49,11;-0,2304;0,0007;1,0176;False
49,12;-0,2304;0,0007;1,0176;False
49,12;-0,2371;0,0029;1,0164;False
49,13;-0,2371;0,0029;1,0164;False
49,13;-0,2371;0,0029;1,0164;False
49,14;-0,2371;0,0029;1,0164;False
49,14;-0,2415;0,0059;1,0156;False
49,15;-0,2415;0,0059;1,0156;False
49,15;-0,2415;0,0059;1,0156;False
49,15;-0,2415;0,0059;1,0156;False
49,16;-0,2451;0,0086;1,0150;False
49,17;-0,2451;0,0086;1,0150;False
49,17;-0,2451;0,0086;1,0150;False
49,17;-0,2451;0,0086;1,0150;False
49,18;-0,2451;0,0086;1,0150;False
49,18;-0,2482;0,0108;1,0143;False
49,19;-0,2482;0,0108;1,0143;False
49,19;-0,2482;0,0108;1,0143;False
49,20;-0,2482;0,0108;1,0143;False
49,20;-0,2509;0,0123;1,0136;False
49,21;-0,2509;0,0123;1,0136;False
49,21;-0,2509;0,0123;1,0136;False
49,21;-0,2509;0,0123;1,0136;False
49,22;-0,2509;0,0123;1,0136;False
49,22;-0,2531;0,0132;1,0130;False
49,23;-0,2531;0,0132;1,0130;False
49,23;-0,2531;0,0132;1,0130;False
49,23;-0,2531;0,0132;1,0130;False
49,24;-0,2547;0,0136;1,0122;False
49,25;-0,2547;0,0136;1,0122;False
49,25;-0,2547;0,0136;1,0122;False
49,26;-0,2547;0,0136;1,0122;False
49,26;-0,2547;0,0136;1,0122;False
49,26;-0,2558;0,0135;1,0114;False
49,27;-0,2558;0,0135;1,0114;False
49,28;-0,2558;0,0135;1,0114;False
49,28;-0,2558;0,0135;1,0114;False
49,28;-0,2572;0,0125;1,0105;False
49,29;-0,2572;0,0125;1,0105;False
49,29;-0,2572;0,0125;1,0105;False
49,30;-0,2572;0,0125;1,0105;False
49,30;-0,2585;0,0111;1,0097;False
49,31;-0,2585;0,0111;1,0097;False
49,31;-0,2585;0,0111;1,0097;False
49,32;-0,2585;0,0111;1,0097;False
49,32;-0,2593;0,0095;1,0089;False
49,33;-0,2593;0,0095;1,0089;False
49,34;-0,2593;0,0095;1,0089;False
49,34;-0,2599;0,0077;1,0082;False
49,35;-0,2599;0,0077;1,0082;False
49,35;-0,2599;0,0077;1,0082;False
49,35;-0,2599;0,0077;1,0082;False
49,36;-0,2599;0,0077;1,0082;False
49,36;-0,2601;0,0059;1,0078;False
49,37;-0,2601;0,0059;1,0078;False
49,37;-0,2601;0,0059;1,0078;False
49,38;-0,2601;0,0059;1,0078;False
49,38;-0,2614;0,0026;1,0073;False
49,39;-0,2614;0,0026;1,0073;False
49,39;-0,2614;0,0026;1,0073;False
49,39;-0,2614;0,0026;1,0073;False
49,40;-0,2644;-0,0014;1,0064;False
49,40;-0,2644;-0,0014;1,0064;False
49,41;-0,2644;-0,0014;1,0064;False
49,41;-0,2644;-0,0014;1,0064;False
49,42;-0,2644;-0,0014;1,0064;False
49,42;-0,2644;-0,0014;1,0064;False
49,42;-0,2701;-0,0039;1,0052;False
49,43;-0,2701;-0,0039;1,0052;False
49,44;-0,2701;-0,0039;1,0052;False
49,44;-0,2701;-0,0039;1,0052;False
49,44;-0,2779;-0,0048;1,0034;False
49,45;-0,2779;-0,0048;1,0034;False
49,45;-0,2779;-0,0048;1,0034;False
49,46;-0,2779;-0,0048;1,0034;False
49,46;-0,2866;-0,0050;1,0015;False
49,47;-0,2866;-0,0050;1,0015;False
49,47;-0,2866;-0,0050;1,0015;False
49,47;-0,2866;-0,0050;1,0015;False
49,48;-0,2866;-0,0050;1,0015;False
49,48;-0,2965;-0,0028;0,9993;False
49,49;-0,2965;-0,0028;0,9993;False
49,49;-0,2965;-0,0028;0,9993;False
49,50;-0,2965;-0,0028;0,9993;False
49,50;-0,3084;-0,0018;0,9967;False
49,51;-0,3084;-0,0018;0,9967;False
49,51;-0,3084;-0,0018;0,9967;False
49,52;-0,3084;-0,0018;0,9967;False
49,52;-0,3219;0,0000;0,9936;False
49,53;-0,3219;0,0000;0,9936;False
49,53;-0,3219;0,0000;0,9936;False
49,54;-0,3219;0,0000;0,9936;False
49,54;-0,3341;0,0008;0,9907;False
49,55;-0,3341;0,0008;0,9907;False
49,55;-0,3341;0,0008;0,9907;False
49,56;-0,3341;0,0008;0,9907;False
49,56;-0,3421;0,0021;0,9887;False
49,57;-0,3421;0,0021;0,9887;False
49,57;-0,3421;0,0021;0,9887;False
49,57;-0,3421;0,0021;0,9887;False
49,58;-0,3421;0,0021;0,9887;False
49,58;-0,3473;0,0041;0,9875;False
49,59;-0,3473;0,0041;0,9875;False
49,59;-0,3473;0,0041;0,9875;False
49,60;-0,3473;0,0041;0,9875;False
49,60;-0,3473;0,0041;0,9875;False
49,60;-0,3507;0,0062;0,9868;False
49,61;-0,3507;0,0062;0,9868;False
49,61;-0,3507;0,0062;0,9868;False
49,61;-0,3507;0,0062;0,9868;False
49,62;-0,3507;0,0062;0,9868;False
49,62;-0,3530;0,0079;0,9863;False
49,63;-0,3530;0,0079;0,9863;False
49,63;-0,3530;0,0079;0,9863;False
49,64;-0,3530;0,0079;0,9863;False
49,64;-0,3546;0,0088;0,9860;False
49,65;-0,3546;0,0088;0,9860;False
49,65;-0,3546;0,0088;0,9860;False
49,66;-0,3546;0,0088;0,9860;False
49,66;-0,3556;0,0091;0,9856;False
49,67;-0,3556;0,0091;0,9856;False
49,67;-0,3556;0,0091;0,9856;False
49,68;-0,3556;0,0091;0,9856;False
49,68;-0,3562;0,0091;0,9854;False
49,69;-0,3562;0,0091;0,9854;False
49,69;-0,3562;0,0091;0,9854;False
49,69;-0,3562;0,0091;0,9854;False
49,70;-0,3562;0,0091;0,9854;False
49,70;-0,3534;0,0215;0,9875;False
49,71;-0,3534;0,0215;0,9875;False
49,71;-0,3534;0,0215;0,9875;False
49,72;-0,3534;0,0215;0,9875;False
49,72;-0,3530;0,0188;0,9874;False
49,73;-0,3530;0,0188;0,9874;False
49,74;-0,3530;0,0188;0,9874;False
49,74;-0,3512;0,0100;0,9877;False
49,75;-0,3512;0,0100;0,9877;False
49,75;-0,3512;0,0100;0,9877;False
49,76;-0,3512;0,0100;0,9877;False
49,76;-0,3512;0,0100;0,9877;False
49,77;-0,3512;0,0081;0,9876;False
49,77;-0,3512;0,0081;0,9876;False
49,78;-0,3512;0,0081;0,9876;False
49,78;-0,3509;0,0070;0,9876;False
49,79;-0,3509;0,0070;0,9876;False
49,79;-0,3509;0,0070;0,9876;False
49,79;-0,3509;0,0070;0,9876;False
49,80;-0,3510;0,0072;0,9877;False
49,81;-0,3510;0,0072;0,9877;False
49,81;-0,3510;0,0072;0,9877;False
49,81;-0,3510;0,0072;0,9877;False
49,82;-0,3510;0,0072;0,9877;False
49,82;-0,3510;0,0077;0,9880;False
49,83;-0,3510;0,0077;0,9880;False
49,83;-0,3510;0,0077;0,9880;False
49,84;-0,3510;0,0077;0,9880;False
49,84;-0,3510;0,0081;0,9883;False
49,84;-0,3510;0,0081;0,9883;False
49,85;-0,3510;0,0081;0,9883;False
49,85;-0,3510;0,0081;0,9883;False
49,86;-0,3510;0,0081;0,9883;False
49,86;-0,3488;-0,0003;0,9901;False
49,87;-0,3488;-0,0003;0,9901;False
49,87;-0,3488;-0,0003;0,9901;False
49,88;-0,3488;-0,0003;0,9901;False
49,88;-0,3488;-0,0003;0,9901;False
49,88;-0,3484;0,0025;0,9898;False
49,89;-0,3484;0,0025;0,9898;False
49,89;-0,3484;0,0025;0,9898;False
49,90;-0,3484;0,0025;0,9898;False
49,90;-0,3481;0,0034;0,9897;False
49,91;-0,3481;0,0034;0,9897;False
49,91;-0,3481;0,0034;0,9897;False
49,92;-0,3481;0,0034;0,9897;False
49,92;-0,3480;0,0037;0,9896;False
49,93;-0,3480;0,0037;0,9896;False
49,93;-0,3480;0,0037;0,9896;False
49,94;-0,3480;0,0037;0,9896;False
49,94;-0,3479;0,0035;0,9895;False
49,95;-0,3479;0,0035;0,9895;False
49,95;-0,3479;0,0035;0,9895;False
49,95;-0,3479;0,0035;0,9895;False
49,96;-0,3479;0,0031;0,9895;False
49,97;-0,3479;0,0031;0,9895;False
49,97;-0,3479;0,0031;0,9895;False
49,97;-0,3479;0,0031;0,9895;False
49,98;-0,3479;0,0031;0,9895;False
49,98;-0,3475;0,0028;0,9897;False
49,99;-0,3475;0,0028;0,9897;False
50,00;-0,3475;0,0028;0,9897;False
50,00;-0,3471;0,0016;0,9897;False
50,01;-0,3471;0,0016;0,9897;False
50,01;-0,3471;0,0016;0,9897;False
50,02;-0,3471;0,0016;0,9897;False
50,02;-0,3466;0,0005;0,9896;False
50,03;-0,3466;0,0005;0,9896;False
50,03;-0,3466;0,0005;0,9896;False
50,04;-0,3466;0,0004;0,9894;False
50,05;-0,3466;0,0004;0,9894;False
50,05;-0,3466;0,0004;0,9894;False
50,06;-0,3466;0,0004;0,9894;False
50,07;-0,3466;0,0004;0,9893;False
50,08;-0,3447;-0,0089;0,9891;False
50,08;-0,3450;-0,0019;0,9890;False
50,09;-0,3450;-0,0019;0,9890;False
50,09;-0,3450;-0,0019;0,9890;False
50,10;-0,3450;-0,0019;0,9890;False
50,11;-0,3464;0,0003;0,9886;False
50,12;-0,3464;0,0003;0,9886;False
50,12;-0,3483;0,0015;0,9879;False
50,13;-0,3483;0,0015;0,9879;False
50,14;-0,3483;0,0015;0,9879;False
50,15;-0,3504;0,0014;0,9871;False
50,15;-0,3504;0,0014;0,9871;False
50,16;-0,3523;0,0010;0,9864;False
50,17;-0,3523;0,0010;0,9864;False
50,18;-0,3523;0,0010;0,9864;False
50,19;-0,3539;0,0010;0,9858;False
50,19;-0,3539;0,0010;0,9858;False
50,20;-0,3539;0,0010;0,9858;False
50,21;-0,3552;0,0002;0,9851;False
50,21;-0,3552;0,0002;0,9851;False
50,22;-0,3581;-0,0008;0,9841;False
50,23;-0,3581;-0,0008;0,9841;False
50,24;-0,3581;-0,0008;0,9841;False
50,24;-0,3634;-0,0012;0,9827;False
50,25;-0,3634;-0,0012;0,9827;False
50,25;-0,3634;-0,0012;0,9827;False
50,26;-0,3634;-0,0012;0,9827;False
50,27;-0,3697;-0,0012;0,9809;False
50,28;-0,3697;-0,0012;0,9809;False
50,28;-0,3770;0,0003;0,9788;False
50,29;-0,3770;0,0003;0,9788;False
50,30;-0,3770;0,0003;0,9788;False
50,31;-0,3856;0,0009;0,9766;False
50,31;-0,3856;0,0009;0,9766;False
50,32;-0,3856;0,0009;0,9766;False
50,33;-0,3953;0,0008;0,9743;False
50,34;-0,3900;-0,0182;0,9756;False
50,34;-0,4020;-0,0057;0,9728;False
50,35;-0,4020;-0,0057;0,9728;False
50,35;-0,4020;-0,0057;0,9728;False
50,36;-0,4159;-0,0042;0,9691;False
50,37;-0,4159;-0,0042;0,9691;False
50,38;-0,4159;-0,0042;0,9691;False
50,38;-0,4293;-0,0030;0,9657;False
50,39;-0,4293;-0,0030;0,9657;False
50,40;-0,4293;-0,0030;0,9657;False
50,41;-0,4405;-0,0019;0,9627;False
50,41;-0,4405;-0,0019;0,9627;False
50,42;-0,4405;-0,0019;0,9627;False
50,42;-0,4490;0,0010;0,9604;False
50,43;-0,4490;0,0010;0,9604;False
50,44;-0,4490;0,0010;0,9604;False
50,44;-0,4550;0,0041;0,9595;False
50,45;-0,4550;0,0041;0,9595;False
50,46;-0,4550;0,0041;0,9595;False
50,46;-0,4591;0,0073;0,9591;False
50,47;-0,4591;0,0073;0,9591;False
50,48;-0,4591;0,0073;0,9591;False
50,48;-0,4622;0,0101;0,9587;False
50,49;-0,4622;0,0101;0,9587;False
50,50;-0,4622;0,0101;0,9587;False
50,50;-0,4649;0,0117;0,9580;False
50,51;-0,4649;0,0117;0,9580;False
50,52;-0,4649;0,0117;0,9580;False
50,53;-0,4685;0,0122;0,9570;False
50,53;-0,4685;0,0122;0,9570;False
50,54;-0,4720;0,0120;0,9559;False
50,55;-0,4720;0,0120;0,9559;False
50,56;-0,4720;0,0120;0,9559;False
50,56;-0,4754;0,0113;0,9548;False
50,57;-0,4754;0,0113;0,9548;False
50,57;-0,4754;0,0113;0,9548;False
50,58;-0,4754;0,0113;0,9548;False
50,58;-0,4784;0,0103;0,9537;False
50,59;-0,4784;0,0103;0,9537;False
50,59;-0,4784;0,0103;0,9537;False
50,60;-0,4784;0,0103;0,9537;False
50,60;-0,4813;0,0090;0,9526;False
50,61;-0,4813;0,0090;0,9526;False
50,61;-0,4813;0,0090;0,9526;False
50,62;-0,4813;0,0090;0,9526;False
50,62;-0,4813;0,0090;0,9526;False
50,62;-0,4846;0,0069;0,9518;False
50,63;-0,4846;0,0069;0,9518;False
50,64;-0,4846;0,0069;0,9518;False
50,64;-0,4846;0,0069;0,9518;False
50,64;-0,4891;0,0030;0,9508;False
50,65;-0,4891;0,0030;0,9508;False
50,65;-0,4891;0,0030;0,9508;False
50,66;-0,4891;0,0030;0,9508;False
50,66;-0,4955;-0,0015;0,9493;False
50,67;-0,4955;-0,0015;0,9493;False
50,67;-0,4955;-0,0015;0,9493;False
50,67;-0,4955;-0,0015;0,9493;False
50,68;-0,4955;-0,0015;0,9493;False
50,68;-0,5050;-0,0046;0,9470;False
50,69;-0,5050;-0,0046;0,9470;False
50,69;-0,5050;-0,0046;0,9470;False
50,70;-0,5050;-0,0046;0,9470;False
50,70;-0,5164;-0,0055;0,9441;False
50,71;-0,5164;-0,0055;0,9441;False
50,71;-0,5164;-0,0055;0,9441;False
50,72;-0,5288;-0,0052;0,9409;False
50,73;-0,5288;-0,0052;0,9409;False
50,74;-0,5288;-0,0052;0,9409;False
50,74;-0,5419;-0,0052;0,9376;False
50,75;-0,5419;-0,0052;0,9376;False
50,76;-0,5419;-0,0052;0,9376;False
50,76;-0,5553;-0,0041;0,9343;False
50,77;-0,5553;-0,0041;0,9343;False
50,78;-0,5553;-0,0041;0,9343;False
50,78;-0,5657;-0,0027;0,9318;False
50,79;-0,5657;-0,0027;0,9318;False
50,80;-0,5657;-0,0027;0,9318;False
50,80;-0,5739;0,0016;0,9298;False
50,81;-0,5739;0,0016;0,9298;False
50,81;-0,5739;0,0016;0,9298;False
50,82;-0,5739;0,0016;0,9298;False
50,82;-0,5788;0,0061;0,9287;False
50,83;-0,5788;0,0061;0,9287;False
50,83;-0,5788;0,0061;0,9287;False
50,84;-0,5861;0,0096;0,9270;False
50,85;-0,5861;0,0096;0,9270;False
50,85;-0,5861;0,0096;0,9270;False
50,86;-0,5861;0,0096;0,9270;False
50,86;-0,5861;0,0096;0,9270;False
50,86;-0,5953;0,0105;0,9252;False
50,87;-0,5953;0,0105;0,9252;False
50,88;-0,5953;0,0105;0,9252;False
50,88;-0,6062;0,0094;0,9232;False
50,89;-0,6062;0,0094;0,9232;False
50,89;-0,6062;0,0094;0,9232;False
50,89;-0,6062;0,0094;0,9232;False
50,90;-0,6062;0,0094;0,9232;False
50,91;-0,6185;0,0064;0,9209;False
50,91;-0,6185;0,0064;0,9209;False
50,92;-0,6185;0,0064;0,9209;False
50,92;-0,6185;0,0064;0,9209;False
50,92;-0,6324;0,0014;0,9184;False
50,93;-0,6324;0,0014;0,9184;False
50,94;-0,6324;0,0014;0,9184;False
50,94;-0,6460;-0,0011;0,9159;False
50,95;-0,6460;-0,0011;0,9159;False
50,95;-0,6460;-0,0011;0,9159;False
50,95;-0,6460;-0,0011;0,9159;False
50,96;-0,6460;-0,0011;0,9159;False
50,96;-0,6578;-0,0024;0,9135;False
50,97;-0,6578;-0,0024;0,9135;False
50,97;-0,6578;-0,0024;0,9135;False
50,98;-0,6578;-0,0024;0,9135;False
50,98;-0,6578;-0,0024;0,9135;False
50,98;-0,6677;-0,0006;0,9114;False
50,99;-0,6677;-0,0006;0,9114;False
50,99;-0,6677;-0,0006;0,9114;False
51,00;-0,6677;-0,0006;0,9114;False
51,00;-0,6739;0,0022;0,9104;False
51,01;-0,6739;0,0022;0,9104;False
51,01;-0,6739;0,0022;0,9104;False
51,01;-0,6739;0,0022;0,9104;False
51,02;-0,6739;0,0022;0,9104;False
51,02;-0,6773;0,0061;0,9099;False
51,03;-0,6773;0,0061;0,9099;False
51,03;-0,6773;0,0061;0,9099;False
51,04;-0,6773;0,0061;0,9099;False
51,04;-0,6798;0,0096;0,9096;False
51,05;-0,6798;0,0096;0,9096;False
51,05;-0,6798;0,0096;0,9096;False
51,06;-0,6798;0,0096;0,9096;False
51,06;-0,6823;0,0121;0,9090;False
51,07;-0,6823;0,0121;0,9090;False
51,07;-0,6823;0,0121;0,9090;False
51,08;-0,6823;0,0121;0,9090;False
51,08;-0,6823;0,0121;0,9090;False
51,08;-0,6850;0,0132;0,9082;False
51,09;-0,6850;0,0132;0,9082;False
51,10;-0,6850;0,0132;0,9082;False
51,10;-0,6883;0,0132;0,9072;False
51,11;-0,6883;0,0132;0,9072;False
51,11;-0,6883;0,0132;0,9072;False
51,11;-0,6883;0,0132;0,9072;False
51,12;-0,6883;0,0132;0,9072;False
51,12;-0,6915;0,0126;0,9063;False
51,13;-0,6915;0,0126;0,9063;False
51,14;-0,6915;0,0126;0,9063;False
51,14;-0,6944;0,0116;0,9054;False
51,15;-0,6944;0,0116;0,9054;False
51,15;-0,6944;0,0116;0,9054;False
51,16;-0,6971;0,0103;0,9045;False
51,17;-0,6971;0,0103;0,9045;False
51,17;-0,6971;0,0103;0,9045;False
51,18;-0,6971;0,0103;0,9045;False
51,18;-0,6997;0,0086;0,9038;False
51,19;-0,6997;0,0086;0,9038;False
51,20;-0,6997;0,0086;0,9038;False
51,20;-0,7035;0,0051;0,9029;False
51,21;-0,7035;0,0051;0,9029;False
51,21;-0,7035;0,0051;0,9029;False
51,22;-0,7035;0,0051;0,9029;False
51,22;-0,7087;-0,0001;0,9018;False
51,23;-0,7087;-0,0001;0,9018;False
51,23;-0,7087;-0,0001;0,9018;False
51,23;-0,7087;-0,0001;0,9018;False
51,24;-0,7170;-0,0038;0,9002;False
51,25;-0,7170;-0,0038;0,9002;False
51,25;-0,7170;-0,0038;0,9002;False
51,26;-0,7170;-0,0038;0,9002;False
51,26;-0,7277;-0,0059;0,8981;False
51,27;-0,7277;-0,0059;0,8981;False
51,27;-0,7277;-0,0059;0,8981;False
51,28;-0,7277;-0,0059;0,8981;False
51,28;-0,7387;-0,0069;0,8958;False
51,29;-0,7387;-0,0069;0,8958;False
51,29;-0,7387;-0,0069;0,8958;False
51,29;-0,7387;-0,0069;0,8958;False
51,30;-0,7387;-0,0069;0,8958;False
51,31;-0,7512;-0,0062;0,8933;False
51,31;-0,7512;-0,0062;0,8933;False
51,31;-0,7512;-0,0062;0,8933;False
51,32;-0,7512;-0,0062;0,8933;False
51,32;-0,7644;-0,0062;0,8906;False
51,33;-0,7644;-0,0062;0,8906;False
51,33;-0,7644;-0,0062;0,8906;False
51,34;-0,7762;-0,0042;0,8879;False
51,35;-0,7762;-0,0042;0,8879;False
51,35;-0,7762;-0,0042;0,8879;False
51,35;-0,7762;-0,0042;0,8879;False
51,36;-0,7762;-0,0042;0,8879;False
51,36;-0,7857;-0,0019;0,8861;False
51,37;-0,7857;-0,0019;0,8861;False
51,38;-0,7857;-0,0019;0,8861;False
51,38;-0,7960;0,0015;0,8840;False
51,39;-0,7960;0,0015;0,8840;False
51,39;-0,7960;0,0015;0,8840;False
51,40;-0,8033;0,0046;0,8824;False
51,41;-0,8033;0,0046;0,8824;False
51,41;-0,8033;0,0046;0,8824;False
51,41;-0,8033;0,0046;0,8824;False
51,42;-0,8033;0,0046;0,8824;False
51,42;-0,8113;0,0078;0,8805;False
51,43;-0,8113;0,0078;0,8805;False
51,43;-0,8113;0,0078;0,8805;False
51,44;-0,8113;0,0078;0,8805;False
51,44;-0,8206;0,0087;0,8783;False
51,45;-0,8206;0,0087;0,8783;False
51,45;-0,8206;0,0087;0,8783;False
51,46;-0,8206;0,0087;0,8783;False
51,46;-0,8206;0,0087;0,8783;False
51,47;-0,8319;0,0076;0,8759;False
51,47;-0,8319;0,0076;0,8759;False
51,48;-0,8319;0,0076;0,8759;False
51,48;-0,8319;0,0076;0,8759;False
51,48;-0,8449;0,0045;0,8732;False
51,49;-0,8449;0,0045;0,8732;False
51,50;-0,8449;0,0045;0,8732;False
51,50;-0,8594;-0,0002;0,8703;False
51,50;-0,8594;-0,0002;0,8703;False
51,51;-0,8594;-0,0002;0,8703;False
51,51;-0,8594;-0,0002;0,8703;False
51,52;-0,8594;-0,0002;0,8703;False
51,52;-0,8727;-0,0020;0,8676;False
51,53;-0,8727;-0,0020;0,8676;False
51,53;-0,8727;-0,0020;0,8676;False
51,54;-0,8727;-0,0020;0,8676;False
51,54;-0,8852;-0,0017;0,8651;False
51,55;-0,8852;-0,0017;0,8651;False
51,55;-0,8852;-0,0017;0,8651;False
51,55;-0,8852;-0,0017;0,8651;False
51,56;-0,8852;-0,0017;0,8651;False
51,56;-0,8987;-0,0018;0,8627;False
51,57;-0,8987;-0,0018;0,8627;False
51,57;-0,8987;-0,0018;0,8627;False
51,57;-0,8987;-0,0018;0,8627;False
51,58;-0,8987;-0,0018;0,8627;False
51,58;-0,9106;-0,0009;0,8606;False
51,59;-0,9106;-0,0009;0,8606;False
51,60;-0,9106;-0,0009;0,8606;False
51,60;-0,9106;-0,0009;0,8606;False
51,60;-0,9202;0,0000;0,8589;False
51,61;-0,9202;0,0000;0,8589;False
51,61;-0,9202;0,0000;0,8589;False
51,62;-0,9202;0,0000;0,8589;False
51,62;-0,9276;0,0027;0,8578;False
51,62;-0,9276;0,0027;0,8578;False
51,63;-0,9276;0,0027;0,8578;False
51,63;-0,9276;0,0027;0,8578;False
51,64;-0,9320;0,0059;0,8576;False
51,65;-0,9320;0,0059;0,8576;False
51,65;-0,9320;0,0059;0,8576;False
51,66;-0,9320;0,0059;0,8576;False
51,66;-0,9350;0,0088;0,8576;False
51,67;-0,9350;0,0088;0,8576;False
51,68;-0,9350;0,0088;0,8576;False
51,68;-0,9375;0,0110;0,8576;False
51,69;-0,9375;0,0110;0,8576;False
51,69;-0,9375;0,0110;0,8576;False
51,70;-0,9396;0,0124;0,8574;False
51,71;-0,9396;0,0124;0,8574;False
51,71;-0,9396;0,0124;0,8574;False
51,72;-0,9396;0,0124;0,8574;False
51,72;-0,9415;0,0130;0,8569;False
51,73;-0,9415;0,0130;0,8569;False
51,74;-0,9415;0,0130;0,8569;False
51,75;-0,9431;0,0128;0,8563;False
51,76;-0,9431;0,0128;0,8563;False
51,76;-0,9436;0,0112;0,8561;False
51,77;-0,9436;0,0112;0,8561;False
51,78;-0,9441;0,0078;0,8561;False
51,79;-0,9441;0,0078;0,8561;False
51,80;-0,9441;0,0078;0,8561;False
51,81;-0,9436;0,0039;0,8561;False
51,82;-0,9430;-0,0012;0,8563;False
51,83;-0,9430;-0,0012;0,8563;False
51,84;-0,9425;-0,0047;0,8563;False
51,85;-0,9425;-0,0047;0,8563;False
51,86;-0,9425;-0,0047;0,8563;False
51,86;-0,9420;-0,0070;0,8564;False
51,88;-0,9420;-0,0070;0,8564;False
51,88;-0,9415;-0,0068;0,8565;False
51,89;-0,9415;-0,0068;0,8565;False
51,90;-0,9410;-0,0067;0,8565;False
51,91;-0,9410;-0,0067;0,8565;False
51,92;-0,9410;-0,0067;0,8565;False
51,92;-0,9406;-0,0063;0,8566;False
51,93;-0,9406;-0,0063;0,8566;False
51,94;-0,9406;-0,0063;0,8566;False
51,95;-0,9401;-0,0059;0,8566;False
51,95;-0,9401;-0,0059;0,8566;False
51,96;-0,9401;-0,0059;0,8566;False
51,97;-0,9397;-0,0054;0,8567;False
51,97;-0,9397;-0,0054;0,8567;False
51,98;-0,9397;-0,0054;0,8567;False
51,98;-0,9393;-0,0048;0,8567;False
51,99;-0,9393;-0,0048;0,8567;False
52,00;-0,9393;-0,0048;0,8567;False
52,00;-0,9390;-0,0043;0,8568;False
52,01;-0,9390;-0,0043;0,8568;False
52,01;-0,9390;-0,0043;0,8568;False
52,02;-0,9390;-0,0043;0,8568;False
52,03;-0,9386;-0,0037;0,8568;False
52,03;-0,9386;-0,0037;0,8568;False
52,04;-0,9386;-0,0037;0,8568;False
52,05;-0,9382;-0,0032;0,8569;False
52,06;-0,9382;-0,0032;0,8569;False
52,06;-0,9379;-0,0028;0,8569;False
52,07;-0,9379;-0,0028;0,8569;False
52,08;-0,9379;-0,0028;0,8569;False
52,08;-0,9376;-0,0024;0,8570;False
52,09;-0,9376;-0,0024;0,8570;False
52,10;-0,9376;-0,0024;0,8570;False
52,10;-0,9373;-0,0020;0,8570;False
52,11;-0,9373;-0,0020;0,8570;False
52,12;-0,9373;-0,0020;0,8570;False
52,12;-0,9370;-0,0017;0,8570;False
52,13;-0,9370;-0,0017;0,8570;False
52,14;-0,9367;-0,0015;0,8571;False
52,15;-0,9367;-0,0015;0,8571;False
52,16;-0,9367;-0,0015;0,8571;False
52,16;-0,9364;-0,0013;0,8571;False
52,17;-0,9364;-0,0013;0,8571;False
52,18;-0,9362;-0,0011;0,8571;False
52,19;-0,9362;-0,0011;0,8571;False
52,19;-0,9362;-0,0011;0,8571;False
52,20;-0,9359;-0,0010;0,8572;False
52,21;-0,9326;-0,0088;0,8594;False
52,21;-0,9326;-0,0088;0,8594;False
52,22;-0,9326;-0,0088;0,8594;False
52,22;-0,9324;-0,0063;0,8594;False
52,23;-0,9324;-0,0063;0,8594;False
52,24;-0,9324;-0,0063;0,8594;False
52,24;-0,9321;-0,0043;0,8595;False
52,25;-0,9321;-0,0043;0,8595;False
52,25;-0,9321;-0,0043;0,8595;False
52,26;-0,9319;-0,0027;0,8595;False
52,27;-0,9319;-0,0027;0,8595;False
52,28;-0,9319;-0,0027;0,8595;False
52,28;-0,9317;-0,0015;0,8595;False
52,29;-0,9317;-0,0015;0,8595;False
52,29;-0,9317;-0,0015;0,8595;False
52,30;-0,9315;-0,0007;0,8596;False
52,31;-0,9315;-0,0007;0,8596;False
52,31;-0,9315;-0,0007;0,8596;False
52,32;-0,9313;0,0000;0,8596;False
52,33;-0,9313;0,0000;0,8596;False
52,34;-0,9313;0,0000;0,8596;False
52,34;-0,9313;0,0000;0,8596;False
52,34;-0,9326;0,0004;0,8594;False
52,35;-0,9326;0,0004;0,8594;False
52,36;-0,9326;0,0004;0,8594;False
52,37;-0,9362;0,0006;0,8590;False
52,38;-0,9362;0,0006;0,8590;False
52,38;-0,9425;0,0007;0,8582;False
52,39;-0,9425;0,0007;0,8582;False
52,40;-0,9425;0,0007;0,8582;False
52,41;-0,9498;0,0010;0,8572;False
52,42;-0,9498;0,0010;0,8572;False
52,42;-0,9568;0,0012;0,8563;False
52,43;-0,9568;0,0012;0,8563;False
52,44;-0,9568;0,0012;0,8563;False
52,45;-0,9646;0,0014;0,8551;False
52,45;-0,9646;0,0014;0,8551;False
52,46;-0,9732;0,0008;0,8540;False
52,47;-0,9732;0,0008;0,8540;False
52,48;-0,9732;0,0008;0,8540;False
52,48;-0,9825;0,0001;0,8527;False
52,49;-0,9825;0,0001;0,8527;False
52,50;-0,9825;0,0001;0,8527;False
52,51;-0,9925;-0,0001;0,8513;False
52,52;-0,9925;-0,0001;0,8513;False
52,52;-1,0026;-0,0003;0,8499;False
52,53;-1,0026;-0,0003;0,8499;False
52,53;-1,0026;-0,0003;0,8499;False
52,54;-1,0117;0,0004;0,8486;False
52,55;-1,0117;0,0004;0,8486;False
52,56;-1,0117;0,0004;0,8486;False
52,56;-1,0182;0,0005;0,8480;False
52,57;-1,0182;0,0005;0,8480;False
52,58;-1,0182;0,0005;0,8480;False
52,58;-1,0220;0,0008;0,8480;False
52,59;-1,0220;0,0008;0,8480;False
52,60;-1,0220;0,0008;0,8480;False
52,60;-1,0236;0,0011;0,8482;False
52,61;-1,0236;0,0011;0,8482;False
52,61;-1,0236;0,0011;0,8482;False
52,62;-1,0235;0,0008;0,8484;False
52,63;-1,0235;0,0008;0,8484;False
52,63;-1,0235;0,0008;0,8484;False
52,64;-1,0235;0,0008;0,8484;False
52,64;-1,0217;0,0005;0,8487;False
52,64;-1,0217;0,0005;0,8487;False
52,65;-1,0217;0,0005;0,8487;False
52,65;-1,0217;0,0005;0,8487;False
52,66;-1,0186;-0,0005;0,8488;False
52,67;-1,0186;-0,0005;0,8488;False
52,67;-1,0186;-0,0005;0,8488;False
52,68;-1,0186;-0,0005;0,8488;False
52,68;-1,0146;-0,0017;0,8491;False
52,69;-1,0146;-0,0017;0,8491;False
52,70;-1,0146;-0,0017;0,8491;False
52,70;-1,0100;-0,0024;0,8496;False
52,71;-1,0100;-0,0024;0,8496;False
52,71;-1,0100;-0,0024;0,8496;False
52,72;-1,0100;-0,0024;0,8496;False
52,73;-1,0044;-0,0029;0,8502;False
52,74;-1,0044;-0,0029;0,8502;False
52,74;-0,9980;-0,0031;0,8509;False
52,75;-0,9980;-0,0031;0,8509;False
52,76;-0,9980;-0,0031;0,8509;False
52,77;-0,9905;-0,0032;0,8518;False
52,77;-0,9905;-0,0032;0,8518;False
52,78;-0,9905;-0,0032;0,8518;False
52,79;-0,9825;-0,0031;0,8527;False
52,79;-0,9825;-0,0031;0,8527;False
52,80;-0,9732;-0,0030;0,8538;False
52,81;-0,9732;-0,0030;0,8538;False
52,81;-0,9732;-0,0030;0,8538;False
52,82;-0,9732;-0,0030;0,8538;False
52,82;-0,9621;-0,0028;0,8550;False
52,83;-0,9621;-0,0028;0,8550;False
52,84;-0,9621;-0,0028;0,8550;False
52,84;-0,9490;-0,0026;0,8565;False
52,85;-0,9490;-0,0026;0,8565;False
52,86;-0,9490;-0,0026;0,8565;False
52,86;-0,9341;-0,0024;0,8581;False
52,86;-0,9341;-0,0024;0,8581;False
52,87;-0,9341;-0,0024;0,8581;False
52,88;-0,9341;-0,0024;0,8581;False
52,88;-0,9171;-0,0022;0,8599;False
52,89;-0,9171;-0,0022;0,8599;False
52,89;-0,9171;-0,0022;0,8599;False
52,90;-0,9171;-0,0022;0,8599;False
52,90;-0,8980;-0,0020;0,8619;False
52,91;-0,8980;-0,0020;0,8619;False
52,91;-0,8980;-0,0020;0,8619;False
52,92;-0,8980;-0,0020;0,8619;False
52,92;-0,8980;-0,0020;0,8619;False
52,92;-0,8767;-0,0018;0,8642;False
52,93;-0,8767;-0,0018;0,8642;False
52,94;-0,8767;-0,0018;0,8642;False
52,94;-0,8531;-0,0016;0,8666;False
52,95;-0,8531;-0,0016;0,8666;False
52,95;-0,8531;-0,0016;0,8666;False
52,96;-0,8531;-0,0016;0,8666;False
52,97;-0,8272;-0,0015;0,8693;False
52,98;-0,8272;-0,0015;0,8693;False
52,98;-0,8023;-0,0013;0,8718;False
52,99;-0,8023;-0,0013;0,8718;False
52,99;-0,8023;-0,0013;0,8718;False
53,00;-0,8023;-0,0013;0,8718;False
53,01;-0,7785;-0,0012;0,8741;False
53,01;-0,7785;-0,0012;0,8741;False
53,02;-0,7556;-0,0011;0,8764;False
53,03;-0,7556;-0,0011;0,8764;False
53,04;-0,7556;-0,0011;0,8764;False
53,04;-0,7337;-0,0010;0,8784;False
53,05;-0,7337;-0,0010;0,8784;False
53,06;-0,7337;-0,0010;0,8784;False
53,06;-0,7127;-0,0010;0,8801;False
53,07;-0,7127;-0,0010;0,8801;False
53,07;-0,7127;-0,0010;0,8801;False
53,08;-0,7127;-0,0010;0,8801;False
53,08;-0,7127;-0,0010;0,8801;False
53,08;-0,6930;-0,0009;0,8813;False
53,09;-0,6930;-0,0009;0,8813;False
53,10;-0,6930;-0,0009;0,8813;False
53,10;-0,6930;-0,0009;0,8813;False
53,10;-0,6742;-0,0009;0,8820;False
53,11;-0,6742;-0,0009;0,8820;False
53,11;-0,6742;-0,0009;0,8820;False
53,12;-0,6742;-0,0009;0,8820;False
53,12;-0,6561;-0,0009;0,8823;False
53,13;-0,6561;-0,0009;0,8823;False
53,13;-0,6561;-0,0009;0,8823;False
53,14;-0,6389;-0,0008;0,8822;False
53,14;-0,6389;-0,0008;0,8822;False
53,15;-0,6389;-0,0008;0,8822;False
53,15;-0,6389;-0,0008;0,8822;False
53,16;-0,6223;-0,0008;0,8815;False
53,17;-0,6223;-0,0008;0,8815;False
53,17;-0,6223;-0,0008;0,8815;False
53,18;-0,6223;-0,0008;0,8815;False
53,18;-0,6223;-0,0008;0,8815;False
53,19;-0,6070;-0,0008;0,8804;False
53,19;-0,6070;-0,0008;0,8804;False
53,20;-0,6070;-0,0008;0,8804;False
53,20;-0,5924;-0,0008;0,8788;False
53,21;-0,5924;-0,0008;0,8788;False
53,21;-0,5924;-0,0008;0,8788;False
53,22;-0,5924;-0,0008;0,8788;False
53,22;-0,5924;-0,0008;0,8788;False
53,22;-0,5785;-0,0008;0,8767;False
53,23;-0,5785;-0,0008;0,8767;False
53,23;-0,5785;-0,0008;0,8767;False
53,24;-0,5785;-0,0008;0,8767;False
53,24;-0,5653;-0,0008;0,8742;False
53,25;-0,5653;-0,0008;0,8742;False
53,25;-0,5653;-0,0008;0,8742;False
53,26;-0,5653;-0,0008;0,8742;False
53,26;-0,5528;-0,0008;0,8713;False
53,27;-0,5528;-0,0008;0,8713;False
53,27;-0,5528;-0,0008;0,8713;False
53,28;-0,5528;-0,0008;0,8713;False
53,28;-0,5413;-0,0008;0,8682;False
53,29;-0,5413;-0,0008;0,8682;False
53,29;-0,5413;-0,0008;0,8682;False
53,29;-0,5413;-0,0008;0,8682;False
53,30;-0,5413;-0,0008;0,8682;False
53,31;-0,5304;-0,0008;0,8649;False
53,31;-0,5304;-0,0008;0,8649;False
53,32;-0,5304;-0,0008;0,8649;False
53,32;-0,5304;-0,0008;0,8649;False
53,32;-0,5200;-0,0008;0,8614;False
53,33;-0,5200;-0,0008;0,8614;False
53,34;-0,5200;-0,0008;0,8614;False
53,34;-0,5200;-0,0008;0,8614;False
53,35;-0,5102;-0,0008;0,8578;False
53,35;-0,5102;-0,0008;0,8578;False
53,35;-0,5102;-0,0008;0,8578;False
53,36;-0,5102;-0,0008;0,8578;False
53,36;-0,5009;-0,0008;0,8541;False
53,37;-0,5009;-0,0008;0,8541;False
53,38;-0,5009;-0,0008;0,8541;False
53,38;-0,4923;-0,0008;0,8504;False
53,39;-0,4923;-0,0008;0,8504;False
53,39;-0,4923;-0,0008;0,8504;False
53,40;-0,4842;-0,0008;0,8467;False
53,41;-0,4842;-0,0008;0,8467;False
53,42;-0,4842;-0,0008;0,8467;False
53,42;-0,4765;-0,0008;0,8430;False
53,43;-0,4765;-0,0008;0,8430;False
53,44;-0,4765;-0,0008;0,8430;False
53,44;-0,4691;-0,0008;0,8392;False
53,45;-0,4691;-0,0008;0,8392;False
53,45;-0,4691;-0,0008;0,8392;False
53,46;-0,4691;-0,0008;0,8392;False
53,47;-0,4622;-0,0008;0,8355;False
53,47;-0,4622;-0,0008;0,8355;False
53,48;-0,4622;-0,0008;0,8355;False
53,48;-0,4622;-0,0008;0,8355;False
53,48;-0,4558;-0,0008;0,8319;False
53,49;-0,4558;-0,0008;0,8319;False
53,49;-0,4558;-0,0008;0,8319;False
53,50;-0,4558;-0,0008;0,8319;False
53,50;-0,4497;-0,0008;0,8284;False
53,51;-0,4497;-0,0008;0,8284;False
53,51;-0,4497;-0,0008;0,8284;False
53,52;-0,4497;-0,0008;0,8284;False
53,52;-0,4439;-0,0008;0,8249;False
53,53;-0,4439;-0,0008;0,8249;False
53,53;-0,4439;-0,0008;0,8249;False
53,54;-0,4439;-0,0008;0,8249;False
53,54;-0,4385;-0,0008;0,8214;False
53,55;-0,4385;-0,0008;0,8214;False
53,55;-0,4385;-0,0008;0,8214;False
53,55;-0,4385;-0,0008;0,8214;False
53,56;-0,4333;-0,0008;0,8180;False
53,57;-0,4333;-0,0008;0,8180;False
53,57;-0,4333;-0,0008;0,8180;False
53,58;-0,4333;-0,0008;0,8180;False
53,58;-0,4285;-0,0008;0,8148;False
53,59;-0,4285;-0,0008;0,8148;False
53,59;-0,4285;-0,0008;0,8148;False
53,60;-0,4285;-0,0008;0,8148;False
53,60;-0,4239;-0,0008;0,8116;False
53,61;-0,4239;-0,0008;0,8116;False
53,61;-0,4239;-0,0008;0,8116;False
53,61;-0,4239;-0,0008;0,8116;False
53,62;-0,4239;-0,0008;0,8116;False
53,62;-0,4196;-0,0008;0,8085;False
53,62;-0,4196;-0,0008;0,8085;False
53,63;-0,4196;-0,0008;0,8085;False
53,63;-0,4196;-0,0008;0,8085;False
53,64;-0,4155;-0,0008;0,8055;False
53,65;-0,4155;-0,0008;0,8055;False
53,65;-0,4155;-0,0008;0,8055;False
53,65;-0,4155;-0,0008;0,8055;False
53,66;-0,4155;-0,0008;0,8055;False
53,66;-0,4116;-0,0008;0,8026;False
53,67;-0,4116;-0,0008;0,8026;False
53,67;-0,4116;-0,0008;0,8026;False
53,68;-0,4116;-0,0008;0,8026;False
53,68;-0,4114;-0,0008;0,8024;False
53,69;-0,4114;-0,0008;0,8024;False
53,69;-0,4114;-0,0008;0,8024;False
53,69;-0,4114;-0,0008;0,8024;False
53,70;-0,4114;-0,0008;0,8024;False
53,71;-0,4112;-0,0008;0,8023;False
53,71;-0,4112;-0,0008;0,8023;False
53,72;-0,4112;-0,0008;0,8023;False
53,72;-0,4110;-0,0008;0,8021;False
53,72;-0,4110;-0,0008;0,8021;False
53,73;-0,4110;-0,0008;0,8021;False
53,74;-0,4110;-0,0008;0,8021;False
53,74;-0,4110;-0,0008;0,8021;False
53,74;-0,4109;-0,0008;0,8020;False
53,75;-0,4109;-0,0008;0,8020;False
53,75;-0,4109;-0,0008;0,8020;False
53,76;-0,4107;-0,0008;0,8019;False
53,77;-0,4107;-0,0008;0,8019;False
53,78;-0,4107;-0,0008;0,8019;False
53,80;-0,4105;-0,0008;0,8017;False
53,81;-0,4104;-0,0008;0,8016;False
53,82;-0,4104;-0,0008;0,8016;False
53,83;-0,4102;-0,0008;0,8015;False
53,84;-0,4101;-0,0008;0,8014;False
53,85;-0,4101;-0,0008;0,8014;False
53,86;-0,4099;-0,0008;0,8013;False
53,87;-0,4099;-0,0008;0,8013;False
53,88;-0,4099;-0,0008;0,8013;False
53,89;-0,4098;-0,0008;0,8012;False
53,89;-0,4098;-0,0008;0,8012;False
53,90;-0,4097;-0,0008;0,8011;False
53,91;-0,4097;-0,0008;0,8011;False
53,91;-0,4097;-0,0008;0,8011;False
53,92;-0,4097;-0,0008;0,8011;False
53,92;-0,4096;-0,0008;0,8010;False
53,93;-0,4096;-0,0008;0,8010;False
53,93;-0,4096;-0,0008;0,8010;False
53,94;-0,4096;-0,0008;0,8010;False
53,94;-0,4094;-0,0008;0,8009;False
53,95;-0,4094;-0,0008;0,8009;False
53,96;-0,4094;-0,0008;0,8009;False
53,96;-0,4093;-0,0008;0,8009;False
53,97;-0,4093;-0,0008;0,8009;False
53,98;-0,4093;-0,0008;0,8009;False
53,99;-0,4092;-0,0008;0,8008;False
53,99;-0,4092;-0,0008;0,8008;False
54,00;-0,4092;-0,0008;0,8008;False
54,01;-0,4091;-0,0008;0,8007;False
54,01;-0,4091;-0,0008;0,8007;False
54,02;-0,4091;-0,0008;0,8007;False
54,02;-0,4090;-0,0008;0,8007;False
54,03;-0,4090;-0,0008;0,8007;False
54,04;-0,4090;-0,0008;0,8007;False
54,04;-0,4089;-0,0008;0,8006;False
54,05;-0,4089;-0,0008;0,8006;False
54,05;-0,4089;-0,0008;0,8006;False
54,06;-0,4089;-0,0008;0,8006;False
54,06;-0,4088;-0,0008;0,8006;False
54,07;-0,4088;-0,0008;0,8006;False
54,07;-0,4088;-0,0008;0,8006;False
54,08;-0,4088;-0,0008;0,8006;False
54,08;-0,4087;-0,0008;0,8005;False
54,09;-0,4087;-0,0008;0,8005;False
54,09;-0,4087;-0,0008;0,8005;False
54,09;-0,4087;-0,0008;0,8005;False
54,10;-0,4087;-0,0008;0,8005;False
54,10;-0,4086;-0,0008;0,8004;False
54,11;-0,4086;-0,0008;0,8004;False
54,11;-0,4086;-0,0008;0,8004;False
54,12;-0,4086;-0,0008;0,8004;False
54,12;-0,4086;-0,0008;0,8004;False
54,13;-0,4085;-0,0008;0,8004;False
54,13;-0,4085;-0,0008;0,8004;False
54,14;-0,4084;-0,0008;0,8004;False
54,15;-0,4084;-0,0008;0,8004;False
54,16;-0,4084;-0,0008;0,8004;False
54,16;-0,4083;-0,0008;0,8003;False
54,17;-0,4083;-0,0008;0,8003;False
54,18;-0,4083;-0,0008;0,8003;False
54,18;-0,4082;-0,0008;0,8003;False
54,19;-0,4082;-0,0008;0,8003;False
54,20;-0,4082;-0,0008;0,8003;False
54,20;-0,4082;-0,0008;0,8002;False
54,21;-0,4072;-0,0030;0,7995;False
54,21;-0,4072;-0,0030;0,7995;False
54,22;-0,4072;-0,0030;0,7995;False
54,22;-0,4071;-0,0023;0,7994;False
54,23;-0,4071;-0,0023;0,7994;False
54,23;-0,4071;-0,0023;0,7994;False
54,24;-0,4071;-0,0023;0,7994;False
54,24;-0,4071;-0,0023;0,7994;False
54,24;-0,4070;-0,0018;0,7994;False
54,25;-0,4070;-0,0018;0,7994;False
54,26;-0,4070;-0,0018;0,7994;False
54,26;-0,4070;-0,0014;0,7994;False
54,27;-0,4070;-0,0014;0,7994;False
54,27;-0,4070;-0,0014;0,7994;False
54,28;-0,4070;-0,0014;0,7994;False
54,29;-0,4069;-0,0011;0,7993;False
54,29;-0,4069;-0,0011;0,7993;False
54,30;-0,4068;-0,0008;0,7993;False
54,31;-0,4068;-0,0008;0,7993;False
54,31;-0,4068;-0,0008;0,7993;False
54,31;-0,4068;-0,0008;0,7993;False
54,32;-0,4068;-0,0008;0,7993;False
54,32;-0,4068;-0,0007;0,7993;False
54,33;-0,4068;-0,0007;0,7993;False
54,33;-0,4068;-0,0007;0,7993;False
54,34;-0,4068;-0,0007;0,7993;False
54,34;-0,4056;-0,0005;0,7986;False
54,35;-0,4056;-0,0005;0,7986;False
54,35;-0,4056;-0,0005;0,7986;False
54,35;-0,4056;-0,0005;0,7986;False
54,36;-0,4034;-0,0005;0,7974;False
54,37;-0,4034;-0,0005;0,7974;False
54,37;-0,4034;-0,0005;0,7974;False
54,38;-0,4034;-0,0005;0,7974;False
54,38;-0,4034;-0,0005;0,7974;False
54,38;-0,4000;-0,0004;0,7956;False
54,39;-0,4000;-0,0004;0,7956;False
54,40;-0,4000;-0,0004;0,7956;False
54,40;-0,3957;-0,0004;0,7931;False
54,41;-0,3957;-0,0004;0,7931;False
54,41;-0,3957;-0,0004;0,7931;False
54,42;-0,3957;-0,0004;0,7931;False
54,42;-0,3905;-0,0004;0,7903;False
54,43;-0,3905;-0,0004;0,7903;False
54,44;-0,3905;-0,0004;0,7903;False
54,45;-0,3853;-0,0005;0,7874;False
54,45;-0,3853;-0,0005;0,7874;False
54,46;-0,3853;-0,0005;0,7874;False
54,47;-0,3795;-0,0005;0,7842;False
54,47;-0,3795;-0,0005;0,7842;False
54,48;-0,3736;-0,0005;0,7808;False
54,49;-0,3736;-0,0005;0,7808;False
54,49;-0,3736;-0,0005;0,7808;False
54,50;-0,3736;-0,0005;0,7808;False
54,51;-0,3681;-0,0006;0,7778;False
54,51;-0,3681;-0,0006;0,7778;False
54,52;-0,3681;-0,0006;0,7778;False
54,53;-0,3631;-0,0006;0,7750;False
54,53;-0,3631;-0,0006;0,7750;False
54,54;-0,3586;-0,0007;0,7725;False
54,55;-0,3586;-0,0007;0,7725;False
54,56;-0,3586;-0,0007;0,7725;False
54,56;-0,3543;-0,0007;0,7701;False
54,57;-0,3543;-0,0007;0,7701;False
54,58;-0,3543;-0,0007;0,7701;False
54,59;-0,3508;-0,0007;0,7681;False
54,59;-0,3508;-0,0007;0,7681;False
54,60;-0,3508;-0,0007;0,7681;False
54,60;-0,3484;-0,0007;0,7667;False
54,61;-0,3484;-0,0007;0,7667;False
54,61;-0,3484;-0,0007;0,7667;False
54,62;-0,3484;-0,0007;0,7667;False
54,62;-0,3470;-0,0008;0,7660;False
54,63;-0,3470;-0,0008;0,7660;False
54,64;-0,3470;-0,0008;0,7660;False
54,64;-0,3469;-0,0008;0,7659;False
54,65;-0,3469;-0,0008;0,7659;False
54,65;-0,3469;-0,0008;0,7659;False
54,66;-0,3469;-0,0008;0,7659;False
54,67;-0,3478;-0,0008;0,7664;False
54,67;-0,3478;-0,0008;0,7664;False
54,68;-0,3478;-0,0008;0,7664;False
54,68;-0,3478;-0,0008;0,7664;False
54,68;-0,3503;-0,0008;0,7678;False
54,69;-0,3503;-0,0008;0,7678;False
54,70;-0,3503;-0,0008;0,7678;False
54,70;-0,3543;-0,0008;0,7701;False
54,71;-0,3543;-0,0008;0,7701;False
54,71;-0,3543;-0,0008;0,7701;False
54,71;-0,3543;-0,0008;0,7701;False
54,72;-0,3543;-0,0008;0,7701;False
54,72;-0,3605;-0,0008;0,7736;False
54,73;-0,3605;-0,0008;0,7736;False
54,73;-0,3605;-0,0008;0,7736;False
54,74;-0,3605;-0,0008;0,7736;False
54,74;-0,3687;-0,0008;0,7783;False
54,74;-0,3687;-0,0008;0,7783;False
54,75;-0,3687;-0,0008;0,7783;False
54,76;-0,3687;-0,0008;0,7783;False
54,76;-0,3791;-0,0008;0,7841;False
54,77;-0,3791;-0,0008;0,7841;False
54,77;-0,3791;-0,0008;0,7841;False
54,78;-0,3916;-0,0008;0,7912;False
54,79;-0,3916;-0,0008;0,7912;False
54,80;-0,3916;-0,0008;0,7912;False
54,80;-0,4039;-0,0008;0,7981;False
54,81;-0,4039;-0,0008;0,7981;False
54,81;-0,4039;-0,0008;0,7981;False
54,82;-0,4039;-0,0008;0,7981;False
54,82;-0,4157;-0,0009;0,8048;False
54,83;-0,4157;-0,0009;0,8048;False
54,83;-0,4157;-0,0009;0,8048;False
54,83;-0,4157;-0,0009;0,8048;False
54,84;-0,4279;-0,0009;0,8117;False
54,85;-0,4279;-0,0009;0,8117;False
54,85;-0,4279;-0,0009;0,8117;False
54,85;-0,4279;-0,0009;0,8117;False
54,86;-0,4279;-0,0009;0,8117;False
54,86;-0,4408;-0,0009;0,8189;False
54,87;-0,4408;-0,0009;0,8189;False
54,88;-0,4408;-0,0009;0,8189;False
54,88;-0,4532;-0,0009;0,8258;False
54,89;-0,4532;-0,0009;0,8258;False
54,89;-0,4532;-0,0009;0,8258;False
54,90;-0,4647;-0,0008;0,8323;False
54,91;-0,4647;-0,0008;0,8323;False
54,91;-0,4647;-0,0008;0,8323;False
54,92;-0,4647;-0,0008;0,8323;False
54,92;-0,4758;-0,0008;0,8384;False
54,93;-0,4758;-0,0008;0,8384;False
54,93;-0,4758;-0,0008;0,8384;False
54,94;-0,4864;-0,0008;0,8444;False
54,95;-0,4864;-0,0008;0,8444;False
54,95;-0,4864;-0,0008;0,8444;False
54,96;-0,4864;-0,0008;0,8444;False
54,96;-0,4967;-0,0008;0,8500;False
54,97;-0,4967;-0,0008;0,8500;False
54,97;-0,4967;-0,0008;0,8500;False
54,98;-0,4967;-0,0008;0,8500;False
54,99;-0,5065;-0,0008;0,8554;False
54,99;-0,5065;-0,0008;0,8554;False
54,99;-0,5065;-0,0008;0,8554;False
55,00;-0,5157;-0,0008;0,8603;False
55,01;-0,5157;-0,0008;0,8603;False
55,01;-0,5157;-0,0008;0,8603;False
55,01;-0,5157;-0,0008;0,8603;False
55,02;-0,5157;-0,0008;0,8603;False
55,02;-0,5247;-0,0008;0,8649;False
55,03;-0,5247;-0,0008;0,8649;False
55,03;-0,5247;-0,0008;0,8649;False
55,04;-0,5247;-0,0008;0,8649;False
55,04;-0,5333;-0,0008;0,8692;False
55,05;-0,5333;-0,0008;0,8692;False
55,05;-0,5333;-0,0008;0,8692;False
55,05;-0,5333;-0,0008;0,8692;False
55,06;-0,5333;-0,0008;0,8692;False
55,06;-0,5415;-0,0008;0,8733;False
55,07;-0,5415;-0,0008;0,8733;False
55,07;-0,5415;-0,0008;0,8733;False
55,08;-0,5415;-0,0008;0,8733;False
55,08;-0,5495;-0,0008;0,8771;False
55,09;-0,5495;-0,0008;0,8771;False
55,09;-0,5495;-0,0008;0,8771;False
55,10;-0,5495;-0,0008;0,8771;False
55,10;-0,5495;-0,0008;0,8771;False
55,10;-0,5570;-0,0008;0,8807;False
55,11;-0,5570;-0,0008;0,8807;False
55,11;-0,5570;-0,0008;0,8807;False
55,12;-0,5570;-0,0008;0,8807;False
55,12;-0,5641;-0,0008;0,8840;False
55,13;-0,5641;-0,0008;0,8840;False
55,13;-0,5641;-0,0008;0,8840;False
55,14;-0,5641;-0,0008;0,8840;False
55,14;-0,5641;-0,0008;0,8840;False
55,14;-0,5710;-0,0008;0,8872;False
55,15;-0,5710;-0,0008;0,8872;False
55,15;-0,5710;-0,0008;0,8872;False
55,16;-0,5710;-0,0008;0,8872;False
55,16;-0,5775;-0,0008;0,8903;False
55,17;-0,5775;-0,0008;0,8903;False
55,17;-0,5775;-0,0008;0,8903;False
55,18;-0,5775;-0,0008;0,8903;False
55,18;-0,5838;-0,0008;0,8932;False
55,19;-0,5838;-0,0008;0,8932;False
55,20;-0,5838;-0,0008;0,8932;False
55,20;-0,5897;-0,0008;0,8959;False
55,21;-0,5897;-0,0008;0,8959;False
55,21;-0,5897;-0,0008;0,8959;False
55,21;-0,5897;-0,0008;0,8959;False
55,22;-0,5897;-0,0008;0,8959;False
55,22;-0,5953;-0,0008;0,8986;False
55,22;-0,5953;-0,0008;0,8986;False
55,23;-0,5953;-0,0008;0,8986;False
55,23;-0,5953;-0,0008;0,8986;False
55,24;-0,5953;-0,0008;0,8986;False
55,24;-0,6007;-0,0008;0,9011;False
55,25;-0,6007;-0,0008;0,9011;False
55,25;-0,6007;-0,0008;0,9011;False
55,26;-0,6007;-0,0008;0,9011;False
55,26;-0,6058;-0,0008;0,9036;False
55,27;-0,6058;-0,0008;0,9036;False
55,27;-0,6058;-0,0008;0,9036;False
55,28;-0,6058;-0,0008;0,9036;False
55,28;-0,6107;-0,0008;0,9061;False
55,29;-0,6107;-0,0008;0,9061;False
55,29;-0,6107;-0,0008;0,9061;False
55,29;-0,6107;-0,0008;0,9061;False
55,30;-0,6107;-0,0008;0,9061;False
55,31;-0,6152;-0,0008;0,9084;False
55,31;-0,6152;-0,0008;0,9084;False
55,32;-0,6152;-0,0008;0,9084;False
55,32;-0,6152;-0,0008;0,9084;False
55,32;-0,6195;-0,0008;0,9108;False
55,33;-0,6195;-0,0008;0,9108;False
55,33;-0,6195;-0,0008;0,9108;False
55,34;-0,6195;-0,0008;0,9108;False
55,34;-0,6236;-0,0008;0,9130;False
55,35;-0,6236;-0,0008;0,9130;False
55,35;-0,6236;-0,0008;0,9130;False
55,36;-0,6236;-0,0008;0,9130;False
55,36;-0,6275;-0,0008;0,9152;False
55,37;-0,6275;-0,0008;0,9152;False
55,37;-0,6275;-0,0008;0,9152;False
55,38;-0,6275;-0,0008;0,9152;False
55,38;-0,6275;-0,0008;0,9152;False
55,38;-0,6312;-0,0008;0,9174;False
55,39;-0,6312;-0,0008;0,9174;False
55,39;-0,6312;-0,0008;0,9174;False
55,40;-0,6314;-0,0008;0,9175;False
55,41;-0,6314;-0,0008;0,9175;False
55,41;-0,6314;-0,0008;0,9175;False
55,41;-0,6314;-0,0008;0,9175;False
55,42;-0,6314;-0,0008;0,9175;False
55,42;-0,6315;-0,0008;0,9176;False
55,43;-0,6315;-0,0008;0,9176;False
55,43;-0,6315;-0,0008;0,9176;False
55,44;-0,6315;-0,0008;0,9176;False
55,44;-0,6317;-0,0008;0,9177;False
55,45;-0,6317;-0,0008;0,9177;False
55,45;-0,6317;-0,0008;0,9177;False
55,45;-0,6317;-0,0008;0,9177;False
55,46;-0,6317;-0,0008;0,9177;False
55,47;-0,6319;-0,0008;0,9178;False
55,47;-0,6319;-0,0008;0,9178;False
55,47;-0,6319;-0,0008;0,9178;False
55,48;-0,6319;-0,0008;0,9178;False
55,48;-0,6320;-0,0008;0,9179;False
55,49;-0,6320;-0,0008;0,9179;False
55,50;-0,6320;-0,0008;0,9179;False
55,50;-0,6322;-0,0008;0,9180;False
55,51;-0,6322;-0,0008;0,9180;False
55,51;-0,6322;-0,0008;0,9180;False
55,51;-0,6322;-0,0008;0,9180;False
55,52;-0,6322;-0,0008;0,9180;False
55,52;-0,6323;-0,0008;0,9181;False
55,53;-0,6323;-0,0008;0,9181;False
55,53;-0,6323;-0,0008;0,9181;False
55,54;-0,6323;-0,0008;0,9181;False
55,54;-0,6325;-0,0008;0,9182;False
55,55;-0,6325;-0,0008;0,9182;False
55,55;-0,6325;-0,0008;0,9182;False
55,56;-0,6326;-0,0008;0,9183;False
55,57;-0,6326;-0,0008;0,9183;False
55,58;-0,6326;-0,0008;0,9183;False
55,58;-0,6326;-0,0008;0,9183;False
55,59;-0,6327;-0,0008;0,9183;False
55,60;-0,6327;-0,0008;0,9183;False
55,60;-0,6329;-0,0008;0,9184;False
55,61;-0,6329;-0,0008;0,9184;False
55,62;-0,6329;-0,0008;0,9184;False
55,63;-0,6330;-0,0008;0,9185;False
55,63;-0,6330;-0,0008;0,9185;False
55,65;-0,6331;-0,0008;0,9186;False
55,66;-0,6331;-0,0008;0,9186;False
55,66;-0,6332;-0,0008;0,9187;False
55,67;-0,6332;-0,0008;0,9187;False
55,68;-0,6333;-0,0008;0,9187;False
55,69;-0,6333;-0,0008;0,9187;False
55,70;-0,6333;-0,0008;0,9187;False
55,70;-0,6334;-0,0008;0,9188;False
55,71;-0,6334;-0,0008;0,9188;False
55,72;-0,6334;-0,0008;0,9188;False
55,72;-0,6335;-0,0008;0,9189;False
55,73;-0,6335;-0,0008;0,9189;False
55,74;-0,6335;-0,0008;0,9189;False
55,74;-0,6336;-0,0008;0,9189;False
55,75;-0,6336;-0,0008;0,9189;False
55,75;-0,6336;-0,0008;0,9189;False
55,76;-0,6336;-0,0008;0,9189;False
55,77;-0,6336;-0,0008;0,9190;False
55,78;-0,6336;-0,0008;0,9190;False
55,78;-0,6337;-0,0008;0,9191;False
55,79;-0,6337;-0,0008;0,9191;False
55,80;-0,6337;-0,0008;0,9191;False
55,81;-0,6338;-0,0008;0,9191;False
55,82;-0,6338;-0,0008;0,9191;False
55,82;-0,6339;-0,0008;0,9192;False
55,83;-0,6339;-0,0008;0,9192;False
55,84;-0,6339;-0,0008;0,9192;False
55,84;-0,6339;-0,0008;0,9193;False
55,85;-0,6339;-0,0008;0,9193;False
55,85;-0,6339;-0,0008;0,9193;False
55,85;-0,6339;-0,0008;0,9193;False
55,86;-0,6339;-0,0008;0,9193;False
55,86;-0,6340;-0,0008;0,9193;False
55,87;-0,6340;-0,0008;0,9193;False
55,87;-0,6340;-0,0008;0,9193;False
55,88;-0,6340;-0,0008;0,9193;False
55,88;-0,6341;-0,0008;0,9194;False
55,89;-0,6341;-0,0008;0,9194;False
55,89;-0,6341;-0,0008;0,9194;False
55,90;-0,6341;-0,0008;0,9194;False
55,91;-0,6341;-0,0008;0,9194;False
55,91;-0,6341;-0,0008;0,9194;False
55,92;-0,6341;-0,0008;0,9194;False
55,92;-0,6341;-0,0008;0,9194;False
55,92;-0,6342;-0,0008;0,9195;False
55,93;-0,6342;-0,0008;0,9195;False
55,94;-0,6342;-0,0008;0,9195;False
55,94;-0,6342;-0,0008;0,9195;False
55,95;-0,6342;-0,0008;0,9195;False
55,95;-0,6342;-0,0008;0,9195;False
55,96;-0,6343;-0,0008;0,9196;False
55,97;-0,6343;-0,0008;0,9196;False
55,97;-0,6343;-0,0008;0,9196;False
55,98;-0,6343;-0,0008;0,9196;False
55,98;-0,6343;-0,0008;0,9196;False
55,99;-0,6343;-0,0008;0,9196;False
56,00;-0,6343;-0,0008;0,9196;False
56,00;-0,6344;-0,0008;0,9196;False
56,01;-0,6344;-0,0008;0,9196;False
56,01;-0,6344;-0,0008;0,9196;False
56,02;-0,6344;-0,0008;0,9196;False
56,02;-0,6344;-0,0008;0,9197;False
56,03;-0,6344;-0,0008;0,9197;False
56,03;-0,6344;-0,0008;0,9197;False
56,04;-0,6344;-0,0008;0,9197;False
56,04;-0,6345;-0,0008;0,9197;False
56,05;-0,6345;-0,0008;0,9197;False
56,05;-0,6345;-0,0008;0,9197;False
56,06;-0,6345;-0,0008;0,9197;False
56,06;-0,6356;-0,0008;0,9207;False
56,07;-0,6356;-0,0008;0,9207;False
56,07;-0,6356;-0,0008;0,9207;False
56,08;-0,6356;-0,0008;0,9207;False
56,08;-0,6386;-0,0008;0,9233;False
56,09;-0,6386;-0,0008;0,9233;False
56,09;-0,6386;-0,0008;0,9233;False
56,10;-0,6386;-0,0008;0,9233;False
56,10;-0,6425;-0,0008;0,9268;False
56,11;-0,6425;-0,0008;0,9268;False
56,11;-0,6425;-0,0008;0,9268;False
56,12;-0,6425;-0,0008;0,9268;False
56,12;-0,6480;-0,0008;0,9316;False
56,13;-0,6480;-0,0008;0,9316;False
56,13;-0,6480;-0,0008;0,9316;False
56,14;-0,6480;-0,0008;0,9316;False
56,14;-0,6542;-0,0008;0,9370;False
56,15;-0,6542;-0,0008;0,9370;False
56,15;-0,6542;-0,0008;0,9370;False
56,15;-0,6542;-0,0008;0,9370;False
56,16;-0,6542;-0,0008;0,9370;False
56,16;-0,6609;-0,0008;0,9429;False
56,17;-0,6609;-0,0008;0,9429;False
56,17;-0,6609;-0,0008;0,9429;False
56,18;-0,6609;-0,0008;0,9429;False
56,18;-0,6609;-0,0008;0,9429;False
56,18;-0,6679;-0,0008;0,9491;False
56,19;-0,6679;-0,0008;0,9491;False
56,19;-0,6679;-0,0008;0,9491;False
56,20;-0,6679;-0,0008;0,9491;False
56,20;-0,6752;-0,0008;0,9556;False
56,21;-0,6752;-0,0008;0,9556;False
56,21;-0,6752;-0,0008;0,9556;False
56,22;-0,6752;-0,0008;0,9556;False
56,22;-0,6752;-0,0008;0,9556;False
56,22;-0,6829;-0,0008;0,9623;False
56,23;-0,6829;-0,0008;0,9623;False
56,23;-0,6829;-0,0008;0,9623;False
56,24;-0,6829;-0,0008;0,9623;False
56,24;-0,6910;-0,0008;0,9695;False
56,25;-0,6910;-0,0008;0,9695;False
56,25;-0,6910;-0,0008;0,9695;False
56,26;-0,6910;-0,0008;0,9695;False
56,26;-0,6988;-0,0008;0,9764;False
56,27;-0,6988;-0,0008;0,9764;False
56,27;-0,6988;-0,0008;0,9764;False
56,28;-0,6988;-0,0008;0,9764;False
56,28;-0,7064;-0,0008;0,9831;False
56,29;-0,7064;-0,0008;0,9831;False
56,29;-0,7064;-0,0008;0,9831;False
56,30;-0,7064;-0,0008;0,9831;False
56,30;-0,7064;-0,0008;0,9831;False
56,30;-0,7136;-0,0008;0,9895;False
56,31;-0,7136;-0,0008;0,9895;False
56,31;-0,7136;-0,0008;0,9895;False
56,32;-0,7136;-0,0008;0,9895;False
56,32;-0,7204;-0,0008;0,9954;False
56,33;-0,7204;-0,0008;0,9954;False
56,33;-0,7204;-0,0008;0,9954;False
56,34;-0,7204;-0,0008;0,9954;False
56,34;-0,7265;-0,0008;1,0009;False
56,35;-0,7265;-0,0008;1,0009;False
56,35;-0,7265;-0,0008;1,0009;False
56,35;-0,7265;-0,0008;1,0009;False
56,36;-0,7318;-0,0008;1,0055;False
56,37;-0,7318;-0,0008;1,0055;False
56,37;-0,7318;-0,0008;1,0055;False
56,37;-0,7318;-0,0008;1,0055;False
56,38;-0,7318;-0,0008;1,0055;False
56,38;-0,7360;-0,0008;1,0092;False
56,39;-0,7360;-0,0008;1,0092;False
56,39;-0,7360;-0,0008;1,0092;False
56,40;-0,7360;-0,0008;1,0092;False
56,40;-0,7394;-0,0008;1,0122;False
56,41;-0,7394;-0,0008;1,0122;False
56,41;-0,7394;-0,0008;1,0122;False
56,41;-0,7394;-0,0008;1,0122;False
56,42;-0,7394;-0,0008;1,0122;False
56,42;-0,7418;-0,0008;1,0143;False
56,43;-0,7418;-0,0008;1,0143;False
56,43;-0,7418;-0,0008;1,0143;False
56,44;-0,7428;-0,0008;1,0152;False
56,45;-0,7428;-0,0008;1,0152;False
56,45;-0,7428;-0,0008;1,0152;False
56,45;-0,7428;-0,0008;1,0152;False
56,46;-0,7428;-0,0008;1,0152;False
56,46;-0,7430;-0,0008;1,0154;False
56,47;-0,7430;-0,0008;1,0154;False
56,47;-0,7430;-0,0008;1,0154;False
56,48;-0,7430;-0,0008;1,0154;False
56,48;-0,7415;-0,0008;1,0141;False
56,49;-0,7415;-0,0008;1,0141;False
56,49;-0,7415;-0,0008;1,0141;False
56,50;-0,7415;-0,0008;1,0141;False
56,51;-0,7387;-0,0008;1,0116;False
56,51;-0,7387;-0,0008;1,0116;False
56,52;-0,7387;-0,0008;1,0116;False
56,52;-0,7341;-0,0008;1,0075;False
56,53;-0,7341;-0,0008;1,0075;False
56,53;-0,7341;-0,0008;1,0075;False
56,54;-0,7341;-0,0008;1,0075;False
56,54;-0,7273;-0,0008;1,0016;False
56,55;-0,7273;-0,0008;1,0016;False
56,55;-0,7273;-0,0008;1,0016;False
56,55;-0,7273;-0,0008;1,0016;False
56,56;-0,7273;-0,0008;1,0016;False
56,56;-0,7185;-0,0008;0,9938;False
56,57;-0,7185;-0,0008;0,9938;False
56,57;-0,7185;-0,0008;0,9938;False
56,58;-0,7185;-0,0008;0,9938;False
56,58;-0,7078;-0,0008;0,9845;False
56,59;-0,7078;-0,0008;0,9845;False
56,59;-0,7078;-0,0008;0,9845;False
56,59;-0,7078;-0,0008;0,9845;False
56,60;-0,6951;-0,0008;0,9734;False
56,61;-0,6951;-0,0008;0,9734;False
56,61;-0,6951;-0,0008;0,9734;False
56,62;-0,6951;-0,0008;0,9734;False
56,62;-0,6805;-0,0008;0,9607;False
56,63;-0,6805;-0,0008;0,9607;False
56,63;-0,6805;-0,0008;0,9607;False
56,64;-0,6805;-0,0008;0,9607;False
56,64;-0,6805;-0,0008;0,9607;False
56,64;-0,6640;-0,0008;0,9464;False
56,65;-0,6640;-0,0008;0,9464;False
56,65;-0,6640;-0,0008;0,9464;False
56,66;-0,6640;-0,0008;0,9464;False
56,66;-0,6457;-0,0008;0,9305;False
56,67;-0,6457;-0,0008;0,9305;False
56,67;-0,6457;-0,0008;0,9305;False
56,68;-0,6457;-0,0008;0,9305;False
56,68;-0,6457;-0,0008;0,9305;False
56,68;-0,6256;-0,0008;0,9131;False
56,69;-0,6256;-0,0008;0,9131;False
56,69;-0,6256;-0,0008;0,9131;False
56,70;-0,6256;-0,0008;0,9131;False
56,70;-0,6038;-0,0008;0,8943;False
56,71;-0,6038;-0,0008;0,8943;False
56,71;-0,6038;-0,0008;0,8943;False
56,72;-0,6038;-0,0008;0,8943;False
56,72;-0,5803;-0,0008;0,8742;False
56,73;-0,5803;-0,0008;0,8742;False
56,73;-0,5803;-0,0008;0,8742;False
56,74;-0,5803;-0,0008;0,8742;False
56,74;-0,5553;-0,0008;0,8528;False
56,75;-0,5553;-0,0008;0,8528;False
56,75;-0,5553;-0,0008;0,8528;False
56,75;-0,5553;-0,0008;0,8528;False
56,76;-0,5553;-0,0008;0,8528;False
56,76;-0,5288;-0,0008;0,8302;False
56,77;-0,5288;-0,0008;0,8302;False
56,77;-0,5288;-0,0008;0,8302;False
56,78;-0,5288;-0,0008;0,8302;False
56,78;-0,5288;-0,0008;0,8302;False
56,78;-0,5008;-0,0008;0,8064;False
56,79;-0,5008;-0,0008;0,8064;False
56,80;-0,5008;-0,0008;0,8064;False
56,80;-0,5008;-0,0008;0,8064;False
56,80;-0,4715;-0,0008;0,7817;False
56,81;-0,4715;-0,0008;0,7817;False
56,82;-0,4715;-0,0008;0,7817;False
56,82;-0,4409;-0,0008;0,7559;False
56,83;-0,4409;-0,0008;0,7559;False
56,83;-0,4409;-0,0008;0,7559;False
56,83;-0,4409;-0,0008;0,7559;False
56,84;-0,4108;-0,0008;0,7307;False
56,85;-0,4108;-0,0008;0,7307;False
56,85;-0,4108;-0,0008;0,7307;False
56,85;-0,4108;-0,0008;0,7307;False
56,86;-0,4108;-0,0008;0,7307;False
56,86;-0,3847;-0,0014;0,7103;False
56,87;-0,3847;-0,0014;0,7103;False
56,87;-0,3847;-0,0014;0,7103;False
56,88;-0,3847;-0,0014;0,7103;False
56,88;-0,3600;-0,0017;0,6905;False
56,89;-0,3600;-0,0017;0,6905;False
56,89;-0,3600;-0,0017;0,6905;False
56,90;-0,3600;-0,0017;0,6905;False
56,90;-0,3366;0,0006;0,6695;False
56,91;-0,3366;0,0006;0,6695;False
56,91;-0,3366;0,0006;0,6695;False
56,92;-0,3366;0,0006;0,6695;False
56,92;-0,3147;0,0009;0,6489;False
56,93;-0,3147;0,0009;0,6489;False
56,93;-0,3147;0,0009;0,6489;False
56,94;-0,3147;0,0009;0,6489;False
56,94;-0,2944;0,0005;0,6284;False
56,95;-0,2944;0,0005;0,6284;False
56,95;-0,2944;0,0005;0,6284;False
56,96;-0,2944;0,0005;0,6284;False
56,96;-0,2762;0,0028;0,6097;False
56,97;-0,2762;0,0028;0,6097;False
56,97;-0,2762;0,0028;0,6097;False
56,98;-0,2762;0,0028;0,6097;False
56,98;-0,2596;0,0029;0,5926;False
56,99;-0,2596;0,0029;0,5926;False
56,99;-0,2596;0,0029;0,5926;False
57,00;-0,2596;0,0029;0,5926;False
57,00;-0,2467;0,0039;0,5782;False
57,01;-0,2467;0,0039;0,5782;False
57,01;-0,2467;0,0039;0,5782;False
57,02;-0,2467;0,0039;0,5782;False
57,02;-0,2351;0,0088;0,5684;False
57,03;-0,2351;0,0088;0,5684;False
57,03;-0,2351;0,0088;0,5684;False
57,04;-0,2351;0,0088;0,5684;False
57,04;-0,2241;0,0124;0,5620;True
57,05;-0,2241;0,0124;0,5620;False
57,05;-0,2241;0,0124;0,5620;False
57,06;-0,2241;0,0124;0,5620;False
57,06;-0,2139;0,0155;0,5561;False
57,07;-0,2139;0,0155;0,5561;False
57,07;-0,2139;0,0155;0,5561;False
57,08;-0,2139;0,0155;0,5561;False
57,08;-0,2039;0,0162;0,5494;False
57,09;-0,2039;0,0162;0,5494;False
57,09;-0,2039;0,0162;0,5494;False
57,10;-0,2039;0,0162;0,5494;False
57,10;-0,1939;0,0147;0,5422;False
57,11;-0,1939;0,0147;0,5422;False
57,11;-0,1939;0,0147;0,5422;False
57,12;-0,1939;0,0147;0,5422;False
57,12;-0,1842;0,0112;0,5354;False
57,13;-0,1842;0,0112;0,5354;False
57,14;-0,1842;0,0112;0,5354;False
57,14;-0,1745;0,0070;0,5293;False
57,15;-0,1745;0,0070;0,5293;False
57,15;-0,1745;0,0070;0,5293;False
57,15;-0,1745;0,0070;0,5293;False
57,16;-0,1647;0,0025;0,5243;False
57,17;-0,1647;0,0025;0,5243;False
57,17;-0,1647;0,0025;0,5243;False
57,18;-0,1647;0,0025;0,5243;False
57,18;-0,1550;0,0006;0,5205;False
57,19;-0,1550;0,0006;0,5205;False
57,20;-0,1550;0,0006;0,5205;False
57,21;-0,1450;-0,0006;0,5146;False
57,22;-0,1450;-0,0006;0,5146;False
57,22;-0,1338;-0,0005;0,5065;False
57,22;-0,1338;-0,0005;0,5065;False
57,23;-0,1338;-0,0005;0,5065;False
57,23;-0,1338;-0,0005;0,5065;False
57,24;-0,1205;-0,0010;0,4956;False
57,25;-0,1205;-0,0010;0,4956;False
57,25;-0,1205;-0,0010;0,4956;False
57,26;-0,1205;-0,0010;0,4956;False
57,27;-0,1082;-0,0011;0,4859;False
57,27;-0,1082;-0,0011;0,4859;False
57,28;-0,1082;-0,0011;0,4859;False
57,28;-0,0966;-0,0012;0,4763;False
57,29;-0,0966;-0,0012;0,4763;False
57,29;-0,0966;-0,0012;0,4763;False
57,29;-0,0966;-0,0012;0,4763;False
57,30;-0,0966;-0,0012;0,4763;False
57,31;-0,0856;-0,0012;0,4670;False
57,31;-0,0856;-0,0012;0,4670;False
57,32;-0,0856;-0,0012;0,4670;False
57,32;-0,0751;-0,0012;0,4580;False
57,33;-0,0751;-0,0012;0,4580;False
57,33;-0,0751;-0,0012;0,4580;False
57,34;-0,0751;-0,0012;0,4580;False
57,34;-0,0652;-0,0011;0,4498;False
57,35;-0,0652;-0,0011;0,4498;False
57,35;-0,0652;-0,0011;0,4498;False
57,35;-0,0652;-0,0011;0,4498;False
57,36;-0,0652;-0,0011;0,4498;False
57,36;-0,0561;-0,0010;0,4424;False
57,37;-0,0561;-0,0010;0,4424;False
57,38;-0,0561;-0,0010;0,4424;False
57,38;-0,0474;-0,0009;0,4350;False
57,39;-0,0474;-0,0009;0,4350;False
57,39;-0,0474;-0,0009;0,4350;False
57,40;-0,0391;-0,0009;0,4282;False
57,41;-0,0391;-0,0009;0,4282;False
57,41;-0,0391;-0,0009;0,4282;False
57,42;-0,0391;-0,0009;0,4282;False
57,42;-0,0315;-0,0007;0,4218;False
57,43;-0,0315;-0,0007;0,4218;False
57,43;-0,0315;-0,0007;0,4218;False
57,44;-0,0315;-0,0007;0,4218;False
57,44;-0,0245;-0,0006;0,4159;False
57,45;-0,0245;-0,0006;0,4159;False
57,45;-0,0245;-0,0006;0,4159;False
57,46;-0,0245;-0,0006;0,4159;False
57,46;-0,0181;-0,0006;0,4106;False
57,47;-0,0181;-0,0006;0,4106;False
57,47;-0,0181;-0,0006;0,4106;False
57,48;-0,0181;-0,0006;0,4106;False
57,48;-0,0181;-0,0006;0,4106;False
57,48;-0,0123;-0,0006;0,4056;False
57,49;-0,0123;-0,0006;0,4056;False
57,50;-0,0123;-0,0006;0,4056;False
57,50;-0,0070;-0,0007;0,4009;False
57,51;-0,0070;-0,0007;0,4009;False
57,51;-0,0070;-0,0007;0,4009;False
57,52;-0,0070;-0,0007;0,4009;False
57,52;-0,0020;-0,0009;0,3965;False
57,53;-0,0020;-0,0009;0,3965;False
57,53;-0,0020;-0,0009;0,3965;False
57,54;-0,0020;-0,0009;0,3965;False
57,54;-0,0020;-0,0009;0,3965;False
57,54;0,0027;-0,0011;0,3922;False
57,55;0,0027;-0,0011;0,3922;False
57,56;0,0027;-0,0011;0,3922;False
57,56;0,0070;-0,0012;0,3882;False
57,57;0,0070;-0,0012;0,3882;False
57,57;0,0070;-0,0012;0,3882;False
57,58;0,0070;-0,0012;0,3882;False
57,58;0,0070;-0,0012;0,3882;False
57,58;0,0115;-0,0013;0,3839;False
57,59;0,0115;-0,0013;0,3839;False
57,60;0,0115;-0,0013;0,3839;False
57,60;0,0180;-0,0013;0,3777;False
57,61;0,0180;-0,0013;0,3777;False
57,61;0,0180;-0,0013;0,3777;False
57,61;0,0180;-0,0013;0,3777;False
57,62;0,0180;-0,0013;0,3777;False
57,62;0,0269;-0,0013;0,3692;False
57,63;0,0269;-0,0013;0,3692;False
57,63;0,0269;-0,0013;0,3692;False
57,64;0,0379;-0,0013;0,3587;False
57,65;0,0379;-0,0013;0,3587;False
57,65;0,0379;-0,0013;0,3587;False
57,65;0,0379;-0,0013;0,3587;False
57,66;0,0379;-0,0013;0,3587;False
57,66;0,0508;-0,0013;0,3464;False
57,67;0,0508;-0,0013;0,3464;False
57,67;0,0508;-0,0013;0,3464;False
57,68;0,0508;-0,0013;0,3464;False
57,68;0,0656;-0,0013;0,3322;False
57,69;0,0656;-0,0013;0,3322;False
57,69;0,0656;-0,0013;0,3322;False
57,70;0,0656;-0,0013;0,3322;False
57,70;0,0818;-0,0009;0,3170;False
57,71;0,0818;-0,0009;0,3170;False
57,71;0,0818;-0,0009;0,3170;False
57,72;0,0818;-0,0009;0,3170;False
57,72;0,0959;-0,0010;0,3023;False
57,73;0,0959;-0,0010;0,3023;False
57,73;0,0959;-0,0010;0,3023;False
57,74;0,0959;-0,0010;0,3023;False
57,74;0,1103;-0,0011;0,2880;False
57,75;0,1103;-0,0011;0,2880;False
57,75;0,1103;-0,0011;0,2880;False
57,75;0,1103;-0,0011;0,2880;False
57,76;0,1103;-0,0011;0,2880;False
57,76;0,1242;0,0009;0,2743;False
57,77;0,1242;0,0009;0,2743;False
57,78;0,1242;0,0009;0,2743;False
57,78;0,1374;0,0014;0,2614;False
57,79;0,1374;0,0014;0,2614;False
57,79;0,1374;0,0014;0,2614;False
57,80;0,1374;0,0014;0,2614;False
57,80;0,1495;0,0024;0,2504;False
57,81;0,1495;0,0024;0,2504;False
57,82;0,1495;0,0024;0,2504;False
57,82;0,1616;0,0038;0,2395;False
57,83;0,1616;0,0038;0,2395;False
57,84;0,1616;0,0038;0,2395;False
57,84;0,1744;0,0030;0,2288;False
57,85;0,1744;0,0030;0,2288;False
57,85;0,1744;0,0030;0,2288;False
57,85;0,1744;0,0030;0,2288;False
57,86;0,1744;0,0030;0,2288;False
57,87;0,1771;0,0011;0,2241;False
57,87;0,1771;0,0011;0,2241;False
57,88;0,1771;0,0011;0,2241;False
57,88;0,1770;0,0017;0,2219;False
57,89;0,1770;0,0017;0,2219;False
57,89;0,1770;0,0017;0,2219;False
57,90;0,1769;0,0009;0,2212;False
57,91;0,1769;0,0009;0,2212;False
57,91;0,1769;0,0009;0,2212;False
57,92;0,1769;0,0009;0,2212;False
57,92;0,1766;0,0013;0,2206;False
57,93;0,1766;0,0013;0,2206;False
57,94;0,1766;0,0013;0,2206;False
57,94;0,1766;0,0006;0,2200;False
57,95;0,1766;0,0006;0,2200;False
57,95;0,1766;0,0006;0,2200;False
57,96;0,1766;0,0006;0,2200;False
57,96;0,1762;0,0011;0,2193;False
57,97;0,1762;0,0011;0,2193;False
57,97;0,1762;0,0011;0,2193;False
57,98;0,1762;0,0011;0,2193;False
57,98;0,1762;-0,0001;0,2187;False
57,99;0,1762;-0,0001;0,2187;False
57,99;0,1762;-0,0001;0,2187;False
58,00;0,1762;-0,0001;0,2187;False
58,00;0,1759;0,0005;0,2180;False
58,01;0,1759;0,0005;0,2180;False
58,01;0,1759;0,0005;0,2180;False
58,01;0,1759;0,0005;0,2180;False
58,02;0,1759;0,0005;0,2180;False
58,02;0,1758;0,0004;0,2172;False
58,03;0,1758;0,0004;0,2172;False
58,03;0,1758;0,0004;0,2172;False
58,04;0,1757;-0,0002;0,2166;False
58,05;0,1757;-0,0002;0,2166;False
58,05;0,1757;-0,0002;0,2166;False
58,05;0,1757;-0,0002;0,2166;False
58,06;0,1757;-0,0002;0,2166;False
58,07;0,1756;0,0001;0,2162;False
58,07;0,1756;0,0001;0,2162;False
58,08;0,1756;0,0001;0,2162;False
58,08;0,1753;-0,0011;0,2159;False
58,09;0,1753;-0,0011;0,2159;False
58,09;0,1753;-0,0011;0,2159;False
58,10;0,1753;-0,0011;0,2159;False
58,10;0,1747;-0,0020;0,2159;False
58,11;0,1747;-0,0020;0,2159;False
58,11;0,1747;-0,0020;0,2159;False
58,12;0,1747;-0,0020;0,2159;False
58,12;0,1741;-0,0029;0,2158;False
58,13;0,1741;-0,0029;0,2158;False
58,13;0,1741;-0,0029;0,2158;False
58,14;0,1735;-0,0038;0,2158;False
58,15;0,1735;-0,0038;0,2158;False
58,15;0,1735;-0,0038;0,2158;False
58,16;0,1735;-0,0038;0,2158;False
58,16;0,1727;-0,0045;0,2157;False
58,17;0,1727;-0,0045;0,2157;False
58,18;0,1727;-0,0045;0,2157;False
58,19;0,1718;-0,0050;0,2158;False
58,19;0,1718;-0,0050;0,2158;False
58,20;0,1709;-0,0054;0,2159;False
58,21;0,1709;-0,0054;0,2159;False
58,22;0,1701;-0,0055;0,2161;False
58,23;0,1701;-0,0055;0,2161;False
58,24;0,1695;-0,0051;0,2164;False
58,25;0,1695;-0,0051;0,2164;False
58,25;0,1695;-0,0051;0,2164;False
58,26;0,1695;-0,0051;0,2164;False
58,27;0,1689;-0,0048;0,2168;False
58,28;0,1689;-0,0048;0,2168;False
58,28;0,1684;-0,0044;0,2172;False
58,29;0,1684;-0,0044;0,2172;False
58,29;0,1684;-0,0044;0,2172;False
58,30;0,1684;-0,0044;0,2172;False
58,30;0,1679;-0,0040;0,2176;False
58,31;0,1679;-0,0040;0,2176;False
58,31;0,1679;-0,0040;0,2176;False
58,32;0,1673;-0,0036;0,2180;False
58,33;0,1673;-0,0036;0,2180;False
58,34;0,1668;-0,0032;0,2183;False
58,35;0,1668;-0,0032;0,2183;False
58,36;0,1664;-0,0028;0,2186;False
58,37;0,1664;-0,0037;0,2193;False
58,37;0,1664;-0,0037;0,2193;False
58,38;0,1660;-0,0031;0,2196;False
58,39;0,1660;-0,0031;0,2196;False
58,40;0,1655;-0,0025;0,2199;False
58,41;0,1655;-0,0025;0,2199;False
58,42;0,1655;-0,0025;0,2199;False
58,42;0,1651;-0,0021;0,2202;False
58,43;0,1651;-0,0021;0,2202;False
58,43;0,1651;-0,0021;0,2202;False
58,44;0,1647;-0,0017;0,2205;False
58,45;0,1647;-0,0017;0,2205;False
58,46;0,1647;-0,0017;0,2205;False
58,46;0,1643;-0,0014;0,2208;False
58,47;0,1643;-0,0014;0,2208;False
58,48;0,1643;-0,0014;0,2208;False
58,48;0,1640;-0,0011;0,2210;False
58,49;0,1640;-0,0011;0,2210;False
58,50;0,1640;-0,0011;0,2210;False
58,50;0,1636;-0,0010;0,2213;False
58,51;0,1636;-0,0010;0,2213;False
58,52;0,1633;-0,0008;0,2215;False
58,53;0,1633;-0,0008;0,2215;False
58,54;0,1633;-0,0008;0,2215;False
58,54;0,1630;-0,0026;0,2227;False
58,55;0,1630;-0,0026;0,2227;False
58,56;0,1627;-0,0020;0,2229;False
58,57;0,1627;-0,0020;0,2229;False
58,58;0,1627;-0,0020;0,2229;False
58,59;0,1624;-0,0015;0,2232;False
58,60;0,1624;-0,0015;0,2232;False
58,61;0,1621;-0,0011;0,2234;False
58,61;0,1621;-0,0011;0,2234;False
58,62;0,1618;-0,0008;0,2236;False
58,63;0,1618;-0,0008;0,2236;False
58,64;0,1616;-0,0006;0,2237;False
58,65;0,1616;-0,0006;0,2237;False
58,66;0,1616;-0,0006;0,2237;False
58,66;0,1613;-0,0005;0,2239;False
58,67;0,1613;-0,0005;0,2239;False
58,68;0,1613;-0,0005;0,2239;False
58,68;0,1613;-0,0005;0,2239;False
58,68;0,1611;-0,0004;0,2241;False
58,69;0,1611;-0,0004;0,2241;False
58,70;0,1611;-0,0004;0,2241;False
58,70;0,1611;-0,0004;0,2241;False
58,70;0,1608;-0,0003;0,2243;False
58,71;0,1608;-0,0003;0,2243;False
58,71;0,1608;-0,0003;0,2243;False
58,72;0,1608;-0,0003;0,2243;False
58,72;0,1606;-0,0003;0,2244;False
58,73;0,1606;-0,0003;0,2244;False
58,73;0,1606;-0,0003;0,2244;False
58,74;0,1606;-0,0003;0,2244;False
58,74;0,1604;-0,0004;0,2246;False
58,75;0,1604;-0,0004;0,2246;False
58,75;0,1604;-0,0004;0,2246;False
58,76;0,1602;-0,0004;0,2247;False
58,77;0,1602;-0,0004;0,2247;False
58,78;0,1602;-0,0004;0,2247;False
58,78;0,1600;-0,0004;0,2248;False
58,79;0,1600;-0,0004;0,2248;False
58,79;0,1600;-0,0004;0,2248;False
58,80;0,1600;-0,0004;0,2248;False
58,80;0,1598;-0,0005;0,2250;False
58,81;0,1598;-0,0005;0,2250;False
58,81;0,1598;-0,0005;0,2250;False
58,82;0,1596;-0,0005;0,2251;False
58,83;0,1596;-0,0005;0,2251;False
58,83;0,1596;-0,0005;0,2251;False
58,84;0,1594;-0,0006;0,2252;False
58,86;0,1594;-0,0006;0,2252;False
58,86;0,1593;-0,0006;0,2253;False
58,87;0,1593;-0,0006;0,2253;False
58,88;0,1593;-0,0006;0,2253;False
58,89;0,1591;-0,0007;0,2255;False
58,89;0,1591;-0,0007;0,2255;False
58,90;0,1591;-0,0007;0,2255;False
58,91;0,1589;-0,0007;0,2256;False
58,91;0,1589;-0,0007;0,2256;False
58,92;0,1588;-0,0007;0,2257;False
58,92;0,1588;-0,0007;0,2257;False
58,93;0,1588;-0,0007;0,2257;False
58,94;0,1588;-0,0007;0,2257;False
58,95;0,1586;-0,0008;0,2258;False
58,95;0,1586;-0,0008;0,2258;False
58,96;0,1586;-0,0008;0,2258;False
58,96;0,1585;-0,0008;0,2259;False
58,97;0,1585;-0,0008;0,2259;False
58,97;0,1585;-0,0008;0,2259;False
58,98;0,1585;-0,0008;0,2259;False
58,98;0,1584;-0,0008;0,2260;False
58,99;0,1584;-0,0008;0,2260;False
59,00;0,1584;-0,0008;0,2260;False
59,01;0,1583;-0,0008;0,2261;False
59,01;0,1583;-0,0008;0,2261;False
59,02;0,1583;-0,0008;0,2261;False
59,02;0,1581;-0,0008;0,2261;False
59,03;0,1581;-0,0008;0,2261;False
59,04;0,1581;-0,0008;0,2261;False
59,04;0,1593;-0,0008;0,2253;False
59,05;0,1593;-0,0008;0,2253;False
59,05;0,1593;-0,0008;0,2253;False
59,06;0,1593;-0,0008;0,2253;False
59,07;0,1624;-0,0008;0,2232;False
59,07;0,1624;-0,0008;0,2232;False
59,07;0,1624;-0,0008;0,2232;False
59,08;0,1624;-0,0008;0,2232;False
59,08;0,1679;-0,0008;0,2193;False
59,09;0,1679;-0,0008;0,2193;False
59,10;0,1681;-0,0001;0,2188;False
59,11;0,1724;-0,0009;0,2158;False
59,11;0,1724;-0,0009;0,2158;False
59,12;0,1735;-0,0024;0,2135;False
59,13;0,1735;-0,0024;0,2135;False
59,13;0,1735;-0,0024;0,2135;False
59,14;0,1739;-0,0039;0,2123;False
59,15;0,1739;-0,0039;0,2123;False
59,16;0,1739;-0,0039;0,2123;False
59,16;0,1742;-0,0051;0,2114;False
59,17;0,1742;-0,0051;0,2114;False
59,18;0,1742;-0,0051;0,2114;False
59,18;0,1737;-0,0045;0,2105;False
59,19;0,1737;-0,0045;0,2105;False
59,20;0,1736;-0,0044;0,2100;False
59,21;0,1736;-0,0044;0,2100;False
59,22;0,1736;-0,0044;0,2100;False
59,22;0,1735;-0,0044;0,2096;False
59,23;0,1735;-0,0044;0,2096;False
59,24;0,1735;-0,0044;0,2096;False
59,24;0,1734;-0,0044;0,2092;False
59,25;0,1734;-0,0044;0,2092;False
59,26;0,1734;-0,0044;0,2092;False
59,26;0,1733;-0,0043;0,2088;False
59,27;0,1733;-0,0043;0,2088;False
59,28;0,1733;-0,0043;0,2088;False
59,28;0,1732;-0,0043;0,2086;False
59,29;0,1732;-0,0043;0,2086;False
59,30;0,1732;-0,0043;0,2086;False
59,30;0,1732;-0,0043;0,2084;False
59,31;0,1732;-0,0043;0,2084;False
59,32;0,1732;-0,0043;0,2084;False
59,32;0,1731;-0,0042;0,2083;False
59,33;0,1731;-0,0042;0,2083;False
59,34;0,1731;-0,0041;0,2082;False
59,35;0,1731;-0,0041;0,2082;False
59,35;0,1731;-0,0041;0,2082;False
59,36;0,1729;-0,0039;0,2082;False
59,37;0,1729;-0,0039;0,2082;False
59,38;0,1729;-0,0039;0,2082;False
59,38;0,1727;-0,0036;0,2082;False
59,39;0,1727;-0,0036;0,2082;False
59,39;0,1727;-0,0036;0,2082;False
59,41;0,1723;-0,0028;0,2084;False
59,41;0,1723;-0,0028;0,2084;False
59,42;0,1723;-0,0028;0,2084;False
59,42;0,1712;-0,0026;0,2090;False
59,43;0,1712;-0,0026;0,2090;False
59,44;0,1712;-0,0026;0,2090;False
59,44;0,1692;-0,0025;0,2100;False
59,45;0,1692;-0,0025;0,2100;False
59,45;0,1692;-0,0025;0,2100;False
59,46;0,1692;-0,0025;0,2100;False
59,47;0,1661;-0,0023;0,2118;False
59,47;0,1661;-0,0023;0,2118;False
59,47;0,1661;-0,0023;0,2118;False
59,48;0,1661;-0,0023;0,2118;False
59,48;0,1619;-0,0021;0,2141;False
59,49;0,1619;-0,0021;0,2141;False
59,50;0,1619;-0,0021;0,2141;False
59,50;0,1567;-0,0019;0,2171;False
59,51;0,1567;-0,0019;0,2171;False
59,51;0,1567;-0,0019;0,2171;False
59,52;0,1567;-0,0019;0,2171;False
59,53;0,1501;-0,0017;0,2209;False
59,54;0,1501;-0,0017;0,2209;False
59,55;0,1420;-0,0015;0,2255;False
59,55;0,1420;-0,0015;0,2255;False
59,56;0,1320;-0,0014;0,2312;False
59,57;0,1320;-0,0014;0,2312;False
59,57;0,1320;-0,0014;0,2312;False
59,57;0,1320;-0,0014;0,2312;False
59,58;0,1320;-0,0014;0,2312;False
59,58;0,1202;-0,0012;0,2379;False
59,59;0,1202;-0,0012;0,2379;False
59,59;0,1202;-0,0012;0,2379;False
59,60;0,1202;-0,0012;0,2379;False
59,60;0,1064;-0,0011;0,2458;False
59,61;0,1064;-0,0011;0,2458;False
59,61;0,1064;-0,0011;0,2458;False
59,62;0,1064;-0,0011;0,2458;False
59,62;0,0929;-0,0010;0,2535;False
59,62;0,0929;-0,0010;0,2535;False
59,63;0,0929;-0,0010;0,2535;False
59,63;0,0929;-0,0010;0,2535;False
59,64;0,0800;-0,0010;0,2609;False
59,65;0,0800;-0,0010;0,2609;False
59,65;0,0800;-0,0010;0,2609;False
59,66;0,0800;-0,0010;0,2609;False
59,66;0,0676;-0,0009;0,2680;False
59,67;0,0676;-0,0009;0,2680;False
59,67;0,0676;-0,0009;0,2680;False
59,68;0,0557;-0,0009;0,2749;False
59,69;0,0557;-0,0009;0,2749;False
59,69;0,0557;-0,0009;0,2749;False
59,69;0,0557;-0,0009;0,2749;False
59,70;0,0557;-0,0009;0,2749;False
59,71;0,0434;-0,0008;0,2820;False
59,71;0,0434;-0,0008;0,2820;False
59,72;0,0434;-0,0008;0,2820;False
59,72;0,0308;-0,0008;0,2893;False
59,73;0,0308;-0,0008;0,2893;False
59,73;0,0308;-0,0008;0,2893;False
59,74;0,0215;-0,0008;0,2948;False
59,75;0,0215;-0,0008;0,2948;False
59,75;0,0215;-0,0008;0,2948;False
59,76;0,0215;-0,0008;0,2948;False
59,76;0,0152;-0,0010;0,2987;False
59,77;0,0152;-0,0010;0,2987;False
59,78;0,0152;-0,0010;0,2987;False
59,78;0,0102;-0,0010;0,3019;False
59,79;0,0102;-0,0010;0,3019;False
59,79;0,0102;-0,0010;0,3019;False
59,80;0,0062;-0,0010;0,3044;False
59,81;0,0062;-0,0010;0,3044;False
59,81;0,0062;-0,0010;0,3044;False
59,81;0,0062;-0,0010;0,3044;False
59,82;0,0062;-0,0010;0,3044;False
59,82;0,0063;-0,0010;0,3045;False
59,83;0,0063;-0,0010;0,3045;False
59,84;0,0063;-0,0010;0,3045;False
59,84;0,0063;-0,0010;0,3045;False
59,84;0,0066;-0,0010;0,3044;False
59,85;0,0066;-0,0010;0,3044;False
59,85;0,0066;-0,0010;0,3044;False
59,86;0,0066;-0,0010;0,3044;False
59,87;0,0071;-0,0011;0,3042;False
59,87;0,0071;-0,0011;0,3042;False
59,87;0,0071;-0,0011;0,3042;False
59,88;0,0071;-0,0011;0,3042;False
59,88;0,0079;-0,0014;0,3038;False
59,89;0,0079;-0,0014;0,3038;False
59,90;0,0079;-0,0014;0,3038;False
59,90;0,0079;-0,0014;0,3038;False
59,90;0,0088;-0,0017;0,3033;False
59,91;0,0088;-0,0017;0,3033;False
59,91;0,0088;-0,0017;0,3033;False
59,92;0,0088;-0,0017;0,3033;False
59,92;0,0098;-0,0020;0,3028;False
59,93;0,0098;-0,0020;0,3028;False
59,93;0,0098;-0,0020;0,3028;False
59,94;0,0098;-0,0020;0,3028;False
59,94;0,0110;-0,0023;0,3022;False
59,95;0,0110;-0,0023;0,3022;False
59,95;0,0110;-0,0023;0,3022;False
59,95;0,0110;-0,0023;0,3022;False
59,96;0,0125;-0,0028;0,3015;False
59,96;0,0125;-0,0028;0,3015;False
59,97;0,0125;-0,0028;0,3015;False
59,97;0,0125;-0,0028;0,3015;False
59,98;0,0125;-0,0028;0,3015;False
59,98;0,0125;-0,0028;0,3015;False
59,98;0,0140;-0,0031;0,3007;False
59,99;0,0140;-0,0031;0,3007;False
59,99;0,0140;-0,0031;0,3007;False
60,00;0,0140;-0,0031;0,3007;False
60,00;0,0155;-0,0033;0,3001;False
60,01;0,0155;-0,0033;0,3001;False
60,01;0,0155;-0,0033;0,3001;False
60,01;0,0155;-0,0033;0,3001;False
60,02;0,0155;-0,0033;0,3001;False
60,02;0,0169;-0,0033;0,2995;False
60,03;0,0169;-0,0033;0,2995;False
60,03;0,0169;-0,0033;0,2995;False
60,04;0,0169;-0,0033;0,2995;False
60,04;0,0182;-0,0032;0,2990;False
60,05;0,0182;-0,0032;0,2990;False
60,05;0,0182;-0,0032;0,2990;False
60,06;0,0182;-0,0032;0,2990;False
60,06;0,0195;-0,0030;0,2984;False
60,07;0,0195;-0,0030;0,2984;False
60,07;0,0195;-0,0030;0,2984;False
60,08;0,0195;-0,0030;0,2984;False
60,08;0,0208;-0,0028;0,2980;False
60,09;0,0208;-0,0028;0,2980;False
60,09;0,0208;-0,0028;0,2980;False
60,10;0,0208;-0,0028;0,2980;False
60,11;0,0220;-0,0026;0,2975;False
60,11;0,0220;-0,0026;0,2975;False
60,12;0,0232;-0,0024;0,2970;False
60,13;0,0232;-0,0024;0,2970;False
60,14;0,0243;-0,0021;0,2966;False
60,15;0,0243;-0,0021;0,2966;False
60,16;0,0243;-0,0021;0,2966;False
60,17;0,0253;-0,0019;0,2962;False
60,18;0,0264;-0,0017;0,2958;False
60,19;0,0264;-0,0017;0,2958;False
60,20;0,0264;-0,0017;0,2958;False
60,21;0,0273;-0,0016;0,2954;False
60,21;0,0273;-0,0016;0,2954;False
60,22;0,0283;-0,0014;0,2951;False
60,23;0,0283;-0,0014;0,2951;False
60,23;0,0283;-0,0014;0,2951;False
60,24;0,0283;-0,0014;0,2951;False
60,24;0,0292;-0,0013;0,2947;False
60,25;0,0292;-0,0013;0,2947;False
60,25;0,0292;-0,0013;0,2947;False
60,26;0,0292;-0,0013;0,2947;False
60,27;0,0300;-0,0012;0,2943;False
60,27;0,0300;-0,0012;0,2943;False
60,28;0,0300;-0,0012;0,2943;False
60,29;0,0308;-0,0011;0,2939;False
60,29;0,0308;-0,0011;0,2939;False
60,30;0,0316;-0,0010;0,2935;False
60,31;0,0316;-0,0010;0,2935;False
60,31;0,0316;-0,0010;0,2935;False
60,32;0,0316;-0,0010;0,2935;False
60,32;0,0323;-0,0009;0,2932;False
60,33;0,0323;-0,0009;0,2932;False
60,34;0,0323;-0,0009;0,2932;False
60,34;0,0330;-0,0009;0,2928;False
60,35;0,0330;-0,0009;0,2928;False
60,35;0,0330;-0,0009;0,2928;False
60,36;0,0337;-0,0008;0,2925;False
60,37;0,0337;-0,0008;0,2925;False
60,37;0,0337;-0,0008;0,2925;False
60,38;0,0344;-0,0008;0,2921;False
60,39;0,0344;-0,0008;0,2921;False
60,40;0,0344;-0,0008;0,2921;False
60,40;0,0350;-0,0008;0,2918;False
60,41;0,0350;-0,0008;0,2918;False
60,42;0,0350;-0,0008;0,2918;False
60,42;0,0355;-0,0008;0,2915;False
60,43;0,0355;-0,0008;0,2915;False
60,44;0,0355;-0,0008;0,2915;False
60,44;0,0361;-0,0008;0,2911;False
60,45;0,0361;-0,0008;0,2911;False
60,46;0,0361;-0,0008;0,2911;False
60,46;0,0366;-0,0008;0,2908;False
60,47;0,0366;-0,0008;0,2908;False
60,48;0,0372;-0,0008;0,2905;False
60,49;0,0372;-0,0008;0,2905;False
60,49;0,0372;-0,0008;0,2905;False
60,50;0,0372;-0,0008;0,2905;False
60,50;0,0377;-0,0008;0,2903;False
60,51;0,0377;-0,0008;0,2903;False
60,51;0,0377;-0,0008;0,2903;False
60,52;0,0377;-0,0008;0,2903;False
60,52;0,0381;-0,0008;0,2900;False
60,53;0,0381;-0,0008;0,2900;False
60,54;0,0386;-0,0008;0,2897;False
60,55;0,0386;-0,0008;0,2897;False
60,55;0,0386;-0,0008;0,2897;False
60,56;0,0386;-0,0008;0,2897;False
60,56;0,0390;-0,0008;0,2895;False
60,57;0,0390;-0,0008;0,2895;False
60,58;0,0390;-0,0008;0,2895;False
60,59;0,0394;-0,0008;0,2892;False
60,59;0,0394;-0,0008;0,2892;False
60,60;0,0394;-0,0008;0,2892;False
60,61;0,0399;-0,0008;0,2890;False
60,61;0,0399;-0,0008;0,2890;False
60,62;0,0402;-0,0008;0,2888;False
60,63;0,0402;-0,0008;0,2888;False
60,63;0,0402;-0,0008;0,2888;False
60,64;0,0402;-0,0008;0,2888;False
60,64;0,0406;-0,0008;0,2886;False
60,65;0,0406;-0,0008;0,2886;False
60,65;0,0406;-0,0008;0,2886;False
60,66;0,0410;-0,0008;0,2884;False
60,67;0,0410;-0,0008;0,2884;False
60,68;0,0410;-0,0008;0,2884;False
60,68;0,0413;-0,0008;0,2882;False
60,69;0,0413;-0,0008;0,2882;False
60,69;0,0413;-0,0008;0,2882;False
60,70;0,0416;-0,0008;0,2880;False
60,71;0,0416;-0,0008;0,2880;False
60,71;0,0416;-0,0008;0,2880;False
60,71;0,0416;-0,0008;0,2880;False
60,72;0,0420;-0,0008;0,2878;False
60,73;0,0420;-0,0008;0,2878;False
60,74;0,0420;-0,0008;0,2878;False
60,74;0,0408;-0,0008;0,2885;False
60,75;0,0408;-0,0008;0,2885;False
60,75;0,0408;-0,0008;0,2885;False
60,76;0,0408;-0,0008;0,2885;False
60,77;0,0376;-0,0008;0,2903;False
60,77;0,0376;-0,0008;0,2903;False
60,78;0,0376;-0,0008;0,2903;False
60,78;0,0324;-0,0008;0,2933;False
60,79;0,0324;-0,0008;0,2933;False
60,79;0,0324;-0,0008;0,2933;False
60,80;0,0324;-0,0008;0,2933;False
60,80;0,0250;-0,0008;0,2974;False
60,81;0,0250;-0,0008;0,2974;False
60,81;0,0250;-0,0008;0,2974;False
60,81;0,0250;-0,0008;0,2974;False
60,82;0,0250;-0,0008;0,2974;False
60,82;0,0156;-0,0008;0,3029;False
60,83;0,0156;-0,0008;0,3029;False
60,83;0,0156;-0,0008;0,3029;False
60,83;0,0156;-0,0008;0,3029;False
60,84;0,0065;-0,0008;0,3084;False
60,85;0,0065;-0,0008;0,3084;False
60,85;0,0065;-0,0008;0,3084;False
60,85;0,0065;-0,0008;0,3084;False
60,86;0,0065;-0,0008;0,3084;False
60,86;-0,0034;-0,0010;0,3149;False
60,87;-0,0034;-0,0010;0,3149;False
60,88;-0,0034;-0,0010;0,3149;False
60,88;-0,0034;-0,0010;0,3149;False
60,88;-0,0143;-0,0012;0,3224;False
60,89;-0,0143;-0,0012;0,3224;False
60,89;-0,0143;-0,0012;0,3224;False
60,90;-0,0143;-0,0012;0,3224;False
60,90;-0,0257;-0,0015;0,3306;False
60,91;-0,0257;-0,0015;0,3306;False
60,91;-0,0257;-0,0015;0,3306;False
60,92;-0,0257;-0,0015;0,3306;False
60,92;-0,0257;-0,0015;0,3306;False
60,92;-0,0346;0,0001;0,3373;False
60,93;-0,0346;0,0001;0,3373;False
60,93;-0,0346;0,0001;0,3373;False
60,94;-0,0415;0,0013;0,3423;False
60,94;-0,0415;0,0013;0,3423;False
60,95;-0,0415;0,0013;0,3423;False
60,95;-0,0415;0,0013;0,3423;False
60,96;-0,0415;0,0013;0,3423;False
60,96;-0,0465;0,0042;0,3461;False
60,97;-0,0465;0,0042;0,3461;False
60,97;-0,0465;0,0042;0,3461;False
60,98;-0,0465;0,0042;0,3461;False
60,98;-0,0500;0,0070;0,3486;False
60,99;-0,0500;0,0070;0,3486;False
60,99;-0,0500;0,0070;0,3486;False
60,99;-0,0500;0,0070;0,3486;False
61,00;-0,0500;0,0070;0,3486;False
61,00;-0,0524;0,0098;0,3505;False
61,01;-0,0524;0,0098;0,3505;False
61,01;-0,0524;0,0098;0,3505;False
61,02;-0,0524;0,0098;0,3505;False
61,02;-0,0547;0,0117;0,3526;False
61,03;-0,0547;0,0117;0,3526;False
61,03;-0,0547;0,0117;0,3526;False
61,04;-0,0547;0,0117;0,3526;False
61,04;-0,0547;0,0117;0,3526;False
61,04;-0,0576;0,0123;0,3551;False
61,05;-0,0576;0,0123;0,3551;False
61,05;-0,0576;0,0123;0,3551;False
61,06;-0,0576;0,0123;0,3551;False
61,06;-0,0607;0,0121;0,3577;False
61,07;-0,0607;0,0121;0,3577;False
61,07;-0,0607;0,0121;0,3577;False
61,08;-0,0607;0,0121;0,3577;False
61,08;-0,0607;0,0121;0,3577;False
61,08;-0,0638;0,0113;0,3599;False
61,09;-0,0638;0,0113;0,3599;False
61,09;-0,0638;0,0113;0,3599;False
61,10;-0,0638;0,0113;0,3599;False
61,10;-0,0669;0,0101;0,3619;False
61,11;-0,0669;0,0101;0,3619;False
61,11;-0,0669;0,0101;0,3619;False
61,11;-0,0669;0,0101;0,3619;False
61,12;-0,0669;0,0101;0,3619;False
61,12;-0,0701;0,0082;0,3638;False
61,13;-0,0701;0,0082;0,3638;False
61,13;-0,0701;0,0082;0,3638;False
61,14;-0,0701;0,0082;0,3638;False
61,14;-0,0742;0,0050;0,3665;False
61,15;-0,0742;0,0050;0,3665;False
61,15;-0,0742;0,0050;0,3665;False
61,15;-0,0742;0,0050;0,3665;False
61,16;-0,0742;0,0050;0,3665;False
61,16;-0,0798;0,0007;0,3702;False
61,17;-0,0798;0,0007;0,3702;False
61,17;-0,0798;0,0007;0,3702;False
61,18;-0,0798;0,0007;0,3702;False
61,18;-0,0798;0,0007;0,3702;False
61,18;-0,0878;-0,0025;0,3756;False
61,19;-0,0878;-0,0025;0,3756;False
61,19;-0,0878;-0,0025;0,3756;False
61,20;-0,0878;-0,0025;0,3756;False
61,20;-0,0972;-0,0037;0,3821;False
61,21;-0,0972;-0,0037;0,3821;False
61,21;-0,0972;-0,0037;0,3821;False
61,21;-0,0972;-0,0037;0,3821;False
61,22;-0,0972;-0,0037;0,3821;False
61,22;-0,1073;-0,0045;0,3893;False
61,23;-0,1073;-0,0045;0,3893;False
61,23;-0,1073;-0,0045;0,3893;False
61,24;-0,1073;-0,0045;0,3893;False
61,24;-0,1181;-0,0049;0,3969;False
61,25;-0,1181;-0,0049;0,3969;False
61,25;-0,1181;-0,0049;0,3969;False
61,26;-0,1181;-0,0049;0,3969;False
61,26;-0,1181;-0,0049;0,3969;False
61,26;-0,1273;-0,0026;0,4034;False
61,27;-0,1273;-0,0026;0,4034;False
61,28;-0,1273;-0,0026;0,4034;False
61,28;-0,1346;-0,0003;0,4083;False
61,29;-0,1346;-0,0003;0,4083;False
61,29;-0,1346;-0,0003;0,4083;False
61,29;-0,1346;-0,0003;0,4083;False
61,30;-0,1346;-0,0003;0,4083;False
61,31;-0,1392;0,0036;0,4122;False
61,31;-0,1392;0,0036;0,4122;False
61,32;-0,1392;0,0036;0,4122;False
61,32;-0,1392;0,0036;0,4122;False
61,32;-0,1440;0,0077;0,4160;False
61,33;-0,1440;0,0077;0,4160;False
61,34;-0,1440;0,0077;0,4160;False
61,34;-0,1440;0,0077;0,4160;False
61,34;-0,1509;0,0084;0,4209;False
61,35;-0,1509;0,0084;0,4209;False
61,35;-0,1509;0,0084;0,4209;False
61,36;-0,1509;0,0084;0,4209;False
61,36;-0,1509;0,0084;0,4209;False
61,37;-0,1592;0,0070;0,4266;False
61,37;-0,1592;0,0070;0,4266;False
61,37;-0,1592;0,0070;0,4266;False
61,38;-0,1592;0,0070;0,4266;False
61,38;-0,1688;0,0037;0,4332;False
61,39;-0,1688;0,0037;0,4332;False
61,39;-0,1688;0,0037;0,4332;False
61,40;-0,1688;0,0037;0,4332;False
61,40;-0,1800;-0,0007;0,4408;False
61,41;-0,1800;-0,0007;0,4408;False
61,41;-0,1800;-0,0007;0,4408;False
61,42;-0,1800;-0,0007;0,4408;False
61,42;-0,1800;-0,0007;0,4408;False
61,42;-0,1942;-0,0035;0,4501;False
61,43;-0,1942;-0,0035;0,4501;False
61,43;-0,1942;-0,0035;0,4501;False
61,44;-0,1942;-0,0035;0,4501;False
61,44;-0,2052;-0,0046;0,4577;False
61,44;-0,2052;-0,0046;0,4577;False
61,45;-0,2052;-0,0046;0,4577;False
61,45;-0,2052;-0,0046;0,4577;False
61,46;-0,2052;-0,0046;0,4577;False
61,46;-0,2140;-0,0045;0,4637;False
61,47;-0,2140;-0,0045;0,4637;False
61,47;-0,2140;-0,0045;0,4637;False
61,48;-0,2140;-0,0045;0,4637;False
61,48;-0,2207;-0,0004;0,4684;False
61,49;-0,2207;-0,0004;0,4684;False
61,49;-0,2207;-0,0004;0,4684;False
61,50;-0,2207;-0,0004;0,4684;False
61,50;-0,2254;0,0034;0,4714;False
61,51;-0,2254;0,0034;0,4714;False
61,51;-0,2254;0,0034;0,4714;False
61,51;-0,2254;0,0034;0,4714;False
61,52;-0,2254;0,0034;0,4714;False
61,52;-0,2291;0,0072;0,4738;False
61,53;-0,2291;0,0072;0,4738;False
61,53;-0,2291;0,0072;0,4738;False
61,54;-0,2291;0,0072;0,4738;False
61,54;-0,2347;0,0091;0,4776;False
61,55;-0,2347;0,0091;0,4776;False
61,55;-0,2347;0,0091;0,4776;False
61,55;-0,2347;0,0091;0,4776;False
61,56;-0,2414;0,0088;0,4820;False
61,57;-0,2414;0,0088;0,4820;False
61,57;-0,2414;0,0088;0,4820;False
61,57;-0,2414;0,0088;0,4820;False
61,58;-0,2414;0,0088;0,4820;False
61,58;-0,2488;0,0073;0,4869;False
61,59;-0,2488;0,0073;0,4869;False
61,59;-0,2488;0,0073;0,4869;False
61,60;-0,2488;0,0073;0,4869;False
61,60;-0,2575;0,0048;0,4924;False
61,61;-0,2575;0,0048;0,4924;False
61,61;-0,2575;0,0048;0,4924;False
61,61;-0,2575;0,0048;0,4924;False
61,62;-0,2575;0,0048;0,4924;False
61,62;-0,2682;0,0009;0,4989;False
61,63;-0,2682;0,0009;0,4989;False
61,63;-0,2682;0,0009;0,4989;False
61,64;-0,2682;0,0009;0,4989;False
61,64;-0,2805;-0,0006;0,5065;False
61,65;-0,2805;-0,0006;0,5065;False
61,65;-0,2805;-0,0006;0,5065;False
61,65;-0,2805;-0,0006;0,5065;False
61,66;-0,2805;-0,0006;0,5065;False
61,66;-0,2908;-0,0016;0,5130;False
61,67;-0,2908;-0,0016;0,5130;False
61,68;-0,2908;-0,0016;0,5130;False
61,68;-0,2908;-0,0016;0,5130;False
61,68;-0,2998;-0,0005;0,5189;False
61,69;-0,2998;-0,0005;0,5189;False
61,69;-0,2998;-0,0005;0,5189;False
61,70;-0,2998;-0,0005;0,5189;False
61,70;-0,3070;0,0010;0,5237;False
61,71;-0,3070;0,0010;0,5237;False
61,71;-0,3070;0,0010;0,5237;False
61,72;-0,3070;0,0010;0,5237;False
61,72;-0,3070;0,0010;0,5237;False
61,72;-0,3123;0,0046;0,5273;False
61,73;-0,3123;0,0046;0,5273;False
61,74;-0,3123;0,0046;0,5273;False
61,74;-0,3123;0,0046;0,5273;False
61,74;-0,3162;0,0084;0,5298;False
61,75;-0,3162;0,0084;0,5298;False
61,75;-0,3162;0,0084;0,5298;False
61,76;-0,3162;0,0084;0,5298;False
61,76;-0,3162;0,0084;0,5298;False
61,77;-0,3195;0,0119;0,5320;False
61,77;-0,3195;0,0119;0,5320;False
61,78;-0,3195;0,0119;0,5320;False
61,78;-0,3227;0,0142;0,5341;False
61,79;-0,3227;0,0142;0,5341;False
61,79;-0,3227;0,0142;0,5341;False
61,79;-0,3227;0,0142;0,5341;False
61,80;-0,3227;0,0142;0,5341;False
61,80;-0,3273;0,0145;0,5371;False
61,81;-0,3273;0,0145;0,5371;False
61,81;-0,3273;0,0145;0,5371;False
61,82;-0,3273;0,0145;0,5371;False
61,82;-0,3328;0,0131;0,5404;False
61,82;-0,3328;0,0131;0,5404;False
61,83;-0,3328;0,0131;0,5404;False
61,83;-0,3328;0,0131;0,5404;False
61,84;-0,3328;0,0131;0,5404;False
61,84;-0,3390;0,0106;0,5439;False
61,85;-0,3390;0,0106;0,5439;False
61,85;-0,3390;0,0106;0,5439;False
61,85;-0,3390;0,0106;0,5439;False
61,86;-0,3390;0,0106;0,5439;False
61,87;-0,3465;0,0062;0,5480;False
61,87;-0,3465;0,0062;0,5480;False
61,88;-0,3465;0,0062;0,5480;False
61,88;-0,3465;0,0062;0,5480;False
61,88;-0,3556;0,0003;0,5529;False
61,89;-0,3556;0,0003;0,5529;False
61,90;-0,3556;0,0003;0,5529;False
61,90;-0,3556;0,0003;0,5529;False
61,90;-0,3669;-0,0033;0,5591;False
61,91;-0,3669;-0,0033;0,5591;False
61,91;-0,3669;-0,0033;0,5591;False
61,92;-0,3669;-0,0033;0,5591;False
61,92;-0,3669;-0,0033;0,5591;False
61,92;-0,3784;-0,0033;0,5659;False
61,93;-0,3784;-0,0033;0,5659;False
61,93;-0,3784;-0,0033;0,5659;False
61,94;-0,3784;-0,0033;0,5659;False
61,94;-0,3894;-0,0036;0,5722;False
61,95;-0,3894;-0,0036;0,5722;False
61,95;-0,3894;-0,0036;0,5722;False
61,95;-0,3894;-0,0036;0,5722;False
61,96;-0,3985;-0,0007;0,5774;False
61,96;-0,3985;-0,0007;0,5774;False
61,97;-0,3985;-0,0007;0,5774;False
61,97;-0,3985;-0,0007;0,5774;False
61,98;-0,3985;-0,0007;0,5774;False
61,98;-0,4052;0,0023;0,5809;False
61,99;-0,4052;0,0023;0,5809;False
61,99;-0,4052;0,0023;0,5809;False
62,00;-0,4052;0,0023;0,5809;False
62,00;-0,4092;0,0064;0,5838;False
62,01;-0,4092;0,0064;0,5838;False
62,01;-0,4092;0,0064;0,5838;False
62,01;-0,4092;0,0064;0,5838;False
62,02;-0,4092;0,0064;0,5838;False
62,02;-0,4092;0,0064;0,5838;False
62,02;-0,4147;0,0093;0,5872;False
62,03;-0,4147;0,0093;0,5872;False
62,03;-0,4147;0,0093;0,5872;False
62,04;-0,4216;0,0098;0,5912;False
62,04;-0,4216;0,0098;0,5912;False
62,05;-0,4216;0,0098;0,5912;False
62,05;-0,4216;0,0098;0,5912;False
62,06;-0,4216;0,0098;0,5912;False
62,06;-0,4296;0,0083;0,5957;False
62,07;-0,4296;0,0083;0,5957;False
62,07;-0,4296;0,0083;0,5957;False
62,08;-0,4296;0,0083;0,5957;False
62,08;-0,4392;0,0049;0,6011;False
62,09;-0,4392;0,0049;0,6011;False
62,09;-0,4392;0,0049;0,6011;False
62,09;-0,4392;0,0049;0,6011;False
62,10;-0,4392;0,0049;0,6011;False
62,11;-0,4502;-0,0004;0,6073;False
62,11;-0,4502;-0,0004;0,6073;False
62,11;-0,4502;-0,0004;0,6073;False
62,12;-0,4502;-0,0004;0,6073;False
62,12;-0,4638;-0,0034;0,6145;False
62,13;-0,4638;-0,0034;0,6145;False
62,13;-0,4638;-0,0034;0,6145;False
62,14;-0,4638;-0,0034;0,6145;False
62,14;-0,4748;-0,0048;0,6206;False
62,15;-0,4748;-0,0048;0,6206;False
62,15;-0,4748;-0,0048;0,6206;False
62,15;-0,4748;-0,0048;0,6206;False
62,16;-0,4748;-0,0048;0,6206;False
62,16;-0,4843;-0,0053;0,6254;False
62,17;-0,4843;-0,0053;0,6254;False
62,17;-0,4843;-0,0053;0,6254;False
62,18;-0,4843;-0,0053;0,6254;False
62,18;-0,4843;-0,0053;0,6254;False
62,18;-0,4919;-0,0021;0,6293;False
62,19;-0,4919;-0,0021;0,6293;False
62,19;-0,4919;-0,0021;0,6293;False
62,20;-0,4919;-0,0021;0,6293;False
62,20;-0,4969;0,0003;0,6320;False
62,21;-0,4969;0,0003;0,6320;False
62,21;-0,4969;0,0003;0,6320;False
62,21;-0,4969;0,0003;0,6320;False
62,22;-0,4969;0,0003;0,6320;False
62,22;-0,5020;0,0038;0,6347;False
62,23;-0,5020;0,0038;0,6347;False
62,23;-0,5020;0,0038;0,6347;False
62,24;-0,5020;0,0038;0,6347;False
62,24;-0,5077;0,0059;0,6377;False
62,25;-0,5077;0,0059;0,6377;False
62,25;-0,5077;0,0059;0,6377;False
62,25;-0,5077;0,0059;0,6377;False
62,26;-0,5077;0,0059;0,6377;False
62,26;-0,5139;0,0067;0,6409;False
62,27;-0,5139;0,0067;0,6409;False
62,27;-0,5139;0,0067;0,6409;False
62,28;-0,5139;0,0067;0,6409;False
62,28;-0,5212;0,0058;0,6446;False
62,29;-0,5212;0,0058;0,6446;False
62,30;-0,5299;0,0029;0,6489;False
62,31;-0,5299;0,0029;0,6489;False
62,31;-0,5299;0,0029;0,6489;False
62,32;-0,5299;0,0029;0,6489;False
62,33;-0,5390;-0,0008;0,6532;False
62,33;-0,5390;-0,0008;0,6532;False
62,34;-0,5478;-0,0034;0,6575;False
62,35;-0,5478;-0,0034;0,6575;False
62,36;-0,5478;-0,0034;0,6575;False
62,36;-0,5560;-0,0049;0,6614;False
62,37;-0,5560;-0,0049;0,6614;False
62,38;-0,5560;-0,0049;0,6614;False
62,39;-0,5634;-0,0053;0,6650;False
62,39;-0,5634;-0,0053;0,6650;False
62,40;-0,5696;-0,0052;0,6681;False
62,41;-0,5696;-0,0052;0,6681;False
62,42;-0,5696;-0,0052;0,6681;False
62,43;-0,5737;-0,0051;0,6702;False
62,43;-0,5737;-0,0051;0,6702;False
62,44;-0,5760;-0,0048;0,6715;False
62,45;-0,5760;-0,0048;0,6715;False
62,46;-0,5760;-0,0048;0,6715;False
62,46;-0,5771;-0,0036;0,6722;False
62,47;-0,5771;-0,0036;0,6722;False
62,47;-0,5771;-0,0036;0,6722;False
62,48;-0,5771;-0,0036;0,6722;False
62,49;-0,5773;-0,0030;0,6725;False
62,49;-0,5773;-0,0030;0,6725;False
62,50;-0,5770;-0,0021;0,6724;False
62,51;-0,5770;-0,0021;0,6724;False
62,51;-0,5770;-0,0021;0,6724;False
62,52;-0,5770;-0,0021;0,6724;False
62,52;-0,5766;-0,0018;0,6724;False
62,53;-0,5766;-0,0018;0,6724;False
62,54;-0,5766;-0,0018;0,6724;False
62,54;-0,5761;-0,0018;0,6722;False
62,54;-0,5761;-0,0018;0,6722;False
62,55;-0,5761;-0,0018;0,6722;False
62,55;-0,5761;-0,0018;0,6722;False
62,56;-0,5761;-0,0018;0,6722;False
62,56;-0,5753;-0,0019;0,6718;False
62,58;-0,5753;-0,0019;0,6718;False
62,58;-0,5745;-0,0021;0,6714;False
62,59;-0,5745;-0,0021;0,6714;False
62,59;-0,5745;-0,0021;0,6714;False
62,60;-0,5745;-0,0021;0,6714;False
62,60;-0,5735;-0,0023;0,6709;False
62,61;-0,5735;-0,0023;0,6709;False
62,62;-0,5735;-0,0023;0,6709;False
62,62;-0,5735;-0,0023;0,6709;False
62,62;-0,5723;-0,0026;0,6705;False
62,63;-0,5723;-0,0026;0,6705;False
62,64;-0,5723;-0,0026;0,6705;False
62,64;-0,5723;-0,0026;0,6705;False
62,64;-0,5712;-0,0027;0,6700;False
62,65;-0,5712;-0,0027;0,6700;False
62,65;-0,5712;-0,0027;0,6700;False
62,66;-0,5712;-0,0027;0,6700;False
62,66;-0,5708;-0,0033;0,6698;False
62,67;-0,5708;-0,0033;0,6698;False
62,67;-0,5708;-0,0033;0,6698;False
62,68;-0,5708;-0,0033;0,6698;False
62,69;-0,5714;-0,0040;0,6702;False
62,69;-0,5714;-0,0040;0,6702;False
62,70;-0,5726;-0,0045;0,6710;False
62,71;-0,5726;-0,0045;0,6710;False
62,71;-0,5726;-0,0045;0,6710;False
62,72;-0,5726;-0,0045;0,6710;False
62,72;-0,5738;-0,0047;0,6719;False
62,73;-0,5738;-0,0047;0,6719;False
62,74;-0,5738;-0,0047;0,6719;False
62,75;-0,5747;-0,0047;0,6725;False
62,75;-0,5747;-0,0047;0,6725;False
62,76;-0,5747;-0,0047;0,6725;False
62,77;-0,5751;-0,0045;0,6729;False
62,78;-0,5751;-0,0045;0,6729;False
62,79;-0,5754;-0,0046;0,6733;False
62,79;-0,5754;-0,0046;0,6733;False
62,80;-0,5756;-0,0045;0,6735;False
62,81;-0,5756;-0,0045;0,6735;False
62,82;-0,5756;-0,0045;0,6735;False
62,82;-0,5757;-0,0041;0,6738;False
62,83;-0,5757;-0,0041;0,6738;False
62,84;-0,5757;-0,0041;0,6738;False
62,85;-0,5754;-0,0040;0,6739;False
62,85;-0,5754;-0,0040;0,6739;False
62,86;-0,5751;-0,0037;0,6738;False
62,87;-0,5751;-0,0037;0,6738;False
62,88;-0,5751;-0,0037;0,6738;False
62,88;-0,5744;-0,0035;0,6735;False
62,89;-0,5744;-0,0035;0,6735;False
62,90;-0,5733;-0,0034;0,6730;False
62,91;-0,5733;-0,0034;0,6730;False
62,92;-0,5719;-0,0032;0,6724;False
62,93;-0,5719;-0,0032;0,6724;False
62,93;-0,5719;-0,0032;0,6724;False
62,94;-0,5703;-0,0029;0,6716;False
62,95;-0,5703;-0,0029;0,6716;False
62,95;-0,5703;-0,0029;0,6716;False
62,96;-0,5703;-0,0029;0,6716;False
62,96;-0,5680;-0,0026;0,6705;False
62,97;-0,5680;-0,0026;0,6705;False
62,98;-0,5651;-0,0024;0,6691;False
62,99;-0,5651;-0,0024;0,6691;False
62,99;-0,5651;-0,0024;0,6691;False
63,00;-0,5611;-0,0021;0,6671;False
63,01;-0,5611;-0,0021;0,6671;False
63,01;-0,5611;-0,0021;0,6671;False
63,02;-0,5611;-0,0021;0,6671;False
63,02;-0,5565;-0,0019;0,6649;False
63,03;-0,5565;-0,0019;0,6649;False
63,04;-0,5565;-0,0019;0,6649;False
63,04;-0,5506;-0,0017;0,6620;False
63,05;-0,5506;-0,0017;0,6620;False
63,05;-0,5506;-0,0017;0,6620;False
63,06;-0,5506;-0,0017;0,6620;False
63,07;-0,5434;-0,0015;0,6586;False
63,07;-0,5434;-0,0015;0,6586;False
63,08;-0,5434;-0,0015;0,6586;False
63,08;-0,5347;-0,0013;0,6543;False
63,09;-0,5347;-0,0013;0,6543;False
63,10;-0,5240;-0,0012;0,6492;False
63,11;-0,5240;-0,0012;0,6492;False
63,11;-0,5240;-0,0012;0,6492;False
63,12;-0,5116;-0,0011;0,6432;False
63,13;-0,5116;-0,0011;0,6432;False
63,14;-0,5116;-0,0011;0,6432;False
63,14;-0,4973;-0,0010;0,6363;False
63,15;-0,4973;-0,0010;0,6363;False
63,15;-0,4973;-0,0010;0,6363;False
63,16;-0,4811;-0,0010;0,6285;False
63,17;-0,4811;-0,0010;0,6285;False
63,17;-0,4811;-0,0010;0,6285;False
63,18;-0,4811;-0,0010;0,6285;False
63,19;-0,4629;-0,0009;0,6197;False
63,19;-0,4629;-0,0009;0,6197;False
63,20;-0,4426;-0,0009;0,6100;False
63,21;-0,4426;-0,0009;0,6100;False
63,21;-0,4426;-0,0009;0,6100;False
63,22;-0,4426;-0,0009;0,6100;False
63,22;-0,4202;-0,0008;0,5992;False
63,23;-0,4202;-0,0008;0,5992;False
63,23;-0,4202;-0,0008;0,5992;False
63,24;-0,4202;-0,0008;0,5992;False
63,24;-0,3958;-0,0008;0,5875;False
63,25;-0,3958;-0,0008;0,5875;False
63,25;-0,3958;-0,0008;0,5875;False
63,26;-0,3958;-0,0008;0,5875;False
63,26;-0,3958;-0,0008;0,5875;False
63,26;-0,3693;-0,0008;0,5748;False
63,27;-0,3693;-0,0008;0,5748;False
63,27;-0,3693;-0,0008;0,5748;False
63,28;-0,3693;-0,0008;0,5748;False
63,28;-0,3409;-0,0008;0,5613;False
63,29;-0,3409;-0,0008;0,5613;False
63,29;-0,3409;-0,0008;0,5613;False
63,29;-0,3409;-0,0008;0,5613;False
63,30;-0,3108;-0,0008;0,5469;False
63,31;-0,3108;-0,0008;0,5469;False
63,31;-0,3108;-0,0008;0,5469;False
63,32;-0,3108;-0,0008;0,5469;False
63,32;-0,2789;-0,0008;0,5318;False
63,32;-0,2789;-0,0008;0,5318;False
63,33;-0,2789;-0,0008;0,5318;False
63,34;-0,2789;-0,0008;0,5318;False
63,34;-0,2789;-0,0008;0,5318;False
63,34;-0,2453;-0,0008;0,5159;False
63,35;-0,2453;-0,0008;0,5159;False
63,35;-0,2453;-0,0008;0,5159;False
63,36;-0,2453;-0,0008;0,5159;False
63,36;-0,2102;-0,0008;0,4993;False
63,37;-0,2102;-0,0008;0,4993;False
63,37;-0,2102;-0,0008;0,4993;False
63,38;-0,2102;-0,0008;0,4993;False
63,38;-0,1767;-0,0008;0,4835;False
63,39;-0,1767;-0,0008;0,4835;False
63,39;-0,1767;-0,0008;0,4835;False
63,39;-0,1767;-0,0008;0,4835;False
63,40;-0,1445;-0,0008;0,4684;False
63,41;-0,1445;-0,0008;0,4684;False
63,41;-0,1445;-0,0008;0,4684;False
63,42;-0,1445;-0,0008;0,4684;False
63,42;-0,1137;-0,0008;0,4539;False
63,43;-0,1137;-0,0008;0,4539;False
63,44;-0,1137;-0,0008;0,4539;False
63,44;-0,1137;-0,0008;0,4539;False
63,44;-0,0841;-0,0008;0,4401;False
63,45;-0,0841;-0,0008;0,4401;False
63,45;-0,0841;-0,0008;0,4401;False
63,46;-0,0841;-0,0008;0,4401;False
63,46;-0,0557;-0,0008;0,4272;False
63,47;-0,0557;-0,0008;0,4272;False
63,47;-0,0557;-0,0008;0,4272;False
63,48;-0,0557;-0,0008;0,4272;False
63,48;-0,0290;-0,0008;0,4154;False
63,49;-0,0290;-0,0008;0,4154;False
63,49;-0,0290;-0,0008;0,4154;False
63,50;-0,0290;-0,0008;0,4154;False
63,50;-0,0032;-0,0008;0,4046;False
63,51;-0,0032;-0,0008;0,4046;False
63,51;-0,0032;-0,0008;0,4046;False
63,52;-0,0032;-0,0008;0,4046;False
63,52;0,0217;-0,0008;0,3947;False
63,53;0,0217;-0,0008;0,3947;False
63,53;0,0217;-0,0008;0,3947;False
63,54;0,0217;-0,0008;0,3947;False
63,54;0,0217;-0,0008;0,3947;False
63,54;0,0457;-0,0008;0,3860;False
63,55;0,0457;-0,0008;0,3860;False
63,55;0,0457;-0,0008;0,3860;False
63,55;0,0457;-0,0008;0,3860;False
63,56;0,0690;-0,0008;0,3784;False
63,57;0,0690;-0,0008;0,3784;False
63,57;0,0690;-0,0008;0,3784;False
63,57;0,0690;-0,0008;0,3784;False
63,58;0,0690;-0,0008;0,3784;False
63,58;0,0909;-0,0008;0,3722;False
63,59;0,0909;-0,0008;0,3722;False
63,59;0,0909;-0,0008;0,3722;False
63,60;0,0909;-0,0008;0,3722;False
63,60;0,1120;-0,0008;0,3671;False
63,61;0,1120;-0,0008;0,3671;False
63,61;0,1120;-0,0008;0,3671;False
63,62;0,1120;-0,0008;0,3671;False
63,62;0,1313;-0,0007;0,3629;False
63,62;0,1313;-0,0007;0,3629;False
63,63;0,1313;-0,0007;0,3629;False
63,63;0,1313;-0,0007;0,3629;False
63,64;0,1464;-0,0006;0,3598;False
63,65;0,1464;-0,0006;0,3598;False
63,65;0,1464;-0,0006;0,3598;False
63,66;0,1464;-0,0006;0,3598;False
63,66;0,1577;-0,0009;0,3579;False
63,67;0,1577;-0,0009;0,3579;False
63,68;0,1577;-0,0009;0,3579;False
63,68;0,1666;-0,0011;0,3565;False
63,69;0,1666;-0,0011;0,3565;False
63,70;0,1666;-0,0011;0,3565;False
63,70;0,1726;-0,0009;0,3562;False
63,72;0,1726;-0,0009;0,3562;False
63,72;0,1765;-0,0020;0,3569;False
63,73;0,1765;-0,0020;0,3569;False
63,73;0,1765;-0,0020;0,3569;False
63,74;0,1790;-0,0017;0,3578;False
63,75;0,1790;-0,0017;0,3578;False
63,76;0,1790;-0,0017;0,3578;False
63,77;0,1804;-0,0023;0,3583;False
63,78;0,1804;-0,0023;0,3583;False
63,78;0,1804;-0,0023;0,3583;False
63,78;0,1797;-0,0024;0,3589;False
63,79;0,1797;-0,0024;0,3589;False
63,80;0,1797;-0,0024;0,3589;False
63,81;0,1785;-0,0024;0,3596;False
63,81;0,1785;-0,0024;0,3596;False
63,82;0,1785;-0,0024;0,3596;False
63,82;0,1768;-0,0025;0,3605;False
63,83;0,1768;-0,0025;0,3605;False
63,84;0,1768;-0,0025;0,3605;False
63,84;0,1768;-0,0025;0,3605;False
63,84;0,1750;-0,0026;0,3613;False
63,85;0,1750;-0,0026;0,3613;False
63,85;0,1750;-0,0026;0,3613;False
63,86;0,1750;-0,0026;0,3613;False
63,87;0,1733;-0,0026;0,3620;False
63,87;0,1733;-0,0026;0,3620;False
63,88;0,1733;-0,0026;0,3620;False
63,88;0,1717;-0,0025;0,3624;False
63,89;0,1717;-0,0025;0,3624;False
63,90;0,1717;-0,0025;0,3624;False
63,90;0,1702;-0,0024;0,3629;False
63,91;0,1702;-0,0024;0,3629;False
63,92;0,1702;-0,0024;0,3629;False
63,92;0,1687;-0,0022;0,3633;False
63,94;0,1687;-0,0022;0,3633;False
63,94;0,1672;-0,0020;0,3637;False
63,95;0,1672;-0,0020;0,3637;False
63,95;0,1672;-0,0020;0,3637;False
63,96;0,1659;-0,0019;0,3641;False
63,97;0,1659;-0,0019;0,3641;False
63,97;0,1659;-0,0019;0,3641;False
63,98;0,1659;-0,0019;0,3641;False
63,98;0,1659;-0,0019;0,3641;False
63,99;0,1645;-0,0017;0,3644;False
64,00;0,1645;-0,0017;0,3644;False
64,00;0,1633;-0,0015;0,3648;False
64,01;0,1633;-0,0015;0,3648;False
64,01;0,1633;-0,0015;0,3648;False
64,02;0,1633;-0,0015;0,3648;False
64,02;0,1621;-0,0014;0,3651;False
64,03;0,1621;-0,0014;0,3651;False
64,03;0,1621;-0,0014;0,3651;False
64,04;0,1609;-0,0013;0,3655;False
64,05;0,1609;-0,0013;0,3655;False
64,05;0,1609;-0,0013;0,3655;False
64,06;0,1609;-0,0013;0,3655;False
64,06;0,1598;-0,0012;0,3658;False
64,07;0,1598;-0,0012;0,3658;False
64,08;0,1598;-0,0012;0,3658;False
64,08;0,1587;-0,0011;0,3661;False
64,09;0,1587;-0,0011;0,3661;False
64,09;0,1587;-0,0011;0,3661;False
64,10;0,1587;-0,0011;0,3661;False
64,11;0,1577;-0,0010;0,3664;False
64,12;0,1577;-0,0010;0,3664;False
64,12;0,1567;-0,0010;0,3666;False
64,13;0,1567;-0,0010;0,3666;False
64,14;0,1567;-0,0010;0,3666;False
64,14;0,1557;-0,0009;0,3669;False
64,15;0,1557;-0,0009;0,3669;False
64,15;0,1557;-0,0009;0,3669;False
64,15;0,1557;-0,0009;0,3669;False
64,16;0,1548;-0,0009;0,3671;False
64,17;0,1548;-0,0009;0,3671;False
64,18;0,1548;-0,0009;0,3671;False
64,18;0,1539;-0,0008;0,3674;False
64,19;0,1539;-0,0008;0,3674;False
64,20;0,1539;-0,0008;0,3674;False
64,20;0,1531;-0,0008;0,3676;False
64,21;0,1531;-0,0008;0,3676;False
64,21;0,1531;-0,0008;0,3676;False
64,22;0,1531;-0,0008;0,3676;False
64,22;0,1523;-0,0008;0,3678;False
64,23;0,1523;-0,0008;0,3678;False
64,24;0,1523;-0,0008;0,3678;False
64,24;0,1515;-0,0008;0,3681;False
64,25;0,1515;-0,0008;0,3681;False
64,25;0,1515;-0,0008;0,3681;False
64,26;0,1515;-0,0008;0,3681;False
64,27;0,1508;-0,0008;0,3683;False
64,27;0,1508;-0,0008;0,3683;False
64,28;0,1508;-0,0008;0,3683;False
64,28;0,1501;-0,0008;0,3685;False
64,29;0,1501;-0,0008;0,3685;False
64,30;0,1501;-0,0008;0,3685;False
64,30;0,1494;-0,0008;0,3687;False
64,31;0,1494;-0,0008;0,3687;False
64,31;0,1494;-0,0008;0,3687;False
64,32;0,1487;-0,0008;0,3688;False
64,33;0,1487;-0,0008;0,3688;False
64,33;0,1487;-0,0008;0,3688;False
64,34;0,1487;-0,0008;0,3688;False
64,34;0,1481;-0,0008;0,3690;False
64,35;0,1481;-0,0008;0,3690;False
64,35;0,1481;-0,0008;0,3690;False
64,36;0,1475;-0,0008;0,3692;False
64,37;0,1475;-0,0008;0,3692;False
64,37;0,1475;-0,0008;0,3692;False
64,38;0,1475;-0,0008;0,3692;False
64,38;0,1469;-0,0008;0,3693;False
64,39;0,1469;-0,0008;0,3693;False
64,40;0,1464;-0,0008;0,3695;False
64,41;0,1464;-0,0008;0,3695;False
64,41;0,1464;-0,0008;0,3695;False
64,41;0,1464;-0,0008;0,3695;False
64,42;0,1464;-0,0008;0,3695;False
64,42;0,1458;-0,0008;0,3696;False
64,43;0,1458;-0,0008;0,3696;False
64,43;0,1458;-0,0008;0,3696;False
64,44;0,1458;-0,0008;0,3696;False
64,44;0,1453;-0,0008;0,3698;False
64,45;0,1453;-0,0008;0,3698;False
64,45;0,1453;-0,0008;0,3698;False
64,46;0,1453;-0,0008;0,3698;False
64,46;0,1448;-0,0008;0,3699;False
64,47;0,1448;-0,0008;0,3699;False
64,48;0,1448;-0,0008;0,3699;False
64,48;0,1443;-0,0008;0,3701;False
64,49;0,1443;-0,0008;0,3701;False
64,49;0,1443;-0,0008;0,3701;False
64,49;0,1443;-0,0008;0,3701;False
64,50;0,1439;-0,0008;0,3702;False
64,51;0,1439;-0,0008;0,3702;False
64,51;0,1439;-0,0008;0,3702;False
64,52;0,1439;-0,0008;0,3702;False
64,53;0,1435;-0,0008;0,3703;False
64,53;0,1435;-0,0008;0,3703;False
64,54;0,1430;-0,0008;0,3704;False
64,55;0,1430;-0,0008;0,3704;False
64,55;0,1430;-0,0008;0,3704;False
64,56;0,1430;-0,0008;0,3704;False
64,57;0,1426;-0,0008;0,3705;False
64,58;0,1426;-0,0008;0,3705;False
64,58;0,1422;-0,0008;0,3706;False
64,59;0,1422;-0,0008;0,3706;False
64,59;0,1422;-0,0008;0,3706;False
64,61;0,1419;-0,0008;0,3707;False
64,61;0,1419;-0,0008;0,3707;False
64,62;0,1415;-0,0008;0,3708;False
64,63;0,1415;-0,0008;0,3708;False
64,64;0,1415;-0,0008;0,3708;False
64,64;0,1412;-0,0008;0,3709;False
64,65;0,1412;-0,0008;0,3709;False
64,66;0,1409;-0,0008;0,3710;False
64,67;0,1409;-0,0008;0,3710;False
64,68;0,1409;-0,0008;0,3710;False
64,68;0,1405;-0,0008;0,3711;False
64,69;0,1405;-0,0008;0,3711;False
64,70;0,1402;-0,0008;0,3712;False
64,71;0,1402;-0,0008;0,3712;False
64,71;0,1402;-0,0008;0,3712;False
64,72;0,1402;-0,0008;0,3712;False
64,72;0,1400;-0,0008;0,3713;False
64,73;0,1400;-0,0008;0,3713;False
64,74;0,1400;-0,0008;0,3713;False
64,74;0,1399;-0,0008;0,3713;False
64,75;0,1399;-0,0008;0,3713;False
64,75;0,1399;-0,0008;0,3713;False
64,76;0,1399;-0,0008;0,3713;False
64,77;0,1413;-0,0008;0,3709;False
64,77;0,1413;-0,0008;0,3709;False
64,78;0,1413;-0,0008;0,3709;False
64,78;0,1444;-0,0008;0,3700;False
64,79;0,1444;-0,0008;0,3700;False
64,79;0,1444;-0,0008;0,3700;False
64,80;0,1444;-0,0008;0,3700;False
64,80;0,1497;-0,0008;0,3686;False
64,81;0,1497;-0,0008;0,3686;False
64,81;0,1497;-0,0008;0,3686;False
64,81;0,1497;-0,0008;0,3686;False
64,82;0,1497;-0,0008;0,3686;False
64,82;0,1560;-0,0008;0,3668;False
64,83;0,1560;-0,0008;0,3668;False
64,83;0,1560;-0,0008;0,3668;False
64,84;0,1560;-0,0008;0,3668;False
64,84;0,1635;-0,0008;0,3647;False
64,85;0,1635;-0,0008;0,3647;False
64,85;0,1635;-0,0008;0,3647;False
64,85;0,1635;-0,0008;0,3647;False
64,86;0,1635;-0,0008;0,3647;False
64,86;0,1711;-0,0008;0,3625;False
64,87;0,1711;-0,0008;0,3625;False
64,87;0,1711;-0,0008;0,3625;False
64,88;0,1711;-0,0008;0,3625;False
64,88;0,1774;-0,0009;0,3610;False
64,89;0,1774;-0,0009;0,3610;False
64,89;0,1774;-0,0009;0,3610;False
64,90;0,1774;-0,0009;0,3610;False
64,91;0,1825;-0,0013;0,3598;False
64,91;0,1825;-0,0013;0,3598;False
64,91;0,1825;-0,0013;0,3598;False
64,92;0,1873;-0,0018;0,3586;False
64,93;0,1873;-0,0018;0,3586;False
64,93;0,1873;-0,0018;0,3586;False
64,94;0,1873;-0,0018;0,3586;False
64,94;0,1919;-0,0023;0,3575;False
64,94;0,1919;-0,0023;0,3575;False
64,95;0,1919;-0,0023;0,3575;False
64,95;0,1919;-0,0023;0,3575;False
64,96;0,1919;-0,0023;0,3575;False
64,96;0,1955;-0,0026;0,3566;False
64,97;0,1955;-0,0026;0,3566;False
64,97;0,1955;-0,0026;0,3566;False
64,98;0,1955;-0,0026;0,3566;False
64,98;0,1955;-0,0026;0,3566;False
64,98;0,1980;-0,0028;0,3560;False
64,99;0,1980;-0,0028;0,3560;False
64,99;0,1980;-0,0028;0,3560;False
65,00;0,1980;-0,0028;0,3560;False
65,00;0,1990;-0,0029;0,3559;False
65,01;0,1990;-0,0029;0,3559;False
65,01;0,1990;-0,0029;0,3559;False
65,02;0,1990;-0,0029;0,3559;False
65,02;0,1990;-0,0029;0,3559;False
65,02;0,1988;-0,0032;0,3565;False
65,03;0,1988;-0,0032;0,3565;False
65,04;0,1988;-0,0032;0,3565;False
65,04;0,1971;-0,0035;0,3574;False
65,04;0,1971;-0,0035;0,3574;False
65,05;0,1971;-0,0035;0,3574;False
65,05;0,1971;-0,0035;0,3574;False
65,06;0,1971;-0,0035;0,3574;False
65,06;0,1945;-0,0037;0,3587;False
65,07;0,1945;-0,0037;0,3587;False
65,07;0,1945;-0,0037;0,3587;False
65,08;0,1945;-0,0037;0,3587;False
65,08;0,1945;-0,0037;0,3587;False
65,08;0,1911;-0,0036;0,3599;False
65,09;0,1911;-0,0036;0,3599;False
65,09;0,1911;-0,0036;0,3599;False
65,10;0,1911;-0,0036;0,3599;False
65,10;0,1870;-0,0034;0,3613;False
65,11;0,1870;-0,0034;0,3613;False
65,11;0,1870;-0,0034;0,3613;False
65,12;0,1870;-0,0034;0,3613;False
65,12;0,1819;-0,0031;0,3630;False
65,13;0,1819;-0,0031;0,3630;False
65,14;0,1819;-0,0031;0,3630;False
65,14;0,1819;-0,0031;0,3630;False
65,14;0,1754;-0,0029;0,3653;False
65,15;0,1754;-0,0029;0,3653;False
65,15;0,1754;-0,0029;0,3653;False
65,16;0,1754;-0,0029;0,3653;False
65,16;0,1676;-0,0032;0,3673;False
65,17;0,1676;-0,0032;0,3673;False
65,17;0,1676;-0,0032;0,3673;False
65,17;0,1676;-0,0032;0,3673;False
65,18;0,1676;-0,0032;0,3673;False
65,18;0,1581;-0,0027;0,3705;False
65,19;0,1581;-0,0027;0,3705;False
65,19;0,1581;-0,0027;0,3705;False
65,20;0,1581;-0,0027;0,3705;False
65,20;0,1468;-0,0023;0,3744;False
65,21;0,1468;-0,0023;0,3744;False
65,21;0,1468;-0,0023;0,3744;False
65,21;0,1468;-0,0023;0,3744;False
65,22;0,1468;-0,0023;0,3744;False
65,22;0,1337;-0,0020;0,3790;False
65,23;0,1337;-0,0020;0,3790;False
65,24;0,1337;-0,0020;0,3790;False
65,25;0,1207;-0,0017;0,3834;False
65,26;0,1207;-0,0017;0,3834;False
65,26;0,1071;-0,0014;0,3881;False
65,27;0,1071;-0,0014;0,3881;False
65,28;0,0934;-0,0012;0,3929;False
65,29;0,0934;-0,0012;0,3929;False
65,30;0,0934;-0,0012;0,3929;False
65,31;0,0802;-0,0011;0,3975;False
65,32;0,0802;-0,0011;0,3975;False
65,32;0,0676;-0,0010;0,4019;False
65,33;0,0676;-0,0010;0,4019;False
65,34;0,0545;-0,0009;0,4064;False
65,35;0,0545;-0,0009;0,4064;False
65,36;0,0545;-0,0009;0,4064;False
65,39;0,0276;-0,0008;0,4159;False
65,40;0,0276;-0,0008;0,4159;False
65,41;0,0150;-0,0007;0,4203;False
65,41;0,0150;-0,0007;0,4203;False
65,41;0,0150;-0,0007;0,4203;False
65,42;0,0150;-0,0007;0,4203;False
65,42;0,0020;-0,0007;0,4249;False
65,43;0,0020;-0,0007;0,4249;False
65,43;0,0020;-0,0007;0,4249;False
65,44;0,0020;-0,0007;0,4249;False
65,44;-0,0117;-0,0007;0,4298;False
65,45;-0,0117;-0,0007;0,4298;False
65,45;-0,0117;-0,0007;0,4298;False
65,46;-0,0117;-0,0007;0,4298;False
65,46;-0,0249;-0,0007;0,4344;False
65,47;-0,0249;-0,0007;0,4344;False
65,47;-0,0249;-0,0007;0,4344;False
65,48;-0,0249;-0,0007;0,4344;False
65,48;-0,0249;-0,0007;0,4344;False
65,48;-0,0375;-0,0007;0,4389;False
65,49;-0,0375;-0,0007;0,4389;False
65,50;-0,0375;-0,0007;0,4389;False
65,50;-0,0375;-0,0007;0,4389;False
65,50;-0,0506;-0,0007;0,4436;False
65,51;-0,0506;-0,0007;0,4436;False
65,51;-0,0506;-0,0007;0,4436;False
65,52;-0,0506;-0,0007;0,4436;False
65,52;-0,0643;-0,0007;0,4485;False
65,53;-0,0643;-0,0007;0,4485;False
65,53;-0,0643;-0,0007;0,4485;False
65,54;-0,0643;-0,0007;0,4485;False
65,54;-0,0775;-0,0007;0,4532;False
65,55;-0,0775;-0,0007;0,4532;False
65,55;-0,0775;-0,0007;0,4532;False
65,55;-0,0775;-0,0007;0,4532;False
65,56;-0,0901;-0,0008;0,4577;False
65,56;-0,0901;-0,0008;0,4577;False
65,57;-0,0901;-0,0008;0,4577;False
65,57;-0,0901;-0,0008;0,4577;False
65,58;-0,0901;-0,0008;0,4577;False
65,58;-0,0901;-0,0008;0,4577;False
65,58;-0,1031;-0,0008;0,4624;False
65,59;-0,1031;-0,0008;0,4624;False
65,59;-0,1031;-0,0008;0,4624;False
65,60;-0,1031;-0,0008;0,4624;False
65,60;-0,1169;-0,0008;0,4673;False
65,61;-0,1169;-0,0008;0,4673;False
65,61;-0,1169;-0,0008;0,4673;False
65,61;-0,1169;-0,0008;0,4673;False
65,62;-0,1169;-0,0008;0,4673;False
65,62;-0,1300;-0,0008;0,4721;False
65,63;-0,1300;-0,0008;0,4721;False
65,63;-0,1300;-0,0008;0,4721;False
65,63;-0,1300;-0,0008;0,4721;False
65,64;-0,1427;-0,0008;0,4767;False
65,65;-0,1426;-0,0008;0,4767;False
65,65;-0,1426;-0,0008;0,4767;False
65,66;-0,1426;-0,0008;0,4767;False
65,66;-0,1557;-0,0008;0,4814;False
65,67;-0,1557;-0,0008;0,4814;False
65,68;-0,1557;-0,0008;0,4814;False
65,68;-0,1557;-0,0008;0,4814;False
65,68;-0,1694;-0,0008;0,4864;False
65,69;-0,1694;-0,0008;0,4864;False
65,69;-0,1694;-0,0008;0,4864;False
65,70;-0,1694;-0,0008;0,4864;False
65,70;-0,1826;-0,0008;0,4912;False
65,71;-0,1826;-0,0008;0,4912;False
65,71;-0,1826;-0,0008;0,4912;False
65,72;-0,1826;-0,0008;0,4912;False
65,72;-0,1826;-0,0008;0,4912;False
65,72;-0,1952;-0,0008;0,4958;False
65,73;-0,1952;-0,0008;0,4958;False
65,74;-0,1952;-0,0008;0,4958;False
65,74;-0,2083;-0,0008;0,5006;False
65,75;-0,2083;-0,0008;0,5006;False
65,75;-0,2083;-0,0008;0,5006;False
65,75;-0,2083;-0,0008;0,5006;False
65,76;-0,2083;-0,0008;0,5006;False
65,76;-0,2220;-0,0008;0,5056;False
65,77;-0,2220;-0,0008;0,5056;False
65,77;-0,2220;-0,0008;0,5056;False
65,78;-0,2220;-0,0008;0,5056;False
65,78;-0,2352;-0,0008;0,5105;False
65,79;-0,2352;-0,0008;0,5105;False
65,79;-0,2352;-0,0008;0,5105;False
65,80;-0,2478;-0,0008;0,5151;False
65,81;-0,2478;-0,0008;0,5151;False
65,81;-0,2478;-0,0008;0,5151;False
65,82;-0,2478;-0,0008;0,5151;False
65,82;-0,2608;-0,0008;0,5199;False
65,83;-0,2608;-0,0008;0,5199;False
65,83;-0,2608;-0,0008;0,5199;False
65,84;-0,2608;-0,0008;0,5199;False
65,84;-0,2746;-0,0008;0,5250;False
65,84;-0,2746;-0,0008;0,5250;False
65,85;-0,2746;-0,0008;0,5250;False
65,85;-0,2746;-0,0008;0,5250;False
65,86;-0,2746;-0,0008;0,5250;False
65,86;-0,2877;-0,0008;0,5299;False
65,87;-0,2877;-0,0008;0,5299;False
65,87;-0,2877;-0,0008;0,5299;False
65,88;-0,2877;-0,0008;0,5299;False
65,88;-0,2877;-0,0008;0,5299;False
65,88;-0,3003;-0,0008;0,5346;False
65,89;-0,3003;-0,0008;0,5346;False
65,90;-0,3003;-0,0008;0,5346;False
65,91;-0,3121;-0,0008;0,5390;False
65,91;-0,3121;-0,0008;0,5390;False
65,92;-0,3121;-0,0008;0,5390;False
65,93;-0,3234;-0,0008;0,5432;False
65,94;-0,3234;-0,0008;0,5432;False
65,94;-0,3343;-0,0008;0,5473;False
65,95;-0,3343;-0,0008;0,5473;False
65,96;-0,3343;-0,0008;0,5473;False
65,96;-0,3447;-0,0008;0,5512;False
65,97;-0,3447;-0,0008;0,5512;False
65,98;-0,3447;-0,0008;0,5512;False
65,98;-0,3547;-0,0008;0,5549;False
65,99;-0,3547;-0,0008;0,5549;False
66,00;-0,3547;-0,0008;0,5549;False
66,00;-0,3640;-0,0008;0,5584;False
66,01;-0,3640;-0,0008;0,5584;False
66,01;-0,3640;-0,0008;0,5584;False
66,02;-0,3729;-0,0008;0,5618;False
66,03;-0,3729;-0,0008;0,5618;False
66,03;-0,3729;-0,0008;0,5618;False
66,04;-0,3729;-0,0008;0,5618;False
66,05;-0,3815;-0,0008;0,5650;False
66,05;-0,3815;-0,0008;0,5650;False
66,06;-0,3815;-0,0008;0,5650;False
66,06;-0,3898;-0,0008;0,5682;False
66,07;-0,3898;-0,0008;0,5682;False
66,08;-0,3898;-0,0008;0,5682;False
66,09;-0,3976;-0,0008;0,5711;False
66,09;-0,3976;-0,0008;0,5711;False
66,10;-0,3976;-0,0008;0,5711;False
66,11;-0,4050;-0,0008;0,5740;False
66,11;-0,4050;-0,0008;0,5740;False
66,12;-0,4050;-0,0008;0,5740;False
66,12;-0,4121;-0,0008;0,5766;False
66,13;-0,4121;-0,0008;0,5766;False
66,13;-0,4121;-0,0008;0,5766;False
66,14;-0,4121;-0,0008;0,5766;False
66,14;-0,4189;-0,0008;0,5792;False
66,15;-0,4189;-0,0008;0,5792;False
66,15;-0,4189;-0,0008;0,5792;False
66,16;-0,4189;-0,0008;0,5792;False
66,16;-0,4254;-0,0008;0,5817;False
66,17;-0,4254;-0,0008;0,5817;False
66,18;-0,4254;-0,0008;0,5817;False
66,18;-0,4317;-0,0008;0,5841;False
66,19;-0,4317;-0,0008;0,5841;False
66,20;-0,4317;-0,0008;0,5841;False
66,20;-0,4376;-0,0008;0,5863;False
66,21;-0,4376;-0,0008;0,5863;False
66,21;-0,4376;-0,0008;0,5863;False
66,22;-0,4432;-0,0008;0,5885;False
66,23;-0,4432;-0,0008;0,5885;False
66,23;-0,4432;-0,0008;0,5885;False
66,24;-0,4486;-0,0008;0,5905;False
66,25;-0,4486;-0,0008;0,5905;False
66,25;-0,4486;-0,0008;0,5905;False
66,26;-0,4486;-0,0008;0,5905;False
66,26;-0,4543;-0,0008;0,5927;False
66,27;-0,4543;-0,0008;0,5927;False
66,27;-0,4543;-0,0008;0,5927;False
66,28;-0,4543;-0,0008;0,5927;False
66,28;-0,4543;-0,0008;0,5927;False
66,28;-0,4619;-0,0008;0,5956;False
66,29;-0,4619;-0,0008;0,5956;False
66,30;-0,4619;-0,0008;0,5956;False
66,30;-0,4619;-0,0008;0,5956;False
66,30;-0,4714;-0,0008;0,5993;False
66,31;-0,4714;-0,0008;0,5993;False
66,31;-0,4714;-0,0008;0,5993;False
66,32;-0,4714;-0,0008;0,5993;False
66,32;-0,4819;-0,0008;0,6033;False
66,33;-0,4819;-0,0008;0,6033;False
66,33;-0,4819;-0,0008;0,6033;False
66,34;-0,4819;-0,0008;0,6033;False
66,34;-0,4939;-0,0008;0,6079;False
66,35;-0,4939;-0,0008;0,6079;False
66,35;-0,4939;-0,0008;0,6079;False
66,35;-0,4939;-0,0008;0,6079;False
66,36;-0,5063;-0,0008;0,6127;False
66,36;-0,5063;-0,0008;0,6127;False
66,37;-0,5063;-0,0008;0,6127;False
66,37;-0,5063;-0,0008;0,6127;False
66,38;-0,5063;-0,0008;0,6127;False
66,38;-0,5192;-0,0008;0,6178;False
66,39;-0,5192;-0,0008;0,6178;False
66,39;-0,5192;-0,0008;0,6178;False
66,40;-0,5192;-0,0008;0,6178;False
66,40;-0,5322;-0,0008;0,6228;False
66,40;-0,5322;-0,0008;0,6228;False
66,41;-0,5322;-0,0008;0,6228;False
66,41;-0,5322;-0,0008;0,6228;False
66,42;-0,5322;-0,0008;0,6228;False
66,42;-0,5455;-0,0008;0,6280;False
66,42;-0,5455;-0,0008;0,6280;False
66,43;-0,5455;-0,0008;0,6280;False
66,43;-0,5455;-0,0008;0,6280;False
66,44;-0,5593;-0,0008;0,6333;False
66,45;-0,5593;-0,0008;0,6333;False
66,45;-0,5593;-0,0008;0,6333;False
66,45;-0,5593;-0,0008;0,6333;False
66,46;-0,5593;-0,0008;0,6333;False
66,46;-0,5728;-0,0008;0,6386;False
66,47;-0,5728;-0,0008;0,6386;False
66,48;-0,5728;-0,0008;0,6386;False
66,48;-0,5728;-0,0008;0,6386;False
66,48;-0,5837;-0,0008;0,6430;False
66,49;-0,5837;-0,0008;0,6430;False
66,49;-0,5837;-0,0008;0,6430;False
66,50;-0,5837;-0,0008;0,6430;False
66,50;-0,5911;-0,0010;0,6463;False
66,51;-0,5911;-0,0010;0,6463;False
66,51;-0,5911;-0,0010;0,6463;False
66,52;-0,5911;-0,0010;0,6463;False
66,52;-0,5955;-0,0011;0,6483;False
66,53;-0,5955;-0,0011;0,6483;False
66,53;-0,5955;-0,0011;0,6483;False
66,54;-0,5955;-0,0011;0,6483;False
66,54;-0,5986;-0,0009;0,6498;False
66,55;-0,5986;-0,0009;0,6498;False
66,55;-0,5986;-0,0009;0,6498;False
66,55;-0,5986;-0,0009;0,6498;False
66,56;-0,5986;-0,0009;0,6498;False
66,56;-0,6001;-0,0004;0,6506;False
66,57;-0,6001;-0,0004;0,6506;False
66,57;-0,6001;-0,0004;0,6506;False
66,58;-0,6001;-0,0004;0,6506;False
66,58;-0,6004;0,0001;0,6507;False
66,59;-0,6004;0,0001;0,6507;False
66,59;-0,6004;0,0001;0,6507;False
66,60;-0,6004;0,0001;0,6507;False
66,60;-0,5990;-0,0004;0,6500;False
66,61;-0,5990;-0,0004;0,6500;False
66,61;-0,5990;-0,0004;0,6500;False
66,61;-0,5990;-0,0004;0,6500;False
66,62;-0,5990;-0,0004;0,6500;False
66,62;-0,5966;-0,0008;0,6488;False
66,63;-0,5966;-0,0008;0,6488;False
66,63;-0,5966;-0,0008;0,6488;False
66,64;-0,5966;-0,0008;0,6488;False
66,64;-0,5929;-0,0012;0,6469;False
66,65;-0,5929;-0,0012;0,6469;False
66,65;-0,5929;-0,0012;0,6469;False
66,65;-0,5929;-0,0012;0,6469;False
66,66;-0,5929;-0,0012;0,6469;False
66,66;-0,5877;-0,0014;0,6444;False
66,67;-0,5877;-0,0014;0,6444;False
66,67;-0,5877;-0,0014;0,6444;False
66,68;-0,5877;-0,0014;0,6444;False
66,68;-0,5809;-0,0016;0,6411;False
66,69;-0,5809;-0,0016;0,6411;False
66,69;-0,5809;-0,0016;0,6411;False
66,70;-0,5809;-0,0016;0,6411;False
66,70;-0,5720;-0,0017;0,6367;False
66,71;-0,5720;-0,0017;0,6367;False
66,71;-0,5720;-0,0017;0,6367;False
66,71;-0,5720;-0,0017;0,6367;False
66,72;-0,5612;-0,0017;0,6314;False
66,73;-0,5612;-0,0017;0,6314;False
66,73;-0,5613;-0,0017;0,6314;False
66,74;-0,5613;-0,0017;0,6314;False
66,74;-0,5485;-0,0017;0,6252;False
66,75;-0,5485;-0,0017;0,6252;False
66,75;-0,5485;-0,0017;0,6252;False
66,75;-0,5485;-0,0017;0,6252;False
66,76;-0,5338;-0,0016;0,6180;False
66,77;-0,5338;-0,0016;0,6180;False
66,77;-0,5338;-0,0016;0,6180;False
66,77;-0,5338;-0,0016;0,6180;False
66,78;-0,5338;-0,0016;0,6180;False
66,78;-0,5171;-0,0016;0,6099;False
66,79;-0,5171;-0,0016;0,6099;False
66,79;-0,5171;-0,0016;0,6099;False
66,80;-0,5171;-0,0016;0,6099;False
66,80;-0,4983;-0,0015;0,6007;False
66,81;-0,4983;-0,0015;0,6007;False
66,81;-0,4983;-0,0015;0,6007;False
66,81;-0,4983;-0,0015;0,6007;False
66,82;-0,4983;-0,0015;0,6007;False
66,82;-0,4772;-0,0014;0,5905;False
66,83;-0,4772;-0,0014;0,5905;False
66,83;-0,4772;-0,0014;0,5905;False
66,84;-0,4772;-0,0014;0,5905;False
66,84;-0,4541;-0,0013;0,5793;False
66,85;-0,4541;-0,0013;0,5793;False
66,85;-0,4541;-0,0013;0,5793;False
66,86;-0,4541;-0,0013;0,5793;False
66,86;-0,4289;-0,0013;0,5672;False
66,87;-0,4289;-0,0013;0,5672;False
66,88;-0,4289;-0,0013;0,5672;False
66,88;-0,4289;-0,0013;0,5672;False
66,88;-0,4017;-0,0012;0,5541;False
66,89;-0,4017;-0,0012;0,5541;False
66,89;-0,4017;-0,0012;0,5541;False
66,90;-0,4017;-0,0012;0,5541;False
66,91;-0,3727;-0,0011;0,5402;False
66,91;-0,3727;-0,0011;0,5402;False
66,92;-0,3419;-0,0011;0,5255;False
66,93;-0,3419;-0,0011;0,5255;False
66,94;-0,3419;-0,0011;0,5255;False
66,94;-0,3093;-0,0010;0,5100;False
66,95;-0,3093;-0,0010;0,5100;False
66,95;-0,3093;-0,0010;0,5100;False
66,95;-0,3093;-0,0010;0,5100;False
66,96;-0,3093;-0,0010;0,5100;False
66,96;-0,2752;-0,0010;0,4939;False
66,97;-0,2752;-0,0010;0,4939;False
66,97;-0,2752;-0,0010;0,4939;False
66,98;-0,2752;-0,0010;0,4939;False
66,98;-0,2395;-0,0010;0,4771;False
66,98;-0,2395;-0,0010;0,4771;False
66,99;-0,2395;-0,0010;0,4771;False
66,99;-0,2395;-0,0010;0,4771;False
67,00;-0,2395;-0,0010;0,4771;False
67,00;-0,2024;-0,0009;0,4596;False
67,01;-0,2024;-0,0009;0,4596;False
67,01;-0,2024;-0,0009;0,4596;False
67,02;-0,2024;-0,0009;0,4596;False
67,02;-0,2024;-0,0009;0,4596;False
67,02;-0,1660;-0,0009;0,4427;False
67,03;-0,1660;-0,0009;0,4427;False
67,03;-0,1660;-0,0009;0,4427;False
67,04;-0,1660;-0,0009;0,4427;False
67,04;-0,1312;-0,0009;0,4265;False
67,05;-0,1312;-0,0009;0,4265;False
67,05;-0,1312;-0,0009;0,4265;False
67,06;-0,1312;-0,0009;0,4265;False
67,06;-0,0957;-0,0009;0,4101;False
67,07;-0,0957;-0,0009;0,4101;False
67,07;-0,0957;-0,0009;0,4101;False
67,08;-0,0957;-0,0009;0,4101;False
67,08;-0,0588;-0,0009;0,3931;False
67,09;-0,0588;-0,0009;0,3931;False
67,09;-0,0588;-0,0009;0,3931;False
67,10;-0,0588;-0,0009;0,3931;False
67,10;-0,0226;-0,0008;0,3765;False
67,11;-0,0226;-0,0008;0,3765;False
67,11;-0,0226;-0,0008;0,3765;False
67,11;-0,0226;-0,0008;0,3765;False
67,12;-0,0226;-0,0008;0,3765;False
67,12;0,0141;-0,0008;0,3598;False
67,13;0,0141;-0,0008;0,3598;False
67,13;0,0141;-0,0008;0,3598;False
67,14;0,0141;-0,0008;0,3598;False
67,14;0,0500;-0,0008;0,3436;False
67,15;0,0500;-0,0008;0,3436;False
67,15;0,0500;-0,0008;0,3436;False
67,15;0,0500;-0,0008;0,3436;False
67,16;0,0865;-0,0008;0,3271;False
67,16;0,0865;-0,0008;0,3271;False
67,17;0,0865;-0,0008;0,3271;False
67,17;0,0865;-0,0008;0,3271;False
67,18;0,0865;-0,0008;0,3271;False
67,18;0,0865;-0,0008;0,3271;False
67,18;0,1222;-0,0008;0,3111;False
67,19;0,1222;-0,0008;0,3111;False
67,20;0,1222;-0,0008;0,3111;False
67,20;0,1222;-0,0008;0,3111;False
67,20;0,1585;-0,0008;0,2950;False
67,21;0,1585;-0,0008;0,2950;False
67,21;0,1585;-0,0008;0,2950;False
67,22;0,1585;-0,0008;0,2950;False
67,22;0,1585;-0,0008;0,2950;False
67,22;0,1904;-0,0010;0,2806;False
67,23;0,1904;-0,0010;0,2806;False
67,23;0,1904;-0,0010;0,2806;False
67,24;0,1904;-0,0010;0,2806;False
67,24;0,2047;-0,0045;0,2776;False
67,25;0,2047;-0,0045;0,2776;False
67,25;0,2047;-0,0045;0,2776;False
67,26;0,2047;-0,0045;0,2776;False
67,26;0,2047;-0,0045;0,2776;False
67,26;0,2101;-0,0034;0,2804;False
67,27;0,2101;-0,0034;0,2804;False
67,27;0,2101;-0,0034;0,2804;False
67,28;0,2101;-0,0034;0,2804;False
67,28;0,2136;-0,0040;0,2828;False
67,29;0,2136;-0,0040;0,2828;False
67,29;0,2136;-0,0040;0,2828;False
67,30;0,2136;-0,0040;0,2828;False
67,31;0,2152;-0,0032;0,2844;False
67,31;0,2152;-0,0032;0,2844;False
67,32;0,2161;-0,0032;0,2847;False
67,33;0,2161;-0,0032;0,2847;False
67,33;0,2161;-0,0032;0,2847;False
67,34;0,2166;-0,0032;0,2850;False
67,35;0,2166;-0,0032;0,2850;False
67,36;0,2166;-0,0032;0,2850;False
67,36;0,2170;-0,0031;0,2853;False
67,37;0,2170;-0,0031;0,2853;False
67,38;0,2170;-0,0031;0,2853;False
67,38;0,2170;-0,0031;0,2853;False
67,38;0,2173;-0,0031;0,2855;False
67,39;0,2173;-0,0031;0,2855;False
67,39;0,2173;-0,0031;0,2855;False
67,40;0,2176;-0,0031;0,2857;False
67,41;0,2176;-0,0031;0,2857;False
67,41;0,2176;-0,0031;0,2857;False
67,42;0,2176;-0,0031;0,2857;False
67,42;0,2179;-0,0031;0,2859;False
67,43;0,2179;-0,0031;0,2859;False
67,44;0,2179;-0,0031;0,2859;False
67,44;0,2181;-0,0031;0,2862;False
67,45;0,2181;-0,0031;0,2862;False
67,45;0,2181;-0,0031;0,2862;False
67,45;0,2181;-0,0031;0,2862;False
67,46;0,2181;-0,0031;0,2862;False
67,46;0,2183;-0,0031;0,2863;False
67,47;0,2183;-0,0031;0,2863;False
67,47;0,2183;-0,0031;0,2863;False
67,48;0,2183;-0,0031;0,2863;False
67,48;0,2183;-0,0031;0,2863;False
67,48;0,2186;-0,0031;0,2865;False
67,49;0,2186;-0,0031;0,2865;False
67,50;0,2186;-0,0031;0,2865;False
67,50;0,2188;-0,0032;0,2867;False
67,51;0,2188;-0,0032;0,2867;False
67,51;0,2188;-0,0032;0,2867;False
67,52;0,2188;-0,0032;0,2867;False
67,52;0,2189;-0,0032;0,2869;False
67,53;0,2189;-0,0032;0,2869;False
67,53;0,2189;-0,0032;0,2869;False
67,54;0,2189;-0,0032;0,2869;False
67,54;0,2191;-0,0032;0,2870;False
67,55;0,2191;-0,0032;0,2870;False
67,56;0,2191;-0,0032;0,2870;False
67,56;0,2193;-0,0032;0,2871;False
67,57;0,2193;-0,0032;0,2871;False
67,57;0,2193;-0,0032;0,2871;False
67,58;0,2193;-0,0032;0,2871;False
67,58;0,2195;-0,0032;0,2873;False
67,59;0,2195;-0,0032;0,2873;False
67,60;0,2195;-0,0032;0,2873;False
67,60;0,2198;-0,0032;0,2875;False
67,61;0,2198;-0,0032;0,2875;False
67,61;0,2198;-0,0032;0,2875;False
67,61;0,2198;-0,0032;0,2875;False
67,62;0,2200;-0,0032;0,2876;False
67,63;0,2200;-0,0032;0,2876;False
67,63;0,2200;-0,0032;0,2876;False
67,64;0,2200;-0,0032;0,2876;False
67,65;0,2202;-0,0032;0,2878;False
67,65;0,2202;-0,0032;0,2878;False
67,66;0,2202;-0,0032;0,2878;False
67,66;0,2204;-0,0032;0,2879;False
67,67;0,2204;-0,0032;0,2879;False
67,68;0,2204;-0,0032;0,2879;False
67,68;0,2207;-0,0032;0,2881;False
67,69;0,2207;-0,0032;0,2881;False
67,69;0,2207;-0,0032;0,2881;False
67,70;0,2207;-0,0032;0,2881;False
67,71;0,2208;-0,0032;0,2882;False
67,71;0,2208;-0,0032;0,2882;False
67,72;0,2208;-0,0032;0,2882;False
67,72;0,2208;-0,0032;0,2883;False
67,73;0,2208;-0,0032;0,2883;False
67,75;0,2202;-0,0033;0,2884;False
67,76;0,2193;-0,0034;0,2888;False
67,77;0,2193;-0,0034;0,2888;False
67,78;0,2193;-0,0034;0,2888;False
67,78;0,2182;-0,0036;0,2892;False
67,79;0,2182;-0,0036;0,2892;False
67,80;0,2170;-0,0039;0,2898;False
67,81;0,2170;-0,0039;0,2898;False
67,82;0,2170;-0,0039;0,2898;False
67,83;0,2156;-0,0042;0,2904;False
67,83;0,2156;-0,0042;0,2904;False
67,84;0,2156;-0,0042;0,2904;False
67,84;0,2141;-0,0045;0,2910;False
67,85;0,2141;-0,0045;0,2910;False
67,85;0,2141;-0,0045;0,2910;False
67,85;0,2141;-0,0045;0,2910;False
67,86;0,2141;-0,0045;0,2910;False
67,87;0,2127;-0,0047;0,2917;False
67,87;0,2127;-0,0047;0,2917;False
67,87;0,2127;-0,0047;0,2917;False
67,88;0,2127;-0,0047;0,2917;False
67,88;0,2114;-0,0047;0,2923;False
67,89;0,2114;-0,0047;0,2923;False
67,90;0,2114;-0,0047;0,2923;False
67,90;0,2114;-0,0047;0,2923;False
67,90;0,2103;-0,0045;0,2930;False
67,91;0,2103;-0,0045;0,2930;False
67,91;0,2103;-0,0045;0,2930;False
67,92;0,2103;-0,0045;0,2930;False
67,92;0,2093;-0,0042;0,2938;False
67,93;0,2093;-0,0042;0,2938;False
67,94;0,2093;-0,0042;0,2938;False
67,94;0,2083;-0,0038;0,2945;False
67,95;0,2083;-0,0038;0,2945;False
67,96;0,2083;-0,0038;0,2945;False
67,96;0,2074;-0,0035;0,2952;False
67,97;0,2074;-0,0035;0,2952;False
67,98;0,2074;-0,0035;0,2952;False
67,98;0,2064;-0,0031;0,2959;False
67,99;0,2064;-0,0031;0,2959;False
68,00;0,2056;-0,0027;0,2965;False
68,01;0,2056;-0,0027;0,2965;False
68,01;0,2056;-0,0027;0,2965;False
68,02;0,2056;-0,0027;0,2965;False
68,03;0,2047;-0,0024;0,2971;False
68,04;0,2047;-0,0024;0,2971;False
68,05;0,2039;-0,0021;0,2977;False
68,05;0,2039;-0,0021;0,2977;False
68,06;0,2039;-0,0021;0,2977;False
68,06;0,2032;-0,0018;0,2983;False
68,07;0,2032;-0,0018;0,2983;False
68,08;0,2032;-0,0018;0,2983;False
68,08;0,2024;-0,0016;0,2988;False
68,09;0,2024;-0,0016;0,2988;False
68,10;0,2024;-0,0016;0,2988;False
68,11;0,2017;-0,0014;0,2993;False
68,12;0,2010;-0,0012;0,2998;False
68,13;0,2010;-0,0012;0,2998;False
68,13;0,2010;-0,0012;0,2998;False
68,14;0,2004;-0,0011;0,3003;False
68,15;0,2004;-0,0011;0,3003;False
68,16;0,2004;-0,0011;0,3003;False
68,16;0,1997;-0,0010;0,3007;False
68,17;0,1997;-0,0010;0,3007;False
68,17;0,1997;-0,0010;0,3007;False
68,18;0,1997;-0,0010;0,3007;False
68,18;0,1991;-0,0009;0,3012;False
68,19;0,1991;-0,0009;0,3012;False
68,19;0,1991;-0,0009;0,3012;False
68,20;0,1987;0,0003;0,3019;False
68,21;0,1987;0,0003;0,3019;False
68,21;0,1987;0,0003;0,3019;False
68,21;0,1987;0,0003;0,3019;False
68,22;0,1987;0,0003;0,3019;False
68,22;0,1996;0,0000;0,3012;False
68,23;0,1996;0,0000;0,3012;False
68,24;0,1996;0,0000;0,3012;False
68,24;0,2024;-0,0003;0,2992;False
68,25;0,2024;-0,0003;0,2992;False
68,25;0,2024;-0,0003;0,2992;False
68,25;0,2024;-0,0003;0,2992;False
68,26;0,2024;-0,0003;0,2992;False
68,27;0,2075;-0,0005;0,2955;False
68,27;0,2075;-0,0005;0,2955;False
68,28;0,2075;-0,0005;0,2955;False
68,28;0,2134;-0,0007;0,2914;False
68,29;0,2134;-0,0007;0,2914;False
68,30;0,2134;-0,0007;0,2914;False
68,30;0,2168;-0,0018;0,2889;False
68,31;0,2168;-0,0018;0,2889;False
68,32;0,2168;-0,0018;0,2889;False
68,32;0,2185;-0,0035;0,2886;False
68,33;0,2185;-0,0035;0,2886;False
68,34;0,2185;-0,0035;0,2886;False
68,34;0,2193;-0,0051;0,2884;False
68,35;0,2193;-0,0051;0,2884;False
68,35;0,2193;-0,0051;0,2884;False
68,37;0,2192;-0,0043;0,2885;False
68,37;0,2192;-0,0043;0,2885;False
68,38;0,2192;-0,0043;0,2885;False
68,39;0,2192;-0,0049;0,2883;False
68,39;0,2192;-0,0049;0,2883;False
68,40;0,2190;-0,0043;0,2884;False
68,41;0,2190;-0,0043;0,2884;False
68,42;0,2190;-0,0043;0,2884;False
68,42;0,2187;-0,0046;0,2885;False
68,43;0,2187;-0,0046;0,2885;False
68,43;0,2187;-0,0046;0,2885;False
68,44;0,2183;-0,0045;0,2884;False
68,45;0,2183;-0,0045;0,2884;False
68,46;0,2183;-0,0045;0,2884;False
68,46;0,2177;-0,0046;0,2885;False
68,47;0,2177;-0,0046;0,2885;False
68,48;0,2177;-0,0046;0,2885;False
68,48;0,2168;-0,0046;0,2888;False
68,49;0,2168;-0,0046;0,2888;False
68,50;0,2168;-0,0046;0,2888;False
68,50;0,2159;-0,0047;0,2892;False
68,51;0,2159;-0,0047;0,2892;False
68,52;0,2159;-0,0047;0,2892;False
68,52;0,2151;-0,0046;0,2894;False
68,53;0,2151;-0,0046;0,2894;False
68,54;0,2151;-0,0046;0,2894;False
68,54;0,2139;-0,0045;0,2902;False
68,55;0,2139;-0,0045;0,2902;False
68,56;0,2139;-0,0045;0,2902;False
68,56;0,2127;-0,0041;0,2910;False
68,57;0,2127;-0,0041;0,2910;False
68,58;0,2127;-0,0041;0,2910;False
68,58;0,2109;-0,0038;0,2923;False
68,59;0,2109;-0,0038;0,2923;False
68,59;0,2109;-0,0038;0,2923;False
68,60;0,2109;-0,0038;0,2923;False
68,60;0,2084;-0,0034;0,2941;False
68,61;0,2084;-0,0034;0,2941;False
68,61;0,2084;-0,0034;0,2941;False
68,62;0,2052;-0,0030;0,2964;False
68,63;0,2052;-0,0030;0,2964;False
68,63;0,2052;-0,0030;0,2964;False
68,64;0,2012;-0,0027;0,2992;False
68,65;0,2012;-0,0027;0,2992;False
68,65;0,2012;-0,0027;0,2992;False
68,66;0,2012;-0,0027;0,2992;False
68,66;0,1961;-0,0023;0,3029;False
68,67;0,1961;-0,0023;0,3029;False
68,68;0,1961;-0,0023;0,3029;False
68,68;0,1901;-0,0020;0,3073;False
68,69;0,1901;-0,0020;0,3073;False
68,69;0,1901;-0,0020;0,3073;False
68,70;0,1825;-0,0018;0,3128;False
68,71;0,1825;-0,0018;0,3128;False
68,71;0,1825;-0,0018;0,3128;False
68,72;0,1735;-0,0015;0,3193;False
68,73;0,1735;-0,0015;0,3193;False
68,73;0,1735;-0,0015;0,3193;False
68,74;0,1627;-0,0014;0,3272;False
68,75;0,1627;-0,0014;0,3272;False
68,75;0,1627;-0,0014;0,3272;False
68,76;0,1627;-0,0014;0,3272;False
68,76;0,1504;-0,0012;0,3361;False
68,77;0,1504;-0,0012;0,3361;False
68,78;0,1504;-0,0012;0,3361;False
68,78;0,1383;-0,0011;0,3450;False
68,79;0,1383;-0,0011;0,3450;False
68,80;0,1383;-0,0011;0,3450;False
68,80;0,1383;-0,0011;0,3450;False
68,80;0,1266;-0,0010;0,3535;False
68,81;0,1266;-0,0010;0,3535;False
68,82;0,1266;-0,0010;0,3535;False
68,82;0,1157;-0,0009;0,3615;False
68,83;0,1157;-0,0009;0,3615;False
68,83;0,1157;-0,0009;0,3615;False
68,85;0,1053;-0,0008;0,3691;False
68,85;0,1053;-0,0008;0,3691;False
68,86;0,1053;-0,0008;0,3691;False
68,86;0,0953;-0,0008;0,3765;False
68,87;0,0953;-0,0008;0,3765;False
68,88;0,0953;-0,0008;0,3765;False
68,88;0,0857;-0,0008;0,3835;False
68,89;0,0857;-0,0008;0,3835;False
68,89;0,0857;-0,0008;0,3835;False
68,90;0,0857;-0,0008;0,3835;False
68,91;0,0765;-0,0008;0,3903;False
68,91;0,0765;-0,0008;0,3903;False
68,92;0,0765;-0,0008;0,3903;False
68,92;0,0679;-0,0007;0,3966;False
68,93;0,0679;-0,0007;0,3966;False
68,94;0,0679;-0,0007;0,3966;False
68,94;0,0598;-0,0007;0,4028;False
68,94;0,0598;-0,0007;0,4028;False
68,95;0,0598;-0,0007;0,4028;False
68,95;0,0598;-0,0007;0,4028;False
68,96;0,0598;-0,0007;0,4028;False
68,96;0,0598;-0,0007;0,4028;False
68,97;0,0520;-0,0007;0,4089;False
68,97;0,0520;-0,0007;0,4089;False
68,98;0,0520;-0,0007;0,4089;False
68,98;0,0446;-0,0008;0,4147;False
68,99;0,0446;-0,0008;0,4147;False
68,99;0,0446;-0,0008;0,4147;False
69,00;0,0446;-0,0008;0,4147;False
69,00;0,0376;-0,0008;0,4204;False
69,01;0,0376;-0,0008;0,4204;False
69,01;0,0376;-0,0008;0,4204;False
69,01;0,0376;-0,0008;0,4204;False
69,02;0,0376;-0,0008;0,4204;False
69,02;0,0311;-0,0008;0,4257;False
69,03;0,0311;-0,0008;0,4257;False
69,03;0,0311;-0,0008;0,4257;False
69,04;0,0311;-0,0008;0,4257;False
69,04;0,0249;-0,0008;0,4309;False
69,05;0,0249;-0,0008;0,4309;False
69,05;0,0249;-0,0008;0,4309;False
69,05;0,0249;-0,0008;0,4309;False
69,06;0,0249;-0,0008;0,4309;False
69,07;0,0190;-0,0008;0,4359;False
69,07;0,0190;-0,0008;0,4359;False
69,08;0,0190;-0,0008;0,4359;False
69,08;0,0190;-0,0008;0,4359;False
69,08;0,0133;-0,0008;0,4407;False
69,09;0,0133;-0,0008;0,4407;False
69,10;0,0133;-0,0008;0,4407;False
69,10;0,0133;-0,0008;0,4407;False
69,10;0,0079;-0,0008;0,4453;False
69,11;0,0079;-0,0008;0,4453;False
69,11;0,0079;-0,0008;0,4453;False
69,12;0,0079;-0,0008;0,4453;False
69,12;0,0029;-0,0008;0,4496;False
69,13;0,0029;-0,0008;0,4496;False
69,14;0,0029;-0,0008;0,4496;False
69,14;0,0029;-0,0008;0,4496;False
69,14;-0,0019;-0,0008;0,4537;False
69,15;-0,0019;-0,0008;0,4537;False
69,16;-0,0019;-0,0008;0,4537;False
69,16;-0,0065;-0,0008;0,4577;False
69,17;-0,0065;-0,0008;0,4577;False
69,18;-0,0065;-0,0008;0,4577;False
69,18;-0,0109;-0,0008;0,4614;False
69,19;-0,0109;-0,0008;0,4614;False
69,20;-0,0109;-0,0008;0,4614;False
69,20;-0,0109;-0,0008;0,4614;False
69,20;-0,0152;-0,0008;0,4649;False
69,21;-0,0152;-0,0008;0,4649;False
69,21;-0,0152;-0,0008;0,4649;False
69,22;-0,0152;-0,0008;0,4649;False
69,22;-0,0193;-0,0008;0,4682;False
69,23;-0,0193;-0,0008;0,4682;False
69,24;-0,0193;-0,0008;0,4682;False
69,25;-0,0232;-0,0008;0,4713;False
69,26;-0,0232;-0,0008;0,4713;False
69,26;-0,0270;-0,0008;0,4742;False
69,27;-0,0270;-0,0008;0,4742;False
69,28;-0,0270;-0,0008;0,4742;False
69,29;-0,0307;-0,0008;0,4769;False
69,29;-0,0307;-0,0008;0,4769;False
69,30;-0,0343;-0,0008;0,4794;False
69,31;-0,0343;-0,0008;0,4794;False
69,32;-0,0343;-0,0008;0,4794;False
69,32;-0,0345;-0,0008;0,4795;False
69,33;-0,0345;-0,0008;0,4795;False
69,34;-0,0346;-0,0008;0,4796;False
69,35;-0,0346;-0,0008;0,4796;False
69,35;-0,0346;-0,0008;0,4796;False
69,36;-0,0346;-0,0008;0,4796;False
69,36;-0,0348;-0,0008;0,4797;False
69,37;-0,0348;-0,0008;0,4797;False
69,38;-0,0349;-0,0008;0,4798;False
69,39;-0,0349;-0,0008;0,4798;False
69,39;-0,0349;-0,0008;0,4798;False
69,40;-0,0350;-0,0008;0,4799;False
69,41;-0,0350;-0,0008;0,4799;False
69,42;-0,0350;-0,0008;0,4799;False
69,43;-0,0352;-0,0008;0,4799;False
69,43;-0,0352;-0,0008;0,4799;False
69,45;-0,0353;-0,0008;0,4800;False
69,45;-0,0353;-0,0008;0,4800;False
69,46;-0,0354;-0,0008;0,4801;False
69,47;-0,0354;-0,0008;0,4801;False
69,48;-0,0356;-0,0008;0,4802;False
69,49;-0,0356;-0,0008;0,4802;False
69,50;-0,0356;-0,0008;0,4802;False
69,50;-0,0357;-0,0008;0,4802;False
69,51;-0,0357;-0,0008;0,4802;False
69,52;-0,0357;-0,0008;0,4802;False
69,53;-0,0358;-0,0008;0,4803;False
69,54;-0,0358;-0,0008;0,4803;False
69,55;-0,0359;-0,0008;0,4803;False
69,56;-0,0359;-0,0008;0,4803;False
69,57;-0,0360;-0,0008;0,4804;False
69,58;-0,0360;-0,0008;0,4804;False
69,59;-0,0361;-0,0008;0,4804;False
69,59;-0,0361;-0,0008;0,4804;False
69,60;-0,0362;-0,0008;0,4805;False
69,61;-0,0362;-0,0008;0,4805;False
69,62;-0,0362;-0,0008;0,4805;False
69,62;-0,0363;-0,0008;0,4805;False
69,63;-0,0363;-0,0008;0,4805;False
69,63;-0,0363;-0,0008;0,4805;False
69,64;-0,0363;-0,0008;0,4805;False
69,65;-0,0364;-0,0008;0,4806;False
69,65;-0,0364;-0,0008;0,4806;False
69,66;-0,0365;-0,0008;0,4806;False
69,67;-0,0365;-0,0008;0,4806;False
69,68;-0,0365;-0,0008;0,4806;False
69,68;-0,0366;-0,0008;0,4806;False
69,69;-0,0366;-0,0008;0,4806;False
69,70;-0,0366;-0,0008;0,4806;False
69,71;-0,0366;-0,0008;0,4807;False
69,72;-0,0366;-0,0008;0,4807;False
69,72;-0,0366;-0,0008;0,4807;False
69,72;-0,0367;-0,0008;0,4807;False
69,73;-0,0367;-0,0008;0,4807;False
69,74;-0,0367;-0,0008;0,4807;False
69,74;-0,0368;-0,0008;0,4807;False
69,75;-0,0368;-0,0008;0,4807;False
69,76;-0,0368;-0,0008;0,4807;False
69,76;-0,0379;-0,0008;0,4813;False
69,77;-0,0379;-0,0008;0,4813;False
69,77;-0,0379;-0,0008;0,4813;False
69,78;-0,0379;-0,0008;0,4813;False
69,78;-0,0403;-0,0008;0,4824;False
69,79;-0,0403;-0,0008;0,4824;False
69,80;-0,0403;-0,0008;0,4824;False
69,80;-0,0435;-0,0008;0,4839;False
69,81;-0,0435;-0,0008;0,4839;False
69,81;-0,0435;-0,0008;0,4839;False
69,81;-0,0435;-0,0008;0,4839;False
69,82;-0,0435;-0,0008;0,4839;False
69,83;-0,0475;-0,0008;0,4859;False
69,83;-0,0475;-0,0008;0,4859;False
69,84;-0,0475;-0,0008;0,4859;False
69,84;-0,0520;-0,0008;0,4880;False
69,85;-0,0520;-0,0008;0,4880;False
69,85;-0,0520;-0,0008;0,4880;False
69,85;-0,0520;-0,0008;0,4880;False
69,86;-0,0520;-0,0008;0,4880;False
69,87;-0,0571;-0,0008;0,4905;False
69,87;-0,0571;-0,0008;0,4905;False
69,88;-0,0571;-0,0008;0,4905;False
69,88;-0,0571;-0,0008;0,4905;False
69,88;-0,0622;-0,0008;0,4929;False
69,89;-0,0622;-0,0008;0,4929;False
69,90;-0,0622;-0,0008;0,4929;False
69,90;-0,0622;-0,0008;0,4929;False
69,90;-0,0670;-0,0008;0,4952;False
69,91;-0,0670;-0,0008;0,4952;False
69,91;-0,0670;-0,0008;0,4952;False
69,92;-0,0670;-0,0008;0,4952;False
69,92;-0,0715;-0,0008;0,4973;False
69,93;-0,0715;-0,0008;0,4973;False
69,93;-0,0715;-0,0008;0,4973;False
69,94;-0,0715;-0,0008;0,4973;False
69,94;-0,0757;-0,0008;0,4993;False
69,95;-0,0757;-0,0008;0,4993;False
69,95;-0,0757;-0,0008;0,4993;False
69,95;-0,0757;-0,0008;0,4993;False
69,96;-0,0790;-0,0008;0,5008;False
69,97;-0,0790;-0,0008;0,5008;False
69,97;-0,0790;-0,0008;0,5008;False
69,97;-0,0790;-0,0008;0,5008;False
69,98;-0,0790;-0,0008;0,5008;False
69,98;-0,0820;-0,0008;0,5022;False
69,99;-0,0820;-0,0008;0,5022;False
69,99;-0,0820;-0,0008;0,5022;False
70,00;-0,0820;-0,0008;0,5022;False
70,00;-0,0841;-0,0008;0,5032;False
70,01;-0,0841;-0,0008;0,5032;False
70,01;-0,0841;-0,0008;0,5032;False
70,01;-0,0841;-0,0008;0,5032;False
70,02;-0,0841;-0,0008;0,5032;False
70,02;-0,0850;-0,0008;0,5037;False
70,03;-0,0850;-0,0008;0,5037;False
70,03;-0,0850;-0,0008;0,5037;False
70,04;-0,0850;-0,0008;0,5037;False
70,04;-0,0848;-0,0008;0,5036;False
70,05;-0,0848;-0,0008;0,5036;False
70,05;-0,0848;-0,0008;0,5036;False
70,06;-0,0848;-0,0008;0,5036;False
70,06;-0,0833;-0,0008;0,5029;False
70,07;-0,0833;-0,0008;0,5029;False
70,07;-0,0833;-0,0008;0,5029;False
70,08;-0,0833;-0,0008;0,5029;False
70,08;-0,0803;-0,0008;0,5015;False
70,09;-0,0803;-0,0008;0,5015;False
70,09;-0,0803;-0,0008;0,5015;False
70,09;-0,0803;-0,0008;0,5015;False
70,10;-0,0803;-0,0008;0,5015;False
70,11;-0,0755;-0,0008;0,4992;False
70,11;-0,0755;-0,0008;0,4992;False
70,11;-0,0755;-0,0008;0,4992;False
70,12;-0,0755;-0,0008;0,4992;False
70,12;-0,0687;-0,0008;0,4960;False
70,13;-0,0687;-0,0008;0,4960;False
70,14;-0,0687;-0,0008;0,4960;False
70,14;-0,0687;-0,0008;0,4960;False
70,14;-0,0600;-0,0008;0,4919;False
70,15;-0,0600;-0,0008;0,4919;False
70,15;-0,0600;-0,0008;0,4919;False
70,16;-0,0600;-0,0008;0,4919;False
70,16;-0,0600;-0,0008;0,4919;False
70,17;-0,0489;-0,0008;0,4866;False
70,17;-0,0489;-0,0008;0,4866;False
70,17;-0,0489;-0,0008;0,4866;False
70,18;-0,0489;-0,0008;0,4866;False
70,18;-0,0359;-0,0008;0,4803;False
70,19;-0,0359;-0,0008;0,4803;False
70,19;-0,0359;-0,0008;0,4803;False
70,20;-0,0359;-0,0008;0,4803;False
70,20;-0,0207;-0,0008;0,4731;False
70,21;-0,0207;-0,0008;0,4731;False
70,21;-0,0207;-0,0008;0,4731;False
70,21;-0,0207;-0,0008;0,4731;False
70,22;-0,0207;-0,0008;0,4731;False
70,22;-0,0033;-0,0008;0,4648;False
70,23;-0,0033;-0,0008;0,4648;False
70,24;-0,0033;-0,0008;0,4648;False
70,24;-0,0033;-0,0008;0,4648;False
70,24;0,0162;-0,0008;0,4553;False
70,25;0,0162;-0,0008;0,4553;False
70,25;0,0162;-0,0008;0,4553;False
70,26;0,0162;-0,0008;0,4553;False
70,26;0,0379;-0,0008;0,4448;False
70,27;0,0379;-0,0008;0,4448;False
70,27;0,0379;-0,0008;0,4448;False
70,28;0,0379;-0,0008;0,4448;False
70,28;0,0617;-0,0008;0,4333;False
70,29;0,0617;-0,0008;0,4333;False
70,29;0,0617;-0,0008;0,4333;False
70,30;0,0617;-0,0008;0,4333;False
70,30;0,0875;-0,0008;0,4207;False
70,31;0,0875;-0,0008;0,4207;False
70,31;0,0875;-0,0008;0,4207;False
70,31;0,0875;-0,0008;0,4207;False
70,32;0,0875;-0,0008;0,4207;False
70,32;0,1151;-0,0008;0,4072;False
70,33;0,1151;-0,0008;0,4072;False
70,33;0,1151;-0,0008;0,4072;False
70,34;0,1151;-0,0008;0,4072;False
70,34;0,1446;-0,0008;0,3927;False
70,35;0,1446;-0,0008;0,3927;False
70,35;0,1446;-0,0008;0,3927;False
70,35;0,1446;-0,0008;0,3927;False
70,36;0,1757;-0,0008;0,3773;False
70,37;0,1757;-0,0008;0,3773;False
70,37;0,1757;-0,0008;0,3773;False
70,37;0,1757;-0,0008;0,3773;False
70,38;0,1757;-0,0008;0,3773;False
70,38;0,2085;-0,0008;0,3610;False
70,39;0,2085;-0,0008;0,3610;False
70,40;0,2427;-0,0008;0,3439;False
70,41;0,2427;-0,0008;0,3439;False
70,41;0,2427;-0,0008;0,3439;False
70,42;0,2427;-0,0008;0,3439;False
70,42;0,2693;-0,0020;0,3310;False
70,42;0,2693;-0,0020;0,3310;False
70,43;0,2693;-0,0020;0,3310;False
70,43;0,2693;-0,0020;0,3310;False
70,44;0,2974;-0,0013;0,3155;False
70,45;0,2974;-0,0013;0,3155;False
70,45;0,2974;-0,0013;0,3155;False
70,45;0,2974;-0,0013;0,3155;False
70,46;0,2974;-0,0013;0,3155;False
70,46;0,3234;0,0012;0,3004;False
70,47;0,3234;0,0012;0,3004;False
70,48;0,3234;0,0012;0,3004;False
70,48;0,3478;0,0015;0,2858;False
70,49;0,3478;0,0015;0,2858;False
70,49;0,3478;0,0015;0,2858;False
70,50;0,3478;0,0015;0,2858;False
70,50;0,3478;0,0015;0,2858;False
70,51;0,3703;0,0014;0,2711;False
70,51;0,3703;0,0014;0,2711;False
70,52;0,3703;0,0014;0,2711;False
70,52;0,3703;0,0014;0,2711;False
70,52;0,3910;0,0031;0,2570;False
70,53;0,3910;0,0031;0,2570;False
70,54;0,3910;0,0031;0,2570;False
70,54;0,4096;0,0029;0,2434;False
70,55;0,4096;0,0029;0,2434;False
70,55;0,4096;0,0029;0,2434;False
70,55;0,4096;0,0029;0,2434;False
70,56;0,4096;0,0029;0,2434;False
70,56;0,4251;0,0032;0,2304;False
70,57;0,4251;0,0032;0,2304;False
70,58;0,4251;0,0032;0,2304;False
70,58;0,4366;0,0060;0,2200;True
70,59;0,4366;0,0060;0,2200;False
70,59;0,4366;0,0060;0,2200;False
70,60;0,4435;0,0100;0,2118;False
70,61;0,4435;0,0100;0,2118;False
70,62;0,4435;0,0100;0,2118;False
70,62;0,4476;0,0143;0,2056;False
70,63;0,4476;0,0143;0,2056;False
70,63;0,4476;0,0143;0,2056;False
70,64;0,4476;0,0143;0,2056;False
70,64;0,4546;0,0174;0,1973;False
70,65;0,4546;0,0174;0,1973;False
70,65;0,4546;0,0174;0,1973;False
70,66;0,4546;0,0174;0,1973;False
70,67;0,4629;0,0185;0,1880;False
70,67;0,4629;0,0185;0,1880;False
70,68;0,4629;0,0185;0,1880;False
70,68;0,4629;0,0185;0,1880;False
70,68;0,4724;0,0179;0,1776;False
70,69;0,4724;0,0179;0,1776;False
70,70;0,4829;0,0155;0,1662;False
70,71;0,4829;0,0155;0,1662;False
70,71;0,4829;0,0155;0,1662;False
70,72;0,4829;0,0155;0,1662;False
70,72;0,4935;0,0128;0,1545;False
70,73;0,4935;0,0128;0,1545;False
70,74;0,4935;0,0128;0,1545;False
70,74;0,5005;0,0123;0,1461;False
70,75;0,5005;0,0123;0,1461;False
70,75;0,5005;0,0123;0,1461;False
70,76;0,5005;0,0123;0,1461;False
70,76;0,5037;0,0132;0,1411;False
70,77;0,5037;0,0132;0,1411;False
70,77;0,5037;0,0132;0,1411;False
70,77;0,5037;0,0132;0,1411;False
70,78;0,5037;0,0132;0,1411;False
70,78;0,5051;0,0148;0,1377;False
70,79;0,5051;0,0148;0,1377;False
70,80;0,5051;0,0148;0,1377;False
70,80;0,5058;0,0163;0,1352;False
70,81;0,5058;0,0163;0,1352;False
70,81;0,5058;0,0163;0,1352;False
70,82;0,5058;0,0163;0,1352;False
70,82;0,5063;0,0172;0,1331;False
70,83;0,5063;0,0172;0,1331;False
70,83;0,5063;0,0172;0,1331;False
70,84;0,5063;0,0172;0,1331;False
70,84;0,5066;0,0176;0,1314;False
70,85;0,5066;0,0176;0,1314;False
70,85;0,5066;0,0176;0,1314;False
70,86;0,5066;0,0176;0,1314;False
70,86;0,5068;0,0177;0,1304;False
70,87;0,5068;0,0177;0,1304;False
70,88;0,5068;0,0177;0,1304;False
70,88;0,5066;0,0173;0,1300;False
70,89;0,5066;0,0173;0,1300;False
70,89;0,5066;0,0173;0,1300;False
70,89;0,5066;0,0173;0,1300;False
70,90;0,5066;0,0173;0,1300;False
70,91;0,5063;0,0165;0,1295;False
70,91;0,5063;0,0165;0,1295;False
70,92;0,5063;0,0165;0,1295;False
70,92;0,5058;0,0159;0,1293;False
70,93;0,5058;0,0159;0,1293;False
70,94;0,5058;0,0159;0,1293;False
70,95;0,5049;0,0150;0,1295;False
70,95;0,5049;0,0150;0,1295;False
70,96;0,5033;0,0138;0,1301;False
70,97;0,5033;0,0138;0,1301;False
70,98;0,5033;0,0138;0,1301;False
70,98;0,5011;0,0122;0,1311;False
70,99;0,5011;0,0122;0,1311;False
71,00;0,5011;0,0122;0,1311;False
71,01;0,4987;0,0105;0,1328;False
71,02;0,4957;0,0081;0,1352;False
71,03;0,4957;0,0081;0,1352;False
71,04;0,4957;0,0081;0,1352;False
71,04;0,4922;0,0049;0,1384;False
71,05;0,4922;0,0049;0,1384;False
71,05;0,4922;0,0049;0,1384;False
71,06;0,4882;0,0008;0,1422;False
71,07;0,4882;0,0008;0,1422;False
71,07;0,4882;0,0008;0,1422;False
71,08;0,4882;0,0008;0,1422;False
71,09;0,4844;-0,0031;0,1463;False
71,10;0,4844;-0,0031;0,1463;False
71,10;0,4810;-0,0057;0,1503;False
71,11;0,4810;-0,0057;0,1503;False
71,12;0,4810;-0,0057;0,1503;False
71,13;0,4777;-0,0075;0,1541;False
71,13;0,4777;-0,0075;0,1541;False
71,14;0,4746;-0,0086;0,1579;False
71,15;0,4746;-0,0086;0,1579;False
71,16;0,4746;-0,0086;0,1579;False
71,16;0,4717;-0,0070;0,1614;False
71,17;0,4717;-0,0070;0,1614;False
71,17;0,4717;-0,0070;0,1614;False
71,18;0,4717;-0,0070;0,1614;False
71,18;0,4688;-0,0069;0,1648;False
71,19;0,4688;-0,0069;0,1648;False
71,19;0,4688;-0,0069;0,1648;False
71,20;0,4688;-0,0069;0,1648;False
71,20;0,4661;-0,0063;0,1680;False
71,21;0,4661;-0,0063;0,1680;False
71,21;0,4661;-0,0063;0,1680;False
71,22;0,4661;-0,0063;0,1680;False
71,22;0,4634;-0,0059;0,1712;False
71,23;0,4634;-0,0059;0,1712;False
71,24;0,4634;-0,0059;0,1712;False
71,25;0,4609;-0,0053;0,1742;False
71,25;0,4609;-0,0053;0,1742;False
71,26;0,4609;-0,0053;0,1742;False
71,26;0,4585;-0,0048;0,1771;False
71,27;0,4585;-0,0048;0,1771;False
71,28;0,4562;-0,0042;0,1799;False
71,29;0,4562;-0,0042;0,1799;False
71,29;0,4562;-0,0042;0,1799;False
71,30;0,4540;-0,0037;0,1825;False
71,31;0,4540;-0,0037;0,1825;False
71,32;0,4540;-0,0037;0,1825;False
71,33;0,4518;-0,0032;0,1851;False
71,33;0,4518;-0,0032;0,1851;False
71,34;0,4498;-0,0027;0,1875;False
71,35;0,4498;-0,0027;0,1875;False
71,36;0,4498;-0,0027;0,1875;False
71,36;0,4478;-0,0023;0,1899;False
71,38;0,4459;-0,0020;0,1921;False
71,39;0,4459;-0,0020;0,1921;False
71,39;0,4459;-0,0020;0,1921;False
71,40;0,4441;-0,0017;0,1943;False
71,42;0,4441;-0,0017;0,1943;False
71,43;0,4424;-0,0014;0,1964;False
71,44;0,4424;-0,0014;0,1964;False
71,45;0,4407;-0,0012;0,1984;False
71,45;0,4407;-0,0012;0,1984;False
71,46;0,4407;-0,0012;0,1984;False
71,47;0,4391;-0,0011;0,2003;False
71,47;0,4391;-0,0011;0,2003;False
71,48;0,4391;-0,0011;0,2003;False
71,48;0,4376;-0,0010;0,2021;False
71,49;0,4376;-0,0010;0,2021;False
71,49;0,4376;-0,0010;0,2021;False
71,50;0,4376;-0,0010;0,2021;False
71,50;0,4361;-0,0009;0,2039;False
71,51;0,4361;-0,0009;0,2039;False
71,52;0,4361;-0,0009;0,2039;False
71,52;0,4354;-0,0008;0,2048;False
71,53;0,4354;-0,0008;0,2048;False
71,53;0,4354;-0,0008;0,2048;False
71,54;0,4354;-0,0008;0,2048;False
71,54;0,4361;-0,0008;0,2039;False
71,55;0,4361;-0,0008;0,2039;False
71,56;0,4383;-0,0007;0,2012;False
71,57;0,4383;-0,0007;0,2012;False
71,58;0,4383;-0,0007;0,2012;False
71,58;0,4423;-0,0007;0,1964;False
71,59;0,4423;-0,0007;0,1964;False
71,60;0,4476;-0,0007;0,1901;False
71,61;0,4476;-0,0007;0,1901;False
71,62;0,4476;-0,0007;0,1901;False
71,62;0,4541;-0,0007;0,1823;False
71,63;0,4541;-0,0007;0,1823;False
71,63;0,4541;-0,0007;0,1823;False
71,64;0,4541;-0,0007;0,1823;False
71,64;0,4614;-0,0007;0,1735;False
71,65;0,4614;-0,0007;0,1735;False
71,66;0,4614;-0,0007;0,1735;False
71,66;0,4696;-0,0007;0,1637;False
71,67;0,4696;-0,0007;0,1637;False
71,67;0,4696;-0,0007;0,1637;False
71,68;0,4696;-0,0007;0,1637;False
71,68;0,4784;-0,0007;0,1534;False
71,69;0,4784;-0,0007;0,1534;False
71,69;0,4784;-0,0007;0,1534;False
71,69;0,4784;-0,0007;0,1534;False
71,70;0,4784;-0,0007;0,1534;False
71,71;0,4848;-0,0008;0,1450;False
71,71;0,4848;-0,0008;0,1450;False
71,72;0,4848;-0,0008;0,1450;False
71,72;0,4897;-0,0011;0,1382;False
71,73;0,4897;-0,0011;0,1382;False
71,73;0,4897;-0,0011;0,1382;False
71,74;0,4897;-0,0011;0,1382;False
71,74;0,4938;-0,0011;0,1326;False
71,75;0,4938;-0,0011;0,1326;False
71,75;0,4938;-0,0011;0,1326;False
71,76;0,4938;-0,0011;0,1326;False
71,76;0,4971;-0,0011;0,1279;False
71,77;0,4971;-0,0011;0,1279;False
71,78;0,4971;-0,0011;0,1279;False
71,78;0,4992;-0,0001;0,1245;False
71,79;0,4992;-0,0001;0,1245;False
71,79;0,4992;-0,0001;0,1245;False
71,80;0,4992;-0,0001;0,1245;False
71,80;0,4997;-0,0004;0,1226;False
71,81;0,4997;-0,0004;0,1226;False
71,81;0,4997;-0,0004;0,1226;False
71,82;0,4997;-0,0004;0,1226;False
71,82;0,4996;-0,0001;0,1215;False
71,83;0,4996;-0,0001;0,1215;False
71,84;0,4996;-0,0001;0,1215;False
71,84;0,4996;-0,0001;0,1215;False
71,84;0,4990;-0,0009;0,1211;False
71,85;0,4990;-0,0009;0,1211;False
71,85;0,4990;-0,0009;0,1211;False
71,86;0,4990;-0,0009;0,1211;False
71,86;0,4983;-0,0013;0,1214;False
71,87;0,4983;-0,0013;0,1214;False
71,87;0,4983;-0,0013;0,1214;False
71,88;0,4983;-0,0013;0,1214;False
71,88;0,4974;-0,0016;0,1223;False
71,89;0,4974;-0,0016;0,1223;False
71,89;0,4974;-0,0016;0,1223;False
71,90;0,4974;-0,0016;0,1223;False
71,90;0,4962;-0,0019;0,1238;False
71,91;0,4962;-0,0019;0,1238;False
71,91;0,4962;-0,0019;0,1238;False
71,91;0,4962;-0,0019;0,1238;False
71,92;0,4962;-0,0019;0,1238;False
71,92;0,4943;-0,0020;0,1262;False
71,93;0,4943;-0,0020;0,1262;False
71,93;0,4943;-0,0020;0,1262;False
71,94;0,4943;-0,0020;0,1262;False
71,94;0,4943;-0,0020;0,1262;False
71,94;0,4918;-0,0020;0,1293;False
71,95;0,4918;-0,0020;0,1293;False
71,95;0,4918;-0,0020;0,1293;False
71,96;0,4886;-0,0020;0,1334;False
71,97;0,4886;-0,0020;0,1334;False
71,97;0,4886;-0,0020;0,1334;False
71,98;0,4886;-0,0020;0,1334;False
71,98;0,4843;-0,0019;0,1388;False
71,99;0,4843;-0,0019;0,1388;False
72,00;0,4843;-0,0019;0,1388;False
72,00;0,4792;-0,0018;0,1453;False
72,01;0,4792;-0,0018;0,1453;False
72,03;0,4727;-0,0017;0,1534;False
72,04;0,4727;-0,0017;0,1534;False
72,05;0,4651;-0,0016;0,1631;False
72,06;0,4561;-0,0015;0,1744;False
72,07;0,4561;-0,0015;0,1744;False
72,08;0,4473;-0,0014;0,1855;False
72,09;0,4473;-0,0014;0,1855;False
72,10;0,4473;-0,0014;0,1855;False
72,11;0,4389;-0,0013;0,1961;False
72,12;0,4389;-0,0013;0,1961;False
72,12;0,4300;-0,0012;0,2072;False
72,13;0,4300;-0,0012;0,2072;False
72,14;0,4300;-0,0012;0,2072;False
72,14;0,4209;-0,0011;0,2185;False
72,15;0,4209;-0,0011;0,2185;False
72,15;0,4209;-0,0011;0,2185;False
72,16;0,4209;-0,0011;0,2185;False
72,16;0,4122;-0,0010;0,2294;False
72,17;0,4122;-0,0010;0,2294;False
72,18;0,4122;-0,0010;0,2294;False
72,18;0,4038;-0,0010;0,2399;False
72,19;0,4038;-0,0010;0,2399;False
72,19;0,4038;-0,0010;0,2399;False
72,20;0,3951;-0,0009;0,2507;False
72,21;0,3951;-0,0009;0,2507;False
72,21;0,3951;-0,0009;0,2507;False
72,22;0,3860;-0,0009;0,2620;False
72,23;0,3860;-0,0009;0,2620;False
72,24;0,3772;-0,0009;0,2729;False
72,25;0,3772;-0,0009;0,2729;False
72,25;0,3772;-0,0009;0,2729;False
72,26;0,3772;-0,0009;0,2729;False
72,27;0,3687;-0,0008;0,2833;False
72,27;0,3687;-0,0008;0,2833;False
72,28;0,3687;-0,0008;0,2833;False
72,28;0,3600;-0,0008;0,2941;False
72,29;0,3600;-0,0008;0,2941;False
72,30;0,3600;-0,0008;0,2941;False
72,30;0,3508;-0,0008;0,3054;False
72,31;0,3508;-0,0008;0,3054;False
72,31;0,3508;-0,0008;0,3054;False
72,32;0,3419;-0,0008;0,3163;False
72,33;0,3419;-0,0008;0,3163;False
72,34;0,3419;-0,0008;0,3163;False
72,35;0,3334;-0,0008;0,3267;False
72,35;0,3334;-0,0008;0,3267;False
72,36;0,3334;-0,0008;0,3267;False
72,36;0,3247;-0,0008;0,3374;False
72,37;0,3247;-0,0008;0,3374;False
72,37;0,3247;-0,0008;0,3374;False
72,38;0,3247;-0,0008;0,3374;False
72,38;0,3154;-0,0008;0,3487;False
72,39;0,3154;-0,0008;0,3487;False
72,40;0,3154;-0,0008;0,3487;False
72,40;0,3065;-0,0008;0,3595;False
72,41;0,3065;-0,0008;0,3595;False
72,41;0,3065;-0,0008;0,3595;False
72,42;0,3065;-0,0008;0,3595;False
72,42;0,2980;-0,0008;0,3699;False
72,43;0,2980;-0,0008;0,3699;False
72,43;0,2980;-0,0008;0,3699;False
72,44;0,2891;-0,0008;0,3806;False
72,45;0,2891;-0,0008;0,3806;False
72,45;0,2891;-0,0008;0,3806;False
72,45;0,2891;-0,0008;0,3806;False
72,46;0,2891;-0,0008;0,3806;False
72,46;0,2798;-0,0008;0,3919;False
72,47;0,2798;-0,0008;0,3919;False
72,47;0,2798;-0,0008;0,3919;False
72,48;0,2798;-0,0008;0,3919;False
72,48;0,2708;-0,0008;0,4027;False
72,49;0,2708;-0,0008;0,4027;False
72,49;0,2708;-0,0008;0,4027;False
72,49;0,2708;-0,0008;0,4027;False
72,50;0,2708;-0,0008;0,4027;False
72,51;0,2623;-0,0008;0,4131;False
72,51;0,2623;-0,0008;0,4131;False
72,51;0,2623;-0,0008;0,4131;False
72,52;0,2623;-0,0008;0,4131;False
72,52;0,2534;-0,0008;0,4238;False
72,53;0,2534;-0,0008;0,4238;False
72,53;0,2534;-0,0008;0,4238;False
72,54;0,2534;-0,0008;0,4238;False
72,54;0,2440;-0,0008;0,4350;False
72,55;0,2440;-0,0008;0,4350;False
72,55;0,2440;-0,0008;0,4350;False
72,56;0,2440;-0,0008;0,4350;False
72,56;0,2350;-0,0008;0,4458;False
72,57;0,2350;-0,0008;0,4458;False
72,57;0,2350;-0,0008;0,4458;False
72,58;0,2350;-0,0008;0,4458;False
72,58;0,2264;-0,0008;0,4561;False
72,59;0,2264;-0,0008;0,4561;False
72,59;0,2264;-0,0008;0,4561;False
72,60;0,2264;-0,0008;0,4561;False
72,60;0,2174;-0,0008;0,4668;False
72,61;0,2174;-0,0008;0,4668;False
72,61;0,2174;-0,0008;0,4668;False
72,62;0,2174;-0,0008;0,4668;False
72,63;0,2080;-0,0008;0,4780;False
72,63;0,2080;-0,0008;0,4780;False
72,64;0,1989;-0,0008;0,4887;False
72,65;0,1989;-0,0008;0,4887;False
72,65;0,1989;-0,0008;0,4887;False
72,66;0,1903;-0,0008;0,4990;False
72,67;0,1903;-0,0008;0,4990;False
72,68;0,1903;-0,0008;0,4990;False
72,68;0,1821;-0,0008;0,5086;False
72,69;0,1821;-0,0008;0,5086;False
72,69;0,1821;-0,0008;0,5086;False
72,70;0,1743;-0,0008;0,5179;False
72,71;0,1743;-0,0008;0,5179;False
72,71;0,1743;-0,0008;0,5179;False
72,72;0,1668;-0,0008;0,5267;False
72,72;0,1668;-0,0008;0,5267;False
72,73;0,1668;-0,0008;0,5267;False
72,74;0,1668;-0,0008;0,5267;False
72,74;0,1596;-0,0008;0,5351;False
72,75;0,1596;-0,0008;0,5351;False
72,75;0,1596;-0,0008;0,5351;False
72,76;0,1596;-0,0008;0,5351;False
72,77;0,1525;-0,0008;0,5431;False
72,77;0,1525;-0,0008;0,5431;False
72,77;0,1525;-0,0008;0,5431;False
72,78;0,1525;-0,0008;0,5431;False
72,78;0,1458;-0,0008;0,5505;False
72,79;0,1458;-0,0008;0,5505;False
72,80;0,1458;-0,0008;0,5505;False
72,80;0,1393;-0,0008;0,5575;False
72,81;0,1393;-0,0008;0,5575;False
72,81;0,1393;-0,0008;0,5575;False
72,81;0,1393;-0,0008;0,5575;False
72,82;0,1393;-0,0008;0,5575;False
72,82;0,1331;-0,0008;0,5642;False
72,83;0,1331;-0,0008;0,5642;False
72,83;0,1331;-0,0008;0,5642;False
72,84;0,1270;-0,0008;0,5705;False
72,85;0,1270;-0,0008;0,5705;False
72,85;0,1270;-0,0008;0,5705;False
72,86;0,1270;-0,0008;0,5705;False
72,86;0,1213;-0,0008;0,5765;False
72,87;0,1213;-0,0008;0,5765;False
72,87;0,1213;-0,0008;0,5765;False
72,88;0,1213;-0,0008;0,5765;False
72,88;0,1159;-0,0008;0,5821;False
72,89;0,1159;-0,0008;0,5821;False
72,89;0,1159;-0,0008;0,5821;False
72,90;0,1159;-0,0008;0,5821;False
72,91;0,1107;-0,0007;0,5874;False
72,91;0,1107;-0,0007;0,5874;False
72,92;0,1107;-0,0007;0,5874;False
72,92;0,1107;-0,0007;0,5874;False
72,92;0,1057;-0,0007;0,5925;False
72,93;0,1057;-0,0007;0,5925;False
72,94;0,1057;-0,0007;0,5925;False
72,94;0,1010;-0,0007;0,5973;False
72,95;0,1010;-0,0007;0,5973;False
72,95;0,1010;-0,0007;0,5973;False
72,95;0,1010;-0,0007;0,5973;False
72,96;0,1010;-0,0007;0,5973;False
72,96;0,0965;-0,0006;0,6019;False
72,97;0,0965;-0,0006;0,6019;False
72,97;0,0965;-0,0006;0,6019;False
72,98;0,0965;-0,0006;0,6019;False
72,98;0,0923;-0,0006;0,6062;False
72,99;0,0923;-0,0006;0,6062;False
72,99;0,0923;-0,0006;0,6062;False
73,00;0,0883;-0,0006;0,6103;False
73,00;0,0883;-0,0006;0,6103;False
73,01;0,0883;-0,0006;0,6103;False
73,01;0,0883;-0,0006;0,6103;False
73,02;0,0883;-0,0006;0,6103;False
73,02;0,0845;-0,0006;0,6143;False
73,03;0,0845;-0,0006;0,6143;False
73,04;0,0845;-0,0006;0,6143;False
73,04;0,0810;-0,0005;0,6181;False
73,05;0,0810;-0,0005;0,6181;False
73,05;0,0810;-0,0005;0,6181;False
73,06;0,0810;-0,0005;0,6181;False
73,06;0,0777;-0,0005;0,6219;False
73,07;0,0777;-0,0005;0,6219;False
73,07;0,0777;-0,0005;0,6219;False
73,08;0,0777;-0,0005;0,6219;False
73,08;0,0775;-0,0006;0,6220;False
73,09;0,0775;-0,0006;0,6220;False
73,10;0,0775;-0,0006;0,6220;False
73,10;0,0774;-0,0006;0,6222;False
73,11;0,0774;-0,0006;0,6222;False
73,11;0,0774;-0,0006;0,6222;False
73,12;0,0774;-0,0006;0,6222;False
73,12;0,0772;-0,0006;0,6224;False
73,13;0,0772;-0,0006;0,6224;False
73,14;0,0772;-0,0006;0,6224;False
73,14;0,0772;-0,0006;0,6224;False
73,14;0,0771;-0,0006;0,6226;False
73,15;0,0771;-0,0006;0,6226;False
73,16;0,0771;-0,0006;0,6226;False
73,17;0,0769;-0,0006;0,6227;False
73,17;0,0769;-0,0006;0,6227;False
73,18;0,0769;-0,0006;0,6227;False
73,18;0,0768;-0,0006;0,6228;False
73,19;0,0768;-0,0006;0,6228;False
73,20;0,0768;-0,0006;0,6228;False
73,20;0,0767;-0,0007;0,6230;False
73,21;0,0767;-0,0007;0,6230;False
73,21;0,0767;-0,0007;0,6230;False
73,22;0,0767;-0,0007;0,6230;False
73,22;0,0766;-0,0007;0,6231;False
73,23;0,0766;-0,0007;0,6231;False
73,23;0,0766;-0,0007;0,6231;False
73,24;0,0766;-0,0007;0,6231;False
73,25;0,0765;-0,0007;0,6232;False
73,25;0,0765;-0,0007;0,6232;False
73,26;0,0765;-0,0007;0,6232;False
73,26;0,0764;-0,0007;0,6233;False
73,27;0,0764;-0,0007;0,6233;False
73,28;0,0764;-0,0007;0,6234;False
73,29;0,0764;-0,0007;0,6234;False
73,29;0,0764;-0,0007;0,6234;False
73,30;0,0763;-0,0007;0,6234;False
73,31;0,0763;-0,0007;0,6234;False
73,32;0,0763;-0,0007;0,6234;False
73,32;0,0763;-0,0007;0,6235;False
73,34;0,0763;-0,0007;0,6235;False
73,34;0,0762;-0,0007;0,6235;False
73,35;0,0762;-0,0007;0,6235;False
73,36;0,0762;-0,0007;0,6236;False
73,37;0,0762;-0,0007;0,6236;False
73,38;0,0762;-0,0007;0,6236;False
73,38;0,0762;-0,0007;0,6236;False
73,39;0,0762;-0,0007;0,6236;False
73,40;0,0762;-0,0007;0,6236;False
73,40;0,0761;-0,0007;0,6236;False
73,41;0,0761;-0,0007;0,6236;False
73,42;0,0761;-0,0007;0,6236;False
73,42;0,0761;-0,0007;0,6236;False
73,43;0,0761;-0,0007;0,6236;False
73,44;0,0761;-0,0007;0,6236;False
73,45;0,0761;-0,0007;0,6236;False
73,45;0,0761;-0,0007;0,6236;False
73,46;0,0761;-0,0007;0,6236;False
73,47;0,0761;-0,0007;0,6236;False
73,48;0,0761;-0,0007;0,6236;False
73,48;0,0761;-0,0007;0,6236;False
73,49;0,0761;-0,0007;0,6236;False
73,49;0,0761;-0,0007;0,6236;False
73,50;0,0762;-0,0007;0,6236;False
73,51;0,0762;-0,0007;0,6236;False
73,51;0,0762;-0,0007;0,6236;False
73,52;0,0762;-0,0007;0,6236;False
73,52;0,0762;-0,0007;0,6236;False
73,53;0,0762;-0,0007;0,6236;False
73,54;0,0762;-0,0007;0,6236;False
73,54;0,0762;-0,0006;0,6235;False
73,55;0,0762;-0,0006;0,6235;False
73,56;0,0762;-0,0006;0,6235;False
73,56;0,0763;-0,0006;0,6235;False
73,57;0,0763;-0,0006;0,6235;False
73,58;0,0763;-0,0006;0,6235;False
73,59;0,0763;-0,0007;0,6234;False
73,59;0,0763;-0,0007;0,6234;False
73,60;0,0763;-0,0007;0,6233;False
73,61;0,0763;-0,0007;0,6233;False
73,61;0,0763;-0,0007;0,6233;False
73,62;0,0763;-0,0007;0,6233;False
73,62;0,0764;-0,0007;0,6233;False
73,63;0,0764;-0,0007;0,6233;False
73,63;0,0764;-0,0007;0,6233;False
73,64;0,0764;-0,0007;0,6233;False
73,65;0,0764;-0,0007;0,6232;False
73,66;0,0764;-0,0007;0,6232;False
73,66;0,0765;-0,0007;0,6231;False
73,67;0,0765;-0,0007;0,6231;False
73,68;0,0765;-0,0007;0,6230;False
73,69;0,0765;-0,0007;0,6230;False
73,69;0,0765;-0,0007;0,6230;False
73,70;0,0765;-0,0007;0,6230;False
73,71;0,0766;-0,0007;0,6230;False
73,71;0,0766;-0,0007;0,6230;False
73,72;0,0766;-0,0007;0,6230;False
73,72;0,0766;-0,0007;0,6229;False
73,73;0,0766;-0,0007;0,6229;False
73,74;0,0767;-0,0007;0,6228;False
73,75;0,0767;-0,0007;0,6228;False
73,75;0,0767;-0,0007;0,6228;False
73,76;0,0767;-0,0007;0,6228;False
73,76;0,0767;-0,0007;0,6227;False
73,77;0,0767;-0,0007;0,6227;False
73,78;0,0768;-0,0007;0,6226;False
73,79;0,0768;-0,0007;0,6226;False
73,79;0,0768;-0,0007;0,6226;False
73,80;0,0768;-0,0007;0,6225;False
73,81;0,0768;-0,0007;0,6225;False
73,82;0,0768;-0,0007;0,6225;False
73,82;0,0769;-0,0007;0,6224;False
73,83;0,0769;-0,0007;0,6224;False
73,83;0,0769;-0,0007;0,6224;False
73,84;0,0769;-0,0007;0,6223;False
73,85;0,0769;-0,0007;0,6223;False
73,85;0,0769;-0,0007;0,6223;False
73,86;0,0769;-0,0007;0,6223;False
73,86;0,0770;-0,0007;0,6222;False
73,87;0,0770;-0,0007;0,6222;False
73,87;0,0770;-0,0007;0,6222;False
73,88;0,0770;-0,0007;0,6222;False
73,88;0,0770;-0,0007;0,6222;False
73,88;0,0770;-0,0007;0,6221;False
73,89;0,0770;-0,0007;0,6221;False
73,89;0,0770;-0,0007;0,6221;False
73,90;0,0770;-0,0007;0,6221;False
73,90;0,0771;-0,0007;0,6220;False
73,91;0,0771;-0,0007;0,6220;False
73,91;0,0771;-0,0007;0,6220;False
73,91;0,0771;-0,0007;0,6220;False
73,92;0,0771;-0,0007;0,6220;False
73,92;0,0772;-0,0008;0,6219;False
73,93;0,0772;-0,0008;0,6219;False
73,93;0,0772;-0,0008;0,6219;False
73,94;0,0772;-0,0008;0,6219;False
73,94;0,0764;-0,0008;0,6232;False
73,95;0,0764;-0,0008;0,6232;False
73,95;0,0764;-0,0008;0,6232;False
73,95;0,0764;-0,0008;0,6232;False
73,96;0,0744;-0,0007;0,6267;False
73,97;0,0744;-0,0007;0,6267;False
73,97;0,0744;-0,0007;0,6267;False
73,97;0,0744;-0,0007;0,6267;False
73,98;0,0744;-0,0007;0,6267;False
73,98;0,0709;-0,0007;0,6327;False
73,99;0,0709;-0,0007;0,6327;False
73,99;0,0709;-0,0007;0,6327;False
74,00;0,0709;-0,0007;0,6327;False
74,00;0,0659;-0,0006;0,6412;False
74,00;0,0659;-0,0006;0,6412;False
74,01;0,0659;-0,0006;0,6412;False
74,01;0,0659;-0,0006;0,6412;False
74,02;0,0659;-0,0006;0,6412;False
74,02;0,0595;-0,0005;0,6522;False
74,02;0,0595;-0,0005;0,6522;False
74,03;0,0595;-0,0005;0,6522;False
74,04;0,0595;-0,0005;0,6522;False
74,05;0,0518;-0,0004;0,6654;False
74,05;0,0518;-0,0004;0,6654;False
74,06;0,0518;-0,0004;0,6654;False
74,06;0,0442;-0,0004;0,6786;False
74,07;0,0442;-0,0004;0,6786;False
74,08;0,0442;-0,0004;0,6786;False
74,08;0,0369;-0,0003;0,6912;False
74,09;0,0369;-0,0003;0,6912;False
74,09;0,0369;-0,0003;0,6912;False
74,09;0,0369;-0,0003;0,6912;False
74,10;0,0369;-0,0003;0,6912;False
74,11;0,0299;-0,0003;0,7033;False
74,11;0,0299;-0,0003;0,7033;False
74,11;0,0299;-0,0003;0,7033;False
74,12;0,0299;-0,0003;0,7033;False
74,12;0,0232;-0,0002;0,7148;False
74,13;0,0232;-0,0002;0,7148;False
74,13;0,0232;-0,0002;0,7148;False
74,14;0,0232;-0,0002;0,7148;False
74,14;0,0164;-0,0002;0,7268;False
74,15;0,0164;-0,0002;0,7268;False
74,15;0,0164;-0,0002;0,7268;False
74,15;0,0164;-0,0002;0,7268;False
74,16;0,0164;-0,0002;0,7268;False
74,16;0,0078;-0,0001;0,7418;False
74,17;0,0078;-0,0001;0,7418;False
74,17;0,0078;-0,0001;0,7418;False
74,18;0,0078;-0,0001;0,7418;False
74,18;-0,0007;-0,0001;0,7566;False
74,19;-0,0007;-0,0001;0,7566;False
74,19;-0,0007;-0,0001;0,7566;False
74,19;-0,0007;-0,0001;0,7566;False
74,20;-0,0007;-0,0001;0,7566;False
74,20;-0,0087;0,0000;0,7708;False
74,21;-0,0087;0,0000;0,7708;False
74,21;-0,0087;0,0000;0,7708;False
74,22;-0,0087;0,0000;0,7708;False
74,22;-0,0087;0,0000;0,7708;False
74,22;-0,0164;0,0000;0,7843;False
74,23;-0,0164;0,0000;0,7843;False
74,24;-0,0164;0,0000;0,7843;False
74,24;-0,0164;0,0000;0,7843;False
74,24;-0,0238;0,0000;0,7973;False
74,25;-0,0238;0,0000;0,7973;False
74,26;-0,0238;0,0000;0,7973;False
74,26;-0,0308;0,0000;0,8098;False
74,27;-0,0308;0,0000;0,8098;False
74,27;-0,0308;0,0000;0,8098;False
74,28;-0,0308;0,0000;0,8098;False
74,28;-0,0374;0,0001;0,8217;False
74,29;-0,0374;0,0001;0,8217;False
74,29;-0,0374;0,0001;0,8217;False
74,30;-0,0374;0,0001;0,8217;False
74,30;-0,0443;0,0001;0,8340;False
74,31;-0,0443;0,0001;0,8340;False
74,31;-0,0443;0,0001;0,8340;False
74,32;-0,0443;0,0001;0,8340;False
74,32;-0,0515;0,0001;0,8469;False
74,33;-0,0515;0,0001;0,8469;False
74,33;-0,0515;0,0001;0,8469;False
74,34;-0,0515;0,0001;0,8469;False
74,34;-0,0583;0,0001;0,8592;False
74,35;-0,0583;0,0001;0,8592;False
74,35;-0,0583;0,0001;0,8592;False
74,36;-0,0583;0,0001;0,8592;False
74,36;-0,0649;0,0001;0,8711;False
74,37;-0,0649;0,0001;0,8711;False
74,37;-0,0649;0,0001;0,8711;False
74,38;-0,0649;0,0001;0,8711;False
74,38;-0,0716;0,0001;0,8832;False
74,39;-0,0716;0,0001;0,8832;False
74,40;-0,0716;0,0001;0,8832;False
74,40;-0,0716;0,0001;0,8832;False
74,40;-0,0786;0,0001;0,8960;False
74,41;-0,0786;0,0001;0,8960;False
74,41;-0,0786;0,0001;0,8960;False
74,42;-0,0786;0,0001;0,8960;False
74,42;-0,0853;0,0002;0,9083;False
74,43;-0,0853;0,0002;0,9083;False
74,43;-0,0853;0,0002;0,9083;False
74,44;-0,0917;0,0002;0,9200;False
74,45;-0,0917;0,0002;0,9200;False
74,45;-0,0917;0,0002;0,9200;False
74,46;-0,0917;0,0002;0,9200;False
74,46;-0,0917;0,0002;0,9200;False
74,46;-0,0983;0,0002;0,9321;False
74,47;-0,0983;0,0002;0,9321;False
74,47;-0,0983;0,0002;0,9321;False
74,48;-0,0983;0,0002;0,9321;False
74,48;-0,1065;0,0002;0,9473;False
74,49;-0,1065;0,0002;0,9473;False
74,49;-0,1065;0,0002;0,9473;False
74,49;-0,1065;0,0002;0,9473;False
74,50;-0,1065;0,0002;0,9473;False
74,51;-0,1146;0,0002;0,9623;False
74,51;-0,1146;0,0002;0,9623;False
74,51;-0,1146;0,0002;0,9623;False
74,52;-0,1146;0,0002;0,9623;False
74,52;-0,1224;0,0002;0,9766;False
74,53;-0,1224;0,0002;0,9766;False
74,53;-0,1224;0,0002;0,9766;False
74,54;-0,1224;0,0002;0,9766;False
74,54;-0,1297;0,0002;0,9904;False
74,55;-0,1297;0,0002;0,9904;False
74,55;-0,1297;0,0002;0,9904;False
74,56;-0,1297;0,0002;0,9904;False
74,56;-0,1368;0,0002;1,0035;False
74,57;-0,1368;0,0002;1,0035;False
74,57;-0,1368;0,0002;1,0035;False
74,58;-0,1368;0,0002;1,0035;False
74,58;-0,1435;0,0002;1,0161;False
74,58;-0,1435;0,0002;1,0161;False
74,59;-0,1435;0,0002;1,0161;False
74,59;-0,1435;0,0002;1,0161;False
74,60;-0,1435;0,0002;1,0161;False
74,60;-0,1499;0,0001;1,0282;False
74,61;-0,1499;0,0001;1,0282;False
74,61;-0,1499;0,0001;1,0282;False
74,61;-0,1499;0,0001;1,0282;False
74,62;-0,1499;0,0001;1,0282;False
74,62;-0,1565;0,0001;1,0407;False
74,63;-0,1565;0,0001;1,0407;False
74,64;-0,1565;0,0001;1,0407;False
74,64;-0,1565;0,0001;1,0407;False
74,64;-0,1634;0,0001;1,0537;False
74,65;-0,1634;0,0001;1,0537;False
74,65;-0,1634;0,0001;1,0537;False
74,66;-0,1634;0,0001;1,0537;False
74,66;-0,1700;0,0000;1,0662;False
74,67;-0,1700;0,0000;1,0662;False
74,67;-0,1700;0,0000;1,0662;False
74,68;-0,1700;0,0000;1,0662;False
74,68;-0,1763;0,0000;1,0782;False
74,68;-0,1763;0,0000;1,0782;False
74,69;-0,1763;0,0000;1,0782;False
74,70;-0,1763;0,0000;1,0782;False
74,70;-0,1828;0,0000;1,0906;False
74,71;-0,1828;0,0000;1,0906;False
74,71;-0,1828;0,0000;1,0906;False
74,72;-0,1828;0,0000;1,0906;False
74,72;-0,1896;0,0000;1,1036;False
74,73;-0,1896;0,0000;1,1036;False
74,73;-0,1896;0,0000;1,1036;False
74,74;-0,1896;0,0000;1,1036;False
74,74;-0,1960;0,0000;1,1160;False
74,74;-0,1960;0,0000;1,1160;False
74,75;-0,1960;0,0000;1,1160;False
74,75;-0,1960;0,0000;1,1160;False
74,76;-0,2022;0,0000;1,1279;False
74,77;-0,2022;0,0000;1,1279;False
74,77;-0,2022;0,0000;1,1279;False
74,77;-0,2022;0,0000;1,1279;False
74,78;-0,2022;0,0000;1,1279;False
74,78;-0,2086;0,0000;1,1402;False
74,79;-0,2086;0,0000;1,1402;False
74,80;-0,2086;0,0000;1,1402;False
74,80;-0,2152;0,0000;1,1530;False
74,81;-0,2152;0,0000;1,1530;False
74,81;-0,2152;0,0000;1,1530;False
74,81;-0,2152;0,0000;1,1530;False
74,82;-0,2152;0,0000;1,1530;False
74,82;-0,2216;0,0000;1,1654;False
74,83;-0,2216;0,0000;1,1654;False
74,83;-0,2216;0,0000;1,1654;False
74,84;-0,2276;0,0000;1,1772;False
74,85;-0,2276;0,0000;1,1772;False
74,85;-0,2276;0,0000;1,1772;False
74,86;-0,2276;0,0000;1,1772;False
74,86;-0,2339;0,0001;1,1893;False
74,87;-0,2339;0,0001;1,1893;False
74,88;-0,2339;0,0001;1,1893;False
74,88;-0,2396;-0,0005;1,2015;False
74,89;-0,2396;-0,0005;1,2015;False
74,89;-0,2396;-0,0005;1,2015;False
74,89;-0,2396;-0,0005;1,2015;False
74,90;-0,2396;-0,0005;1,2015;False
74,91;-0,2397;-0,0032;1,2056;False
74,91;-0,2397;-0,0032;1,2056;False
74,92;-0,2397;-0,0032;1,2056;False
74,92;-0,2395;-0,0040;1,2067;False
74,93;-0,2395;-0,0040;1,2067;False
74,93;-0,2395;-0,0040;1,2067;False
74,94;-0,2390;-0,0035;1,2070;False
74,95;-0,2390;-0,0035;1,2070;False
74,95;-0,2390;-0,0035;1,2070;False
74,96;-0,2390;-0,0035;1,2070;False
74,96;-0,2389;-0,0035;1,2071;False
74,97;-0,2389;-0,0035;1,2071;False
74,98;-0,2389;-0,0034;1,2071;False
74,99;-0,2389;-0,0034;1,2071;False
74,99;-0,2389;-0,0034;1,2071;False
75,00;-0,2389;-0,0034;1,2071;False
75,01;-0,2389;-0,0032;1,2070;False
75,01;-0,2389;-0,0032;1,2070;False
75,01;-0,2389;-0,0032;1,2070;False
75,02;-0,2389;-0,0032;1,2070;False
75,02;-0,2388;-0,0029;1,2069;False
75,03;-0,2388;-0,0029;1,2069;False
75,04;-0,2388;-0,0029;1,2069;False
75,04;-0,2388;-0,0026;1,2068;False
75,05;-0,2388;-0,0026;1,2068;False
75,06;-0,2388;-0,0026;1,2068;False
75,06;-0,2387;-0,0023;1,2067;False
75,07;-0,2387;-0,0023;1,2067;False
75,07;-0,2387;-0,0023;1,2067;False
75,08;-0,2387;-0,0023;1,2067;False
75,08;-0,2387;-0,0020;1,2066;False
75,09;-0,2387;-0,0020;1,2066;False
75,10;-0,2384;0,0037;1,2068;False
75,11;-0,2384;0,0037;1,2068;False
75,11;-0,2384;0,0037;1,2068;False
75,12;-0,2384;0,0037;1,2068;False
75,12;-0,2384;0,0022;1,2067;False
75,13;-0,2384;0,0022;1,2067;False
75,14;-0,2376;-0,0004;1,2071;False
75,14;-0,2375;-0,0007;1,2069;False
75,15;-0,2375;-0,0007;1,2069;False
75,15;-0,2375;-0,0007;1,2069;False
75,16;-0,2375;-0,0007;1,2069;False
75,17;-0,2382;0,0004;1,2063;False
75,17;-0,2382;0,0004;1,2063;False
75,18;-0,2381;-0,0002;1,2062;False
75,19;-0,2381;-0,0002;1,2062;False
75,19;-0,2381;-0,0002;1,2062;False
75,20;-0,2381;-0,0002;1,2062;False
75,20;-0,2380;-0,0007;1,2061;False
75,21;-0,2380;-0,0007;1,2061;False
75,21;-0,2380;-0,0007;1,2061;False
75,22;-0,2380;-0,0007;1,2061;False
75,22;-0,2379;-0,0010;1,2060;False
75,23;-0,2379;-0,0010;1,2060;False
75,23;-0,2379;-0,0010;1,2060;False
75,24;-0,2379;-0,0010;1,2060;False
75,24;-0,2379;-0,0012;1,2059;False
75,25;-0,2379;-0,0012;1,2059;False
75,26;-0,2379;-0,0012;1,2059;False
75,26;-0,2378;-0,0014;1,2058;False
75,27;-0,2378;-0,0014;1,2058;False
75,28;-0,2378;-0,0014;1,2058;False
75,28;-0,2378;-0,0015;1,2058;False
75,29;-0,2378;-0,0015;1,2058;False
75,29;-0,2378;-0,0015;1,2058;False
75,30;-0,2378;-0,0015;1,2058;False
75,31;-0,2378;-0,0015;1,2057;False
75,31;-0,2378;-0,0015;1,2057;False
75,32;-0,2378;-0,0015;1,2057;False
75,32;-0,2377;-0,0015;1,2056;False
75,33;-0,2377;-0,0015;1,2056;False
75,34;-0,2377;-0,0015;1,2056;False
75,35;-0,2377;-0,0015;1,2056;False
75,35;-0,2377;-0,0015;1,2056;False
75,35;-0,2377;-0,0015;1,2056;False
75,36;-0,2377;-0,0015;1,2056;False
75,36;-0,2376;-0,0015;1,2055;False
75,37;-0,2376;-0,0015;1,2055;False
75,37;-0,2376;-0,0015;1,2055;False
75,38;-0,2376;-0,0014;1,2054;False
75,39;-0,2376;-0,0014;1,2054;False
75,39;-0,2376;-0,0014;1,2054;False
75,40;-0,2376;-0,0014;1,2054;False
75,41;-0,2376;-0,0014;1,2054;False
75,41;-0,2376;-0,0014;1,2054;False
75,42;-0,2376;-0,0014;1,2054;False
75,42;-0,2376;-0,0014;1,2054;False
75,42;-0,2375;-0,0013;1,2053;False
75,43;-0,2375;-0,0013;1,2053;False
75,44;-0,2375;-0,0013;1,2053;False
75,44;-0,2375;-0,0022;1,2053;False
75,44;-0,2375;-0,0019;1,2053;False
75,45;-0,2375;-0,0019;1,2053;False
75,45;-0,2375;-0,0019;1,2053;False
75,46;-0,2375;-0,0019;1,2053;False
75,47;-0,2374;-0,0010;1,2051;False
75,47;-0,2374;-0,0010;1,2051;False
75,47;-0,2374;-0,0010;1,2051;False
75,48;-0,2374;-0,0010;1,2051;False
75,48;-0,2374;-0,0010;1,2051;False
75,49;-0,2374;-0,0010;1,2051;False
75,49;-0,2374;-0,0010;1,2051;False
75,50;-0,2373;-0,0009;1,2050;False
75,51;-0,2373;-0,0009;1,2050;False
75,51;-0,2373;-0,0009;1,2050;False
75,52;-0,2373;-0,0009;1,2050;False
75,52;-0,2373;-0,0009;1,2050;False
75,53;-0,2373;-0,0009;1,2050;False
75,53;-0,2373;-0,0009;1,2050;False
75,54;-0,2373;-0,0009;1,2050;False
75,54;-0,2373;-0,0009;1,2050;False
75,54;-0,2373;-0,0008;1,2049;False
75,55;-0,2373;-0,0008;1,2049;False
75,55;-0,2373;-0,0008;1,2049;False
75,56;-0,2373;-0,0008;1,2049;False
75,56;-0,2372;-0,0008;1,2049;False
75,57;-0,2372;-0,0008;1,2049;False
75,57;-0,2372;-0,0008;1,2049;False
75,57;-0,2372;-0,0008;1,2049;False
75,58;-0,2372;-0,0008;1,2049;False
75,58;-0,2372;-0,0008;1,2049;False
75,59;-0,2372;-0,0008;1,2049;False
75,60;-0,2372;-0,0008;1,2049;False
75,60;-0,2372;-0,0008;1,2049;False
75,60;-0,2372;-0,0008;1,2048;False
75,61;-0,2372;-0,0008;1,2048;False
75,61;-0,2372;-0,0008;1,2048;False
75,62;-0,2372;-0,0008;1,2048;False
75,62;-0,2375;-0,0009;1,2056;False
75,63;-0,2375;-0,0009;1,2056;False
75,63;-0,2375;-0,0009;1,2056;False
75,64;-0,2375;-0,0009;1,2056;False
75,64;-0,2374;-0,0014;1,2060;False
75,65;-0,2374;-0,0014;1,2060;False
75,65;-0,2374;-0,0014;1,2060;False
75,66;-0,2374;-0,0014;1,2060;False
75,66;-0,2372;-0,0020;1,2064;False
75,67;-0,2372;-0,0020;1,2064;False
75,68;-0,2372;-0,0020;1,2064;False
75,68;-0,2370;-0,0027;1,2068;False
75,69;-0,2370;-0,0027;1,2068;False
75,69;-0,2370;-0,0027;1,2068;False
75,70;-0,2370;-0,0027;1,2068;False
75,70;-0,2370;-0,0027;1,2068;False
75,71;-0,2368;-0,0035;1,2072;False
75,71;-0,2368;-0,0035;1,2072;False
75,72;-0,2368;-0,0035;1,2072;False
75,72;-0,2368;-0,0035;1,2072;False
75,72;-0,2366;-0,0043;1,2076;False
75,73;-0,2366;-0,0043;1,2076;False
75,74;-0,2366;-0,0043;1,2076;False
75,74;-0,2366;-0,0043;1,2076;False
75,74;-0,2364;-0,0050;1,2080;False
75,75;-0,2364;-0,0050;1,2080;False
75,75;-0,2364;-0,0050;1,2080;False
75,76;-0,2364;-0,0050;1,2080;False
75,76;-0,2364;-0,0050;1,2080;False
75,76;-0,2362;-0,0050;1,2082;False
75,77;-0,2362;-0,0050;1,2082;False
75,78;-0,2362;-0,0050;1,2082;False
75,78;-0,2359;-0,0049;1,2084;False
75,79;-0,2359;-0,0049;1,2084;False
75,79;-0,2359;-0,0049;1,2084;False
75,80;-0,2359;-0,0049;1,2084;False
75,80;-0,2356;-0,0049;1,2087;False
75,81;-0,2356;-0,0049;1,2087;False
75,81;-0,2356;-0,0049;1,2087;False
75,82;-0,2356;-0,0049;1,2087;False
75,82;-0,2353;-0,0049;1,2089;False
75,83;-0,2353;-0,0049;1,2089;False
75,84;-0,2353;-0,0049;1,2089;False
75,84;-0,2351;-0,0049;1,2091;False
75,85;-0,2351;-0,0049;1,2091;False
75,85;-0,2351;-0,0049;1,2091;False
75,86;-0,2351;-0,0049;1,2091;False
75,87;-0,2348;-0,0049;1,2094;False
75,87;-0,2348;-0,0049;1,2094;False
75,88;-0,2348;-0,0049;1,2094;False
75,88;-0,2346;-0,0049;1,2096;False
75,89;-0,2346;-0,0049;1,2096;False
75,89;-0,2346;-0,0049;1,2096;False
75,90;-0,2343;-0,0049;1,2098;False
75,91;-0,2343;-0,0049;1,2098;False
75,91;-0,2343;-0,0049;1,2098;False
75,92;-0,2343;-0,0049;1,2098;False
75,92;-0,2340;-0,0049;1,2100;False
75,93;-0,2340;-0,0049;1,2100;False
75,94;-0,2340;-0,0049;1,2100;False
75,94;-0,2340;-0,0049;1,2100;False
75,94;-0,2337;-0,0049;1,2103;False
75,95;-0,2337;-0,0049;1,2103;False
75,95;-0,2337;-0,0049;1,2103;False
75,96;-0,2335;-0,0049;1,2105;False
75,97;-0,2335;-0,0049;1,2105;False
75,97;-0,2335;-0,0049;1,2105;False
75,97;-0,2335;-0,0049;1,2105;False
75,98;-0,2335;-0,0049;1,2105;False
75,98;-0,2335;-0,0049;1,2105;False
75,98;-0,2332;-0,0049;1,2107;False
75,99;-0,2332;-0,0049;1,2107;False
76,00;-0,2332;-0,0049;1,2107;False
76,00;-0,2332;-0,0049;1,2107;False
76,00;-0,2330;-0,0049;1,2110;False
76,01;-0,2330;-0,0049;1,2110;False
76,01;-0,2330;-0,0049;1,2110;False
76,02;-0,2330;-0,0049;1,2110;False
76,02;-0,2327;-0,0049;1,2112;False
76,02;-0,2327;-0,0049;1,2112;False
76,03;-0,2327;-0,0049;1,2112;False
76,03;-0,2327;-0,0049;1,2112;False
76,04;-0,2324;-0,0049;1,2114;False
76,05;-0,2324;-0,0049;1,2114;False
76,05;-0,2324;-0,0049;1,2114;False
76,05;-0,2324;-0,0049;1,2114;False
76,06;-0,2324;-0,0049;1,2114;False
76,06;-0,2322;-0,0049;1,2117;False
76,07;-0,2322;-0,0049;1,2117;False
76,08;-0,2322;-0,0049;1,2117;False
76,08;-0,2322;-0,0049;1,2117;False
76,08;-0,2319;-0,0049;1,2119;False
76,09;-0,2319;-0,0049;1,2119;False
76,09;-0,2319;-0,0049;1,2119;False
76,10;-0,2319;-0,0049;1,2119;False
76,10;-0,2317;-0,0049;1,2121;False
76,11;-0,2317;-0,0049;1,2121;False
76,11;-0,2317;-0,0049;1,2121;False
76,11;-0,2317;-0,0049;1,2121;False
76,12;-0,2317;-0,0049;1,2121;False
76,12;-0,2314;-0,0049;1,2124;False
76,13;-0,2314;-0,0049;1,2124;False
76,13;-0,2314;-0,0049;1,2124;False
76,14;-0,2314;-0,0049;1,2124;False
76,14;-0,2311;-0,0049;1,2126;False
76,15;-0,2311;-0,0049;1,2126;False
76,15;-0,2311;-0,0049;1,2126;False
76,16;-0,2311;-0,0049;1,2126;False
76,16;-0,2311;-0,0049;1,2126;False
76,16;-0,2309;-0,0049;1,2129;False
76,17;-0,2309;-0,0049;1,2129;False
76,17;-0,2309;-0,0049;1,2129;False
76,18;-0,2309;-0,0049;1,2129;False
76,18;-0,2306;-0,0049;1,2131;False
76,19;-0,2306;-0,0049;1,2131;False
76,19;-0,2306;-0,0049;1,2131;False
76,19;-0,2306;-0,0049;1,2131;False
76,20;-0,2304;-0,0049;1,2133;False
76,21;-0,2304;-0,0049;1,2133;False
76,21;-0,2304;-0,0049;1,2133;False
76,22;-0,2302;-0,0049;1,2135;False
76,23;-0,2302;-0,0049;1,2135;False
76,23;-0,2302;-0,0049;1,2135;False
76,24;-0,2302;-0,0047;1,2134;False
76,25;-0,2302;-0,0047;1,2134;False
76,25;-0,2302;-0,0047;1,2134;False
76,26;-0,2302;-0,0047;1,2134;False
76,26;-0,2301;-0,0044;1,2134;False
76,27;-0,2301;-0,0044;1,2134;False
76,28;-0,2301;-0,0044;1,2134;False
76,28;-0,2301;-0,0040;1,2133;False
76,29;-0,2301;-0,0040;1,2133;False
76,29;-0,2301;-0,0040;1,2133;False
76,30;-0,2300;-0,0036;1,2132;False
76,31;-0,2300;-0,0036;1,2132;False
76,31;-0,2300;-0,0036;1,2132;False
76,32;-0,2300;-0,0036;1,2132;False
76,32;-0,2299;-0,0032;1,2132;False
76,33;-0,2299;-0,0032;1,2132;False
76,33;-0,2299;-0,0032;1,2132;False
76,34;-0,2299;-0,0032;1,2132;False
76,34;-0,2299;-0,0028;1,2131;False
76,35;-0,2299;-0,0028;1,2131;False
76,35;-0,2299;-0,0028;1,2131;False
76,36;-0,2299;-0,0028;1,2131;False
76,36;-0,2298;-0,0025;1,2130;False
76,37;-0,2298;-0,0025;1,2130;False
76,37;-0,2298;-0,0025;1,2130;False
76,38;-0,2298;-0,0025;1,2130;False
76,38;-0,2298;-0,0022;1,2129;False
76,39;-0,2298;-0,0022;1,2129;False
76,40;-0,2298;-0,0022;1,2129;False
76,40;-0,2297;-0,0019;1,2129;False
76,41;-0,2297;-0,0019;1,2129;False
76,41;-0,2297;-0,0019;1,2129;False
76,42;-0,2297;-0,0019;1,2129;False
76,42;-0,2297;-0,0017;1,2128;False
76,43;-0,2297;-0,0017;1,2128;False
76,43;-0,2297;-0,0017;1,2128;False
76,44;-0,2297;-0,0017;1,2128;False
76,45;-0,2296;-0,0015;1,2127;False
76,45;-0,2296;-0,0015;1,2127;False
76,46;-0,2296;-0,0015;1,2127;False
76,46;-0,2296;-0,0013;1,2127;False
76,47;-0,2296;-0,0013;1,2127;False
76,48;-0,2296;-0,0011;1,2126;False
76,49;-0,2296;-0,0011;1,2126;False
76,50;-0,2296;-0,0011;1,2126;False
76,50;-0,2295;-0,0010;1,2126;False
76,51;-0,2295;-0,0010;1,2126;False
76,51;-0,2295;-0,0010;1,2126;False
76,52;-0,2295;-0,0010;1,2126;False
76,52;-0,2295;-0,0009;1,2125;False
76,53;-0,2295;-0,0009;1,2125;False
76,53;-0,2295;-0,0009;1,2125;False
76,54;-0,2295;-0,0009;1,2125;False
76,54;-0,2294;-0,0009;1,2124;False
76,55;-0,2294;-0,0009;1,2124;False
76,55;-0,2294;-0,0009;1,2124;False
76,55;-0,2294;-0,0009;1,2124;False
76,56;-0,2294;-0,0009;1,2124;False
76,56;-0,2294;-0,0008;1,2124;False
76,57;-0,2294;-0,0008;1,2124;False
76,58;-0,2294;-0,0008;1,2124;False
76,58;-0,2294;-0,0008;1,2124;False
76,58;-0,2295;-0,0010;1,2127;False
76,59;-0,2295;-0,0010;1,2127;False
76,59;-0,2295;-0,0010;1,2127;False
76,60;-0,2295;-0,0010;1,2127;False
76,61;-0,2293;-0,0014;1,2131;False
76,61;-0,2293;-0,0014;1,2131;False
76,62;-0,2292;-0,0020;1,2135;False
76,63;-0,2292;-0,0020;1,2135;False
76,64;-0,2292;-0,0020;1,2135;False
76,64;-0,2290;-0,0027;1,2139;False
76,65;-0,2290;-0,0027;1,2139;False
76,65;-0,2290;-0,0027;1,2139;False
76,66;-0,2288;-0,0034;1,2143;False
76,67;-0,2288;-0,0034;1,2143;False
76,68;-0,2288;-0,0034;1,2143;False
76,68;-0,2287;-0,0041;1,2147;False
76,69;-0,2287;-0,0041;1,2147;False
76,70;-0,2286;-0,0048;1,2151;False
76,71;-0,2286;-0,0048;1,2151;False
76,71;-0,2286;-0,0048;1,2151;False
76,72;-0,2286;-0,0048;1,2151;False
76,72;-0,2285;-0,0048;1,2152;False
76,73;-0,2285;-0,0048;1,2152;False
76,74;-0,2285;-0,0048;1,2152;False
76,74;-0,2283;-0,0049;1,2153;False
76,75;-0,2283;-0,0049;1,2153;False
76,76;-0,2283;-0,0049;1,2153;False
76,76;-0,2282;-0,0049;1,2155;False
76,77;-0,2282;-0,0049;1,2155;False
76,78;-0,2282;-0,0049;1,2155;False
76,78;-0,2281;-0,0048;1,2156;False
76,79;-0,2281;-0,0048;1,2156;False
76,80;-0,2281;-0,0048;1,2156;False
76,80;-0,2280;-0,0048;1,2157;False
76,81;-0,2280;-0,0048;1,2157;False
76,82;-0,2280;-0,0048;1,2157;False
76,82;-0,2278;-0,0048;1,2158;False
76,82;-0,2278;-0,0048;1,2158;False
76,83;-0,2278;-0,0048;1,2158;False
76,83;-0,2278;-0,0048;1,2158;False
76,84;-0,2277;-0,0047;1,2159;False
76,85;-0,2277;-0,0047;1,2159;False
76,85;-0,2277;-0,0047;1,2159;False
76,85;-0,2277;-0,0047;1,2159;False
76,86;-0,2277;-0,0047;1,2159;False
76,86;-0,2275;-0,0044;1,2156;False
76,87;-0,2275;-0,0044;1,2156;False
76,88;-0,2276;-0,0041;1,2157;False
76,88;-0,2276;-0,0041;1,2157;False
76,89;-0,2276;-0,0041;1,2157;False
76,89;-0,2276;-0,0041;1,2157;False
76,90;-0,2276;-0,0041;1,2157;False
76,90;-0,2275;-0,0038;1,2157;False
76,91;-0,2275;-0,0038;1,2157;False
76,91;-0,2275;-0,0038;1,2157;False
76,92;-0,2275;-0,0038;1,2157;False
76,92;-0,2275;-0,0038;1,2157;False
76,92;-0,2271;-0,0034;1,2150;False
76,93;-0,2271;-0,0034;1,2150;False
76,94;-0,2271;-0,0034;1,2150;False
76,94;-0,2262;-0,0030;1,2138;False
76,95;-0,2262;-0,0030;1,2138;False
76,96;-0,2262;-0,0030;1,2138;False
76,96;-0,2249;-0,0027;1,2120;False
76,97;-0,2249;-0,0027;1,2120;False
76,98;-0,2249;-0,0027;1,2120;False
76,98;-0,2249;-0,0027;1,2120;False
76,98;-0,2229;-0,0024;1,2094;False
76,99;-0,2229;-0,0024;1,2094;False
76,99;-0,2229;-0,0024;1,2094;False
77,00;-0,2229;-0,0024;1,2094;False
77,00;-0,2206;-0,0021;1,2063;False
77,01;-0,2206;-0,0021;1,2063;False
77,01;-0,2206;-0,0021;1,2063;False
77,02;-0,2206;-0,0021;1,2063;False
77,02;-0,2173;-0,0018;1,2019;False
77,03;-0,2173;-0,0018;1,2019;False
77,03;-0,2173;-0,0018;1,2019;False
77,04;-0,2173;-0,0018;1,2019;False
77,04;-0,2132;-0,0016;1,1962;False
77,05;-0,2132;-0,0016;1,1962;False
77,05;-0,2132;-0,0016;1,1962;False
77,05;-0,2132;-0,0016;1,1962;False
77,06;-0,2132;-0,0016;1,1962;False
77,06;-0,2082;-0,0014;1,1895;False
77,07;-0,2082;-0,0014;1,1895;False
77,07;-0,2082;-0,0014;1,1895;False
77,08;-0,2082;-0,0014;1,1895;False
77,08;-0,2019;-0,0012;1,1810;False
77,09;-0,2019;-0,0012;1,1810;False
77,10;-0,2019;-0,0012;1,1810;False
77,10;-0,1945;-0,0011;1,1710;False
77,11;-0,1945;-0,0011;1,1710;False
77,12;-0,1945;-0,0011;1,1710;False
77,12;-0,1860;-0,0010;1,1595;False
77,13;-0,1860;-0,0010;1,1595;False
77,13;-0,1860;-0,0010;1,1595;False
77,14;-0,1860;-0,0010;1,1595;False
77,14;-0,1762;-0,0009;1,1462;False
77,15;-0,1762;-0,0009;1,1462;False
77,15;-0,1762;-0,0009;1,1462;False
77,16;-0,1651;-0,0009;1,1312;False
77,17;-0,1651;-0,0009;1,1312;False
77,17;-0,1651;-0,0009;1,1312;False
77,18;-0,1651;-0,0009;1,1312;False
77,18;-0,1526;-0,0008;1,1144;False
77,19;-0,1526;-0,0008;1,1144;False
77,20;-0,1526;-0,0008;1,1144;False
77,20;-0,1388;-0,0008;1,0958;False
77,21;-0,1388;-0,0008;1,0958;False
77,22;-0,1388;-0,0008;1,0958;False
77,22;-0,1235;-0,0008;1,0753;False
77,23;-0,1235;-0,0008;1,0753;False
77,24;-0,1235;-0,0008;1,0753;False
77,24;-0,1069;-0,0008;1,0530;False
77,25;-0,1069;-0,0008;1,0530;False
77,25;-0,1069;-0,0008;1,0530;False
77,26;-0,0889;-0,0008;1,0290;False
77,27;-0,0889;-0,0008;1,0290;False
77,28;-0,0889;-0,0008;1,0290;False
77,28;-0,0717;-0,0008;1,0059;False
77,29;-0,0717;-0,0008;1,0059;False
77,29;-0,0717;-0,0008;1,0059;False
77,29;-0,0717;-0,0008;1,0059;False
77,30;-0,0717;-0,0008;1,0059;False
77,31;-0,0552;-0,0008;0,9839;False
77,31;-0,0552;-0,0008;0,9839;False
77,32;-0,0552;-0,0008;0,9839;False
77,32;-0,0394;-0,0008;0,9627;False
77,33;-0,0394;-0,0008;0,9627;False
77,33;-0,0394;-0,0008;0,9627;False
77,34;-0,0394;-0,0008;0,9627;False
77,34;-0,0244;-0,0008;0,9423;False
77,35;-0,0244;-0,0008;0,9423;False
77,35;-0,0244;-0,0008;0,9423;False
77,35;-0,0244;-0,0008;0,9423;False
77,36;-0,0244;-0,0008;0,9423;False
77,36;-0,0103;-0,0008;0,9226;False
77,37;-0,0103;-0,0008;0,9226;False
77,37;-0,0103;-0,0008;0,9226;False
77,38;-0,0103;-0,0008;0,9226;False
77,38;-0,0103;-0,0008;0,9226;False
77,38;0,0025;-0,0008;0,9039;False
77,39;0,0025;-0,0008;0,9039;False
77,39;0,0025;-0,0008;0,9039;False
77,40;0,0025;-0,0008;0,9039;False
77,40;0,0143;-0,0008;0,8857;False
77,41;0,0143;-0,0008;0,8857;False
77,41;0,0143;-0,0008;0,8857;False
77,42;0,0143;-0,0008;0,8857;False
77,42;0,0252;-0,0008;0,8681;False
77,43;0,0252;-0,0008;0,8681;False
77,43;0,0252;-0,0008;0,8681;False
77,44;0,0252;-0,0008;0,8681;False
77,44;0,0252;-0,0008;0,8681;False
77,44;0,0351;-0,0008;0,8509;False
77,45;0,0351;-0,0008;0,8509;False
77,45;0,0351;-0,0008;0,8509;False
77,46;0,0351;-0,0008;0,8509;False
77,46;0,0440;-0,0008;0,8342;False
77,47;0,0440;-0,0008;0,8342;False
77,47;0,0440;-0,0008;0,8342;False
77,47;0,0440;-0,0008;0,8342;False
77,48;0,0440;-0,0008;0,8342;False
77,48;0,0517;-0,0008;0,8183;False
77,49;0,0517;-0,0008;0,8183;False
77,49;0,0517;-0,0008;0,8183;False
77,50;0,0517;-0,0008;0,8183;False
77,50;0,0584;-0,0008;0,8029;False
77,51;0,0584;-0,0008;0,8029;False
77,51;0,0584;-0,0008;0,8029;False
77,51;0,0584;-0,0008;0,8029;False
77,52;0,0584;-0,0008;0,8029;False
77,52;0,0641;-0,0008;0,7880;False
77,53;0,0641;-0,0008;0,7880;False
77,53;0,0641;-0,0008;0,7880;False
77,54;0,0641;-0,0008;0,7880;False
77,54;0,0690;-0,0008;0,7736;False
77,55;0,0690;-0,0008;0,7736;False
77,55;0,0690;-0,0008;0,7736;False
77,55;0,0690;-0,0008;0,7736;False
77,56;0,0730;-0,0008;0,7596;False
77,57;0,0730;-0,0008;0,7596;False
77,57;0,0730;-0,0008;0,7596;False
77,57;0,0730;-0,0008;0,7596;False
77,58;0,0730;-0,0008;0,7596;False
77,58;0,0763;-0,0008;0,7465;False
77,59;0,0763;-0,0008;0,7465;False
77,59;0,0763;-0,0008;0,7465;False
77,60;0,0763;-0,0008;0,7465;False
77,60;0,0789;-0,0008;0,7339;False
77,61;0,0789;-0,0008;0,7339;False
77,61;0,0789;-0,0008;0,7339;False
77,61;0,0789;-0,0008;0,7339;False
77,62;0,0789;-0,0008;0,7339;False
77,62;0,0811;-0,0008;0,7217;False
77,63;0,0811;-0,0008;0,7217;False
77,63;0,0811;-0,0008;0,7217;False
77,63;0,0811;-0,0008;0,7217;False
77,64;0,0828;-0,0008;0,7100;False
77,65;0,0828;-0,0008;0,7100;False
77,65;0,0828;-0,0008;0,7100;False
77,65;0,0828;-0,0008;0,7100;False
77,66;0,0828;-0,0008;0,7100;False
77,66;0,0841;-0,0008;0,6988;False
77,67;0,0841;-0,0008;0,6988;False
77,67;0,0841;-0,0008;0,6988;False
77,68;0,0841;-0,0008;0,6988;False
77,68;0,0850;-0,0008;0,6883;False
77,69;0,0850;-0,0008;0,6883;False
77,69;0,0850;-0,0008;0,6883;False
77,70;0,0850;-0,0008;0,6883;False
77,71;0,0856;-0,0008;0,6783;False
77,71;0,0856;-0,0008;0,6783;False
77,72;0,0856;-0,0008;0,6783;False
77,72;0,0856;-0,0008;0,6783;False
77,72;0,0859;-0,0008;0,6686;False
77,73;0,0859;-0,0008;0,6686;False
77,74;0,0859;-0,0008;0,6686;False
77,74;0,0859;-0,0008;0,6686;False
77,74;0,0860;-0,0008;0,6594;False
77,75;0,0860;-0,0008;0,6594;False
77,75;0,0860;-0,0008;0,6594;False
77,75;0,0860;-0,0008;0,6594;False
77,76;0,0860;-0,0008;0,6594;False
77,76;0,0859;-0,0008;0,6506;False
77,77;0,0859;-0,0008;0,6506;False
77,77;0,0859;-0,0008;0,6506;False
77,78;0,0859;-0,0008;0,6506;False
77,78;0,0857;-0,0008;0,6423;False
77,79;0,0857;-0,0008;0,6423;False
77,79;0,0857;-0,0008;0,6423;False
77,80;0,0857;-0,0008;0,6423;False
77,80;0,0852;-0,0008;0,6344;False
77,81;0,0852;-0,0008;0,6344;False
77,81;0,0852;-0,0008;0,6344;False
77,82;0,0852;-0,0008;0,6344;False
77,82;0,0852;-0,0008;0,6344;False
77,82;0,0847;-0,0008;0,6269;False
77,83;0,0847;-0,0008;0,6269;False
77,84;0,0847;-0,0008;0,6269;False
77,84;0,0840;-0,0008;0,6196;False
77,85;0,0840;-0,0008;0,6196;False
77,85;0,0840;-0,0008;0,6196;False
77,85;0,0840;-0,0008;0,6196;False
77,86;0,0840;-0,0008;0,6196;False
77,86;0,0833;-0,0008;0,6127;False
77,87;0,0833;-0,0008;0,6127;False
77,87;0,0833;-0,0008;0,6127;False
77,88;0,0833;-0,0008;0,6127;False
77,88;0,0824;-0,0008;0,6063;False
77,89;0,0824;-0,0008;0,6063;False
77,90;0,0824;-0,0008;0,6063;False
77,90;0,0815;-0,0008;0,6001;False
77,90;0,0815;-0,0008;0,6001;False
77,91;0,0815;-0,0008;0,6001;False
77,91;0,0815;-0,0008;0,6001;False
77,92;0,0815;-0,0008;0,6001;False
77,92;0,0806;-0,0008;0,5942;False
77,93;0,0806;-0,0008;0,5942;False
77,93;0,0806;-0,0008;0,5942;False
77,94;0,0806;-0,0008;0,5942;False
77,94;0,0796;-0,0008;0,5886;False
77,94;0,0796;-0,0008;0,5886;False
77,95;0,0796;-0,0008;0,5886;False
77,95;0,0796;-0,0008;0,5886;False
77,96;0,0796;-0,0008;0,5886;False
77,96;0,0786;-0,0008;0,5832;False
77,97;0,0786;-0,0008;0,5832;False
77,98;0,0786;-0,0008;0,5832;False
77,98;0,0786;-0,0008;0,5832;False
77,98;0,0776;-0,0008;0,5782;False
77,99;0,0776;-0,0008;0,5782;False
77,99;0,0776;-0,0008;0,5782;False
78,00;0,0776;-0,0008;0,5782;False
78,00;0,0766;-0,0008;0,5734;False
78,01;0,0766;-0,0008;0,5734;False
78,01;0,0766;-0,0008;0,5734;False
78,02;0,0766;-0,0008;0,5734;False
78,02;0,0755;-0,0008;0,5688;False
78,03;0,0755;-0,0008;0,5688;False
78,03;0,0755;-0,0008;0,5688;False
78,04;0,0745;-0,0008;0,5644;False
78,05;0,0745;-0,0008;0,5644;False
78,06;0,0745;-0,0008;0,5644;False
78,07;0,0734;-0,0008;0,5602;False
78,08;0,0734;-0,0008;0,5602;False
78,08;0,0733;-0,0008;0,5600;False
78,10;0,0733;-0,0008;0,5600;False
78,10;0,0733;-0,0008;0,5598;False
78,12;0,0733;-0,0008;0,5598;False
78,13;0,0733;-0,0008;0,5596;False
78,14;0,0733;-0,0008;0,5596;False
78,14;0,0732;-0,0008;0,5594;False
78,16;0,0732;-0,0008;0,5594;False
78,16;0,0732;-0,0008;0,5593;False
78,17;0,0732;-0,0008;0,5593;False
78,18;0,0731;-0,0008;0,5591;False
78,19;0,0731;-0,0008;0,5591;False
78,20;0,0731;-0,0008;0,5591;False
78,21;0,0731;-0,0008;0,5589;False
78,21;0,0731;-0,0008;0,5589;False
78,22;0,0731;-0,0008;0,5589;False
78,22;0,0731;-0,0008;0,5588;False
78,23;0,0731;-0,0008;0,5588;False
78,24;0,0731;-0,0008;0,5586;False
78,25;0,0731;-0,0008;0,5586;False
78,25;0,0731;-0,0008;0,5586;False
78,26;0,0731;-0,0008;0,5586;False
78,27;0,0730;-0,0008;0,5585;False
78,27;0,0730;-0,0008;0,5585;False
78,28;0,0730;-0,0008;0,5585;False
78,28;0,0730;-0,0008;0,5583;False
78,29;0,0730;-0,0008;0,5583;False
78,30;0,0730;-0,0001;0,5587;False
78,31;0,0730;-0,0001;0,5587;False
78,32;0,0730;-0,0001;0,5587;False
78,32;0,0730;-0,0003;0,5586;False
78,33;0,0730;-0,0003;0,5586;False
78,33;0,0730;-0,0003;0,5586;False
78,34;0,0730;-0,0003;0,5586;False
78,34;0,0730;-0,0003;0,5586;False
78,34;0,0729;-0,0005;0,5585;False
78,35;0,0729;-0,0005;0,5585;False
78,36;0,0729;-0,0005;0,5585;False
78,36;0,0729;-0,0006;0,5584;False
78,37;0,0729;-0,0006;0,5584;False
78,38;0,0729;-0,0006;0,5584;False
78,38;0,0729;-0,0008;0,5582;False
78,39;0,0729;-0,0008;0,5582;False
78,40;0,0729;-0,0008;0,5582;False
78,40;0,0729;-0,0008;0,5581;False
78,41;0,0729;-0,0008;0,5581;False
78,41;0,0729;-0,0008;0,5581;False
78,42;0,0729;-0,0009;0,5580;False
78,43;0,0729;-0,0009;0,5580;False
78,43;0,0729;-0,0009;0,5580;False
78,44;0,0729;-0,0009;0,5580;False
78,44;0,0727;-0,0008;0,5585;False
78,45;0,0727;-0,0008;0,5585;False
78,45;0,0727;-0,0008;0,5585;False
78,46;0,0727;-0,0008;0,5585;False
78,46;0,0727;-0,0009;0,5584;False
78,47;0,0727;-0,0009;0,5584;False
78,48;0,0727;-0,0009;0,5584;False
78,49;0,0727;-0,0009;0,5583;False
78,49;0,0727;-0,0009;0,5583;False
78,50;0,0727;-0,0009;0,5583;False
78,51;0,0727;-0,0009;0,5582;False
78,51;0,0727;-0,0009;0,5582;False
78,52;0,0727;-0,0010;0,5581;False
78,53;0,0727;-0,0010;0,5581;False
78,54;0,0727;-0,0010;0,5581;False
78,54;0,0727;-0,0010;0,5580;False
78,55;0,0727;-0,0010;0,5580;False
78,56;0,0727;-0,0010;0,5580;False
78,56;0,0727;-0,0010;0,5579;False
78,57;0,0727;-0,0010;0,5579;False
78,58;0,0727;-0,0010;0,5579;False
78,59;0,0727;-0,0010;0,5579;False
78,59;0,0727;-0,0010;0,5579;False
78,60;0,0726;-0,0010;0,5578;False
78,60;0,0726;-0,0010;0,5578;False
78,61;0,0726;-0,0010;0,5578;False
78,61;0,0726;-0,0010;0,5578;False
78,62;0,0726;-0,0010;0,5578;False
78,62;0,0726;-0,0010;0,5577;False
78,63;0,0726;-0,0010;0,5577;False
78,64;0,0726;-0,0010;0,5577;False
78,64;0,0726;-0,0010;0,5577;False
78,64;0,0725;-0,0009;0,5565;False
78,65;0,0725;-0,0009;0,5565;False
78,65;0,0725;-0,0009;0,5565;False
78,66;0,0725;-0,0009;0,5565;False
78,67;0,0723;-0,0009;0,5541;False
78,67;0,0723;-0,0009;0,5541;False
78,68;0,0723;-0,0009;0,5541;False
78,68;0,0719;-0,0009;0,5503;False
78,69;0,0719;-0,0009;0,5503;False
78,69;0,0719;-0,0009;0,5503;False
78,70;0,0715;-0,0009;0,5457;False
78,71;0,0715;-0,0009;0,5457;False
78,71;0,0715;-0,0009;0,5457;False
78,71;0,0715;-0,0009;0,5457;False
78,72;0,0715;-0,0009;0,5457;False
78,72;0,0710;-0,0009;0,5403;False
78,73;0,0710;-0,0009;0,5403;False
78,73;0,0710;-0,0009;0,5403;False
78,74;0,0710;-0,0009;0,5403;False
78,74;0,0705;-0,0009;0,5345;False
78,75;0,0705;-0,0009;0,5345;False
78,75;0,0705;-0,0009;0,5345;False
78,75;0,0705;-0,0009;0,5345;False
78,76;0,0699;-0,0009;0,5283;False
78,77;0,0699;-0,0009;0,5283;False
78,77;0,0699;-0,0009;0,5283;False
78,77;0,0699;-0,0009;0,5283;False
78,78;0,0699;-0,0009;0,5283;False
78,78;0,0699;-0,0009;0,5283;False
78,79;0,0693;-0,0009;0,5224;False
78,79;0,0693;-0,0009;0,5224;False
78,80;0,0693;-0,0009;0,5224;False
78,80;0,0687;-0,0009;0,5161;False
78,81;0,0687;-0,0009;0,5161;False
78,81;0,0687;-0,0009;0,5161;False
78,81;0,0687;-0,0009;0,5161;False
78,82;0,0687;-0,0009;0,5161;False
78,82;0,0682;-0,0009;0,5108;False
78,83;0,0682;-0,0009;0,5108;False
78,83;0,0682;-0,0009;0,5108;False
78,83;0,0682;-0,0009;0,5108;False
78,84;0,0677;-0,0009;0,5058;False
78,85;0,0677;-0,0009;0,5058;False
78,85;0,0677;-0,0009;0,5058;False
78,85;0,0677;-0,0009;0,5058;False
78,86;0,0677;-0,0009;0,5058;False
78,86;0,0673;-0,0008;0,5015;False
78,87;0,0673;-0,0008;0,5015;False
78,87;0,0673;-0,0008;0,5015;False
78,88;0,0673;-0,0008;0,5015;False
78,88;0,0669;-0,0008;0,4979;False
78,89;0,0669;-0,0008;0,4979;False
78,89;0,0669;-0,0008;0,4979;False
78,90;0,0669;-0,0008;0,4979;False
78,91;0,0667;-0,0008;0,4954;False
78,91;0,0667;-0,0008;0,4954;False
78,92;0,0667;-0,0008;0,4954;False
78,92;0,0666;-0,0008;0,4941;False
78,93;0,0666;-0,0008;0,4941;False
78,93;0,0666;-0,0008;0,4941;False
78,94;0,0666;-0,0008;0,4941;False
78,94;0,0666;-0,0008;0,4940;False
78,94;0,0666;-0,0008;0,4940;False
78,95;0,0666;-0,0008;0,4940;False
78,95;0,0666;-0,0008;0,4940;False
78,96;0,0666;-0,0008;0,4940;False
78,96;0,0667;-0,0008;0,4954;False
78,97;0,0667;-0,0008;0,4954;False
78,97;0,0667;-0,0008;0,4954;False
78,98;0,0667;-0,0008;0,4954;False
78,98;0,0667;-0,0008;0,4954;False
78,98;0,0670;-0,0008;0,4988;False
78,99;0,0670;-0,0008;0,4988;False
78,99;0,0670;-0,0008;0,4988;False
79,00;0,0670;-0,0008;0,4988;False
79,00;0,0675;-0,0008;0,5039;False
79,01;0,0675;-0,0008;0,5039;False
79,01;0,0675;-0,0008;0,5039;False
79,01;0,0675;-0,0008;0,5039;False
79,02;0,0675;-0,0008;0,5039;False
79,02;0,0682;-0,0008;0,5110;False
79,03;0,0682;-0,0008;0,5110;False
79,03;0,0682;-0,0008;0,5110;False
79,04;0,0682;-0,0008;0,5110;False
79,04;0,0690;-0,0008;0,5204;False
79,05;0,0690;-0,0008;0,5204;False
79,05;0,0690;-0,0008;0,5204;False
79,05;0,0690;-0,0008;0,5204;False
79,06;0,0690;-0,0008;0,5204;False
79,06;0,0702;-0,0008;0,5325;False
79,07;0,0702;-0,0008;0,5325;False
79,07;0,0702;-0,0008;0,5325;False
79,07;0,0702;-0,0008;0,5325;False
79,08;0,0702;-0,0008;0,5325;False
79,08;0,0715;-0,0008;0,5471;False
79,09;0,0715;-0,0008;0,5471;False
79,09;0,0715;-0,0008;0,5471;False
79,10;0,0728;-0,0008;0,5614;False
79,10;0,0728;-0,0008;0,5614;False
79,11;0,0728;-0,0008;0,5614;False
79,11;0,0728;-0,0008;0,5614;False
79,12;0,0728;-0,0008;0,5614;False
79,12;0,0740;-0,0008;0,5752;False
79,13;0,0740;-0,0008;0,5752;False
79,13;0,0740;-0,0008;0,5752;False
79,14;0,0740;-0,0008;0,5752;False
79,14;0,0740;-0,0008;0,5752;False
79,14;0,0752;-0,0008;0,5884;False
79,15;0,0752;-0,0008;0,5884;False
79,15;0,0752;-0,0008;0,5884;False
79,16;0,0752;-0,0008;0,5884;False
79,16;0,0764;-0,0008;0,6021;False
79,17;0,0764;-0,0008;0,6021;False
79,17;0,0764;-0,0008;0,6021;False
79,17;0,0764;-0,0008;0,6021;False
79,18;0,0764;-0,0008;0,6021;False
79,18;0,0779;-0,0008;0,6194;False
79,19;0,0779;-0,0008;0,6194;False
79,19;0,0779;-0,0008;0,6194;False
79,20;0,0779;-0,0008;0,6194;False
79,20;0,0794;-0,0008;0,6364;False
79,21;0,0794;-0,0008;0,6364;False
79,21;0,0794;-0,0008;0,6364;False
79,21;0,0794;-0,0008;0,6364;False
79,22;0,0808;-0,0008;0,6528;False
79,22;0,0808;-0,0008;0,6528;False
79,23;0,0808;-0,0008;0,6528;False
79,23;0,0808;-0,0008;0,6528;False
79,24;0,0821;-0,0008;0,6685;False
79,24;0,0821;-0,0008;0,6685;False
79,25;0,0821;-0,0008;0,6685;False
79,25;0,0821;-0,0008;0,6685;False
79,26;0,0821;-0,0008;0,6685;False
79,26;0,0821;-0,0008;0,6685;False
79,26;0,0834;-0,0008;0,6835;False
79,27;0,0834;-0,0008;0,6835;False
79,28;0,0834;-0,0008;0,6835;False
79,28;0,0846;-0,0008;0,6979;False
79,29;0,0846;-0,0008;0,6979;False
79,29;0,0846;-0,0008;0,6979;False
79,29;0,0846;-0,0008;0,6979;False
79,30;0,0846;-0,0008;0,6979;False
79,31;0,0857;-0,0008;0,7118;False
79,31;0,0857;-0,0008;0,7118;False
79,32;0,0857;-0,0008;0,7118;False
79,32;0,0868;-0,0008;0,7250;False
79,33;0,0868;-0,0008;0,7250;False
79,34;0,0868;-0,0008;0,7250;False
79,34;0,0879;-0,0008;0,7387;False
79,35;0,0879;-0,0008;0,7387;False
79,35;0,0879;-0,0008;0,7387;False
79,36;0,0879;-0,0008;0,7387;False
79,36;0,0893;-0,0008;0,7560;False
79,37;0,0893;-0,0008;0,7560;False
79,37;0,0893;-0,0008;0,7560;False
79,38;0,0893;-0,0008;0,7560;False
79,38;0,0893;-0,0008;0,7560;False
79,38;0,0907;-0,0008;0,7731;False
79,39;0,0907;-0,0008;0,7731;False
79,39;0,0907;-0,0008;0,7731;False
79,40;0,0910;-0,0029;0,7730;False
79,40;0,0923;-0,0023;0,7893;False
79,41;0,0923;-0,0023;0,7893;False
79,41;0,0923;-0,0023;0,7893;False
79,42;0,0923;-0,0023;0,7893;False
79,42;0,0935;-0,0017;0,8049;False
79,43;0,0935;-0,0017;0,8049;False
79,43;0,0935;-0,0017;0,8049;False
79,44;0,0935;-0,0017;0,8049;False
79,44;0,0947;-0,0013;0,8199;False
79,45;0,0947;-0,0013;0,8199;False
79,45;0,0947;-0,0013;0,8199;False
79,46;0,0947;-0,0013;0,8199;False
79,47;0,0958;-0,0010;0,8342;False
79,47;0,0958;-0,0010;0,8342;False
79,48;0,0958;-0,0010;0,8342;False
79,48;0,0968;-0,0007;0,8479;False
79,49;0,0968;-0,0007;0,8479;False
79,49;0,0968;-0,0007;0,8479;False
79,50;0,0978;-0,0005;0,8620;False
79,51;0,0978;-0,0005;0,8620;False
79,52;0,0978;-0,0005;0,8620;False
79,52;0,0989;-0,0004;0,8768;False
79,53;0,0989;-0,0004;0,8768;False
79,54;0,0989;-0,0004;0,8768;False
79,54;0,0999;-0,0003;0,8910;False
79,55;0,0999;-0,0003;0,8910;False
79,55;0,0999;-0,0003;0,8910;False
79,56;0,1009;-0,0003;0,9046;False
79,57;0,1009;-0,0003;0,9046;False
79,57;0,1009;-0,0003;0,9046;False
79,58;0,1009;-0,0003;0,9046;False
79,58;0,1019;-0,0003;0,9187;False
79,59;0,1019;-0,0003;0,9187;False
79,59;0,1019;-0,0003;0,9187;False
79,60;0,1019;-0,0003;0,9187;False
79,61;0,1029;-0,0003;0,9334;False
79,61;0,1029;-0,0003;0,9334;False
79,62;0,1029;-0,0003;0,9334;False
79,62;0,1039;-0,0003;0,9475;False
79,63;0,1039;-0,0003;0,9475;False
79,64;0,1039;-0,0003;0,9475;False
79,64;0,1048;-0,0003;0,9607;False
79,66;0,1048;-0,0003;0,9607;False
79,66;0,1056;-0,0004;0,9734;False
79,67;0,1056;-0,0004;0,9734;False
79,67;0,1056;-0,0004;0,9734;False
79,68;0,1064;-0,0004;0,9855;False
79,69;0,1064;-0,0004;0,9855;False
79,69;0,1064;-0,0004;0,9855;False
79,70;0,1064;-0,0004;0,9855;False
79,70;0,1071;-0,0004;0,9971;False
79,72;0,1071;-0,0004;0,9971;False
79,72;0,1078;-0,0005;1,0082;False
79,73;0,1078;-0,0005;1,0082;False
79,73;0,1078;-0,0005;1,0082;False
79,74;0,1085;-0,0005;1,0185;False
79,75;0,1085;-0,0005;1,0185;False
79,75;0,1085;-0,0005;1,0185;False
79,76;0,1085;-0,0005;1,0185;False
79,76;0,1091;-0,0005;1,0285;False
79,77;0,1091;-0,0005;1,0285;False
79,78;0,1097;-0,0005;1,0380;False
79,79;0,1097;-0,0005;1,0380;False
79,79;0,1097;-0,0005;1,0380;False
79,80;0,1097;0,0007;1,0467;False
79,81;0,1097;0,0007;1,0467;False
79,81;0,1097;0,0007;1,0467;False
79,82;0,1097;0,0007;1,0467;False
79,82;0,1102;0,0003;1,0555;False
79,83;0,1102;0,0003;1,0555;False
79,84;0,1102;0,0003;1,0555;False
79,84;0,1107;0,0000;1,0637;False
79,85;0,1107;0,0000;1,0637;False
79,85;0,1107;0,0000;1,0637;False
79,86;0,1107;0,0000;1,0637;False
79,86;0,1111;-0,0003;1,0715;False
79,87;0,1111;-0,0003;1,0715;False
79,87;0,1111;-0,0003;1,0715;False
79,88;0,1111;-0,0003;1,0715;False
79,88;0,1116;-0,0005;1,0796;False
79,89;0,1116;-0,0005;1,0796;False
79,90;0,1116;-0,0005;1,0796;False
79,90;0,1116;-0,0005;1,0796;False
79,91;0,1122;-0,0006;1,0904;False
79,91;0,1122;-0,0006;1,0904;False
79,92;0,1122;-0,0006;1,0904;False
79,92;0,1129;-0,0007;1,1035;False
79,93;0,1129;-0,0007;1,1035;False
79,94;0,1129;-0,0007;1,1035;False
79,94;0,1137;-0,0007;1,1181;False
79,95;0,1137;-0,0007;1,1181;False
79,96;0,1137;-0,0007;1,1181;False
79,97;0,1145;-0,0007;1,1338;False
79,97;0,1145;-0,0007;1,1338;False
79,98;0,1154;-0,0007;1,1507;False
79,99;0,1154;-0,0007;1,1507;False
80,00;0,1154;-0,0007;1,1507;False
80,00;0,1163;-0,0007;1,1680;False
80,01;0,1163;-0,0007;1,1680;False
80,01;0,1163;-0,0007;1,1680;False
80,02;0,1163;-0,0007;1,1680;False
80,02;0,1172;-0,0006;1,1859;False
80,03;0,1172;-0,0006;1,1859;False
80,04;0,1172;-0,0006;1,1859;False
80,05;0,1180;-0,0006;1,2041;False
80,06;0,1180;-0,0006;1,2041;False
80,06;0,1189;-0,0006;1,2225;False
80,07;0,1189;-0,0006;1,2225;False
80,08;0,1189;-0,0006;1,2225;False
80,08;0,1197;-0,0006;1,2410;False
80,09;0,1197;-0,0006;1,2410;False
80,10;0,1197;-0,0006;1,2410;False
80,10;0,1206;-0,0006;1,2592;False
80,11;0,1206;-0,0006;1,2592;False
80,12;0,1213;-0,0006;1,2770;False
80,13;0,1213;-0,0006;1,2770;False
80,14;0,1221;-0,0006;1,2944;False
80,15;0,1221;-0,0006;1,2944;False
80,16;0,1221;-0,0006;1,2944;False
80,16;0,1227;-0,0006;1,3109;False
80,17;0,1227;-0,0006;1,3109;False
80,18;0,1227;-0,0006;1,3109;False
80,18;0,1234;-0,0006;1,3264;False
80,19;0,1234;-0,0006;1,3264;False
80,19;0,1234;-0,0006;1,3264;False
80,19;0,1234;-0,0006;1,3264;False
80,20;0,1239;-0,0007;1,3409;False
80,21;0,1239;-0,0007;1,3409;False
80,21;0,1239;-0,0007;1,3409;False
80,21;0,1239;-0,0007;1,3409;False
80,22;0,1244;-0,0007;1,3540;False
80,23;0,1244;-0,0007;1,3540;False
80,24;0,1244;-0,0007;1,3540;False
80,25;0,1249;-0,0007;1,3654;False
80,26;0,1249;-0,0007;1,3654;False
80,26;0,1252;-0,0007;1,3754;False
80,28;0,1252;-0,0007;1,3754;False
80,28;0,1255;-0,0007;1,3836;False
80,29;0,1255;-0,0007;1,3836;False
80,30;0,1255;-0,0007;1,3836;False
80,30;0,1258;-0,0007;1,3902;False
80,31;0,1258;-0,0007;1,3902;False
80,31;0,1258;-0,0007;1,3902;False
80,32;0,1259;-0,0007;1,3947;False
80,33;0,1259;-0,0007;1,3947;False
80,34;0,1259;-0,0007;1,3947;False
80,34;0,1260;-0,0008;1,3972;False
80,35;0,1260;-0,0008;1,3972;False
80,35;0,1260;-0,0008;1,3972;False
80,36;0,1260;-0,0008;1,3975;False
80,37;0,1260;-0,0008;1,3975;False
80,37;0,1260;-0,0008;1,3975;False
80,37;0,1260;-0,0008;1,3975;False
80,38;0,1260;-0,0008;1,3975;False
80,39;0,1259;-0,0008;1,3953;False
80,39;0,1259;-0,0008;1,3953;False
80,40;0,1258;-0,0008;1,3906;False
80,41;0,1258;-0,0008;1,3906;False
80,41;0,1258;-0,0008;1,3906;False
80,42;0,1258;-0,0008;1,3906;False
80,42;0,1255;-0,0008;1,3832;False
80,43;0,1255;-0,0008;1,3832;False
80,43;0,1255;-0,0008;1,3832;False
80,44;0,1251;-0,0008;1,3734;False
80,45;0,1251;-0,0008;1,3734;False
80,45;0,1251;-0,0008;1,3734;False
80,45;0,1251;-0,0008;1,3734;False
80,46;0,1251;-0,0008;1,3734;False
80,46;0,1247;-0,0008;1,3604;False
80,47;0,1247;-0,0008;1,3604;False
80,47;0,1247;-0,0008;1,3604;False
80,48;0,1247;-0,0008;1,3604;False
80,48;0,1241;-0,0008;1,3445;False
80,49;0,1241;-0,0008;1,3445;False
80,49;0,1241;-0,0008;1,3445;False
80,49;0,1241;-0,0008;1,3445;False
80,50;0,1241;-0,0008;1,3445;False
80,50;0,1233;-0,0008;1,3260;False
80,51;0,1233;-0,0008;1,3260;False
80,51;0,1233;-0,0008;1,3260;False
80,52;0,1233;-0,0008;1,3260;False
80,52;0,1233;-0,0008;1,3260;False
80,52;0,1225;-0,0008;1,3050;False
80,53;0,1225;-0,0008;1,3050;False
80,54;0,1216;-0,0008;1,2815;False
80,55;0,1216;-0,0008;1,2815;False
80,55;0,1216;-0,0008;1,2815;False
80,56;0,1216;-0,0008;1,2815;False
80,56;0,1205;-0,0008;1,2557;False
80,57;0,1205;-0,0008;1,2557;False
80,58;0,1205;-0,0008;1,2557;False
80,58;0,1205;-0,0008;1,2557;False
80,58;0,1193;-0,0008;1,2276;False
80,59;0,1193;-0,0008;1,2276;False
80,59;0,1193;-0,0008;1,2276;False
80,60;0,1193;-0,0008;1,2276;False
80,60;0,1179;-0,0008;1,1974;False
80,61;0,1179;-0,0008;1,1974;False
80,61;0,1179;-0,0008;1,1974;False
80,61;0,1179;-0,0008;1,1974;False
80,62;0,1179;-0,0008;1,1974;False
80,62;0,1165;-0,0008;1,1652;False
80,63;0,1165;-0,0008;1,1652;False
80,63;0,1165;-0,0008;1,1652;False
80,64;0,1165;-0,0008;1,1652;False
80,64;0,1148;-0,0008;1,1310;False
80,65;0,1148;-0,0008;1,1310;False
80,65;0,1148;-0,0008;1,1310;False
80,65;0,1148;-0,0008;1,1310;False
80,66;0,1148;-0,0008;1,1310;False
80,66;0,1131;-0,0008;1,0949;False
80,67;0,1131;-0,0008;1,0949;False
80,67;0,1131;-0,0008;1,0949;False
80,68;0,1131;-0,0008;1,0949;False
80,68;0,1131;-0,0008;1,0949;False
80,68;0,1112;-0,0008;1,0571;False
80,69;0,1112;-0,0008;1,0571;False
80,70;0,1112;-0,0008;1,0571;False
80,70;0,1091;-0,0008;1,0177;False
80,71;0,1091;-0,0008;1,0177;False
80,71;0,1091;-0,0008;1,0177;False
80,71;0,1091;-0,0008;1,0177;False
80,72;0,1091;-0,0008;1,0177;False
80,72;0,1069;-0,0008;0,9766;False
80,73;0,1069;-0,0008;0,9766;False
80,74;0,1069;-0,0008;0,9766;False
80,74;0,1069;-0,0008;0,9766;False
80,74;0,1046;-0,0008;0,9365;False
80,75;0,1046;-0,0008;0,9365;False
80,75;0,1046;-0,0008;0,9365;False
80,76;0,1046;-0,0008;0,9365;False
80,76;0,1024;-0,0008;0,8980;False
80,77;0,1024;-0,0008;0,8980;False
80,77;0,1024;-0,0008;0,8980;False
80,78;0,1024;-0,0008;0,8980;False
80,78;0,1024;-0,0008;0,8980;False
80,78;0,1001;-0,0008;0,8590;False
80,79;0,1001;-0,0008;0,8590;False
80,80;0,1001;-0,0008;0,8590;False
80,80;0,0975;-0,0008;0,8183;False
80,81;0,0975;-0,0008;0,8183;False
80,81;0,0975;-0,0008;0,8183;False
80,81;0,0975;-0,0008;0,8183;False
80,82;0,0975;-0,0008;0,8183;False
80,82;0,0950;-0,0008;0,7786;False
80,83;0,0950;-0,0008;0,7786;False
80,83;0,0950;-0,0008;0,7786;False
80,83;0,0950;-0,0008;0,7786;False
80,84;0,0925;-0,0008;0,7405;False
80,85;0,0925;-0,0008;0,7405;False
80,85;0,0925;-0,0008;0,7405;False
80,86;0,0925;-0,0008;0,7405;False
80,86;0,0925;-0,0008;0,7405;False
80,86;0,0899;-0,0008;0,7019;False
80,87;0,0899;-0,0008;0,7019;False
80,88;0,0899;-0,0008;0,7019;False
80,88;0,0870;-0,0008;0,6615;False
80,89;0,0870;-0,0008;0,6615;False
80,89;0,0870;-0,0008;0,6615;False
80,89;0,0870;-0,0008;0,6615;False
80,90;0,0870;-0,0008;0,6615;False
80,91;0,0842;-0,0008;0,6221;False
80,91;0,0842;-0,0008;0,6221;False
80,92;0,0812;-0,0008;0,5821;False
80,93;0,0812;-0,0008;0,5821;False
80,93;0,0812;-0,0008;0,5821;False
80,94;0,0783;-0,0008;0,5440;False
80,94;0,0783;-0,0008;0,5440;False
80,95;0,0783;-0,0008;0,5440;False
80,95;0,0783;-0,0008;0,5440;False
80,96;0,0783;-0,0008;0,5440;False
80,96;0,0754;-0,0008;0,5074;False
80,97;0,0754;-0,0008;0,5074;False
80,98;0,0754;-0,0008;0,5074;False
80,98;0,0754;-0,0008;0,5074;False
80,98;0,0725;-0,0008;0,4724;False
80,99;0,0725;-0,0008;0,4724;False
80,99;0,0725;-0,0008;0,4724;False
81,00;0,0725;-0,0008;0,4724;False
81,00;0,0695;-0,0008;0,4388;False
81,01;0,0695;-0,0008;0,4388;False
81,01;0,0695;-0,0008;0,4388;False
81,02;0,0695;-0,0008;0,4388;False
81,02;0,0662;-0,0008;0,4068;False
81,03;0,0662;-0,0008;0,4068;False
81,03;0,0662;-0,0008;0,4068;False
81,04;0,0662;-0,0008;0,4068;False
81,04;0,0625;-0,0008;0,3769;False
81,05;0,0625;-0,0008;0,3769;False
81,05;0,0625;-0,0008;0,3769;False
81,05;0,0625;-0,0008;0,3769;False
81,06;0,0625;-0,0008;0,3769;False
81,06;0,0584;-0,0008;0,3484;False
81,07;0,0584;-0,0008;0,3484;False
81,07;0,0584;-0,0008;0,3484;False
81,08;0,0584;-0,0008;0,3484;False
81,08;0,0584;-0,0008;0,3484;False
81,08;0,0536;-0,0008;0,3213;False
81,09;0,0536;-0,0008;0,3213;False
81,09;0,0536;-0,0008;0,3213;False
81,10;0,0536;-0,0008;0,3213;False
81,10;0,0482;-0,0008;0,2955;False
81,11;0,0482;-0,0008;0,2955;False
81,11;0,0482;-0,0008;0,2955;False
81,11;0,0482;-0,0008;0,2955;False
81,12;0,0482;-0,0008;0,2955;False
81,12;0,0421;-0,0008;0,2712;False
81,13;0,0421;-0,0008;0,2712;False
81,14;0,0421;-0,0008;0,2712;False
81,14;0,0421;-0,0008;0,2712;False
81,14;0,0355;-0,0008;0,2488;False
81,15;0,0355;-0,0008;0,2488;False
81,15;0,0355;-0,0008;0,2488;False
81,16;0,0355;-0,0008;0,2488;False
81,16;0,0282;-0,0008;0,2278;False
81,17;0,0282;-0,0008;0,2278;False
81,17;0,0282;-0,0008;0,2278;False
81,18;0,0282;-0,0008;0,2278;False
81,18;0,0282;-0,0008;0,2278;False
81,18;0,0202;-0,0008;0,2081;False
81,19;0,0202;-0,0008;0,2081;False
81,19;0,0202;-0,0008;0,2081;False
81,20;0,0202;-0,0008;0,2081;False
81,20;0,0116;-0,0008;0,1898;False
81,21;0,0116;-0,0008;0,1898;False
81,21;0,0116;-0,0008;0,1898;False
81,21;0,0116;-0,0008;0,1898;False
81,22;0,0116;-0,0008;0,1898;False
81,22;0,0026;-0,0008;0,1728;False
81,23;0,0026;-0,0008;0,1728;False
81,23;0,0026;-0,0008;0,1728;False
81,24;0,0026;-0,0008;0,1728;False
81,24;-0,0067;-0,0008;0,1575;False
81,25;-0,0067;-0,0008;0,1575;False
81,25;-0,0067;-0,0008;0,1575;False
81,26;-0,0067;-0,0008;0,1575;False
81,26;-0,0067;-0,0008;0,1575;False
81,26;-0,0162;-0,0008;0,1433;False
81,27;-0,0162;-0,0008;0,1433;False
81,28;-0,0162;-0,0008;0,1433;False
81,28;-0,0162;-0,0008;0,1433;False
81,28;-0,0258;-0,0008;0,1301;False
81,29;-0,0258;-0,0008;0,1301;False
81,29;-0,0258;-0,0008;0,1301;False
81,30;-0,0258;-0,0008;0,1301;False
81,31;-0,0355;-0,0008;0,1179;False
81,31;-0,0355;-0,0008;0,1179;False
81,31;-0,0355;-0,0008;0,1179;False
81,32;-0,0355;-0,0008;0,1179;False
81,32;-0,0452;-0,0008;0,1066;False
81,33;-0,0452;-0,0008;0,1066;False
81,34;-0,0452;-0,0008;0,1066;False
81,34;-0,0547;-0,0008;0,0964;False
81,35;-0,0547;-0,0008;0,0964;False
81,35;-0,0547;-0,0008;0,0964;False
81,35;-0,0547;-0,0008;0,0964;False
81,36;-0,0547;-0,0008;0,0964;False
81,36;-0,0640;-0,0008;0,0869;False
81,37;-0,0640;-0,0008;0,0869;False
81,38;-0,0640;-0,0008;0,0869;False
81,38;-0,0640;-0,0008;0,0869;False
81,38;-0,0733;-0,0008;0,0782;False
81,39;-0,0733;-0,0008;0,0782;False
81,39;-0,0733;-0,0008;0,0782;False
81,40;-0,0733;-0,0008;0,0782;False
81,40;-0,0824;-0,0008;0,0702;False
81,41;-0,0824;-0,0008;0,0702;False
81,41;-0,0824;-0,0008;0,0702;False
81,42;-0,0824;-0,0008;0,0702;False
81,42;-0,0824;-0,0008;0,0702;False
81,42;-0,0914;-0,0008;0,0627;False
81,43;-0,0914;-0,0008;0,0627;False
81,43;-0,0914;-0,0008;0,0627;False
81,44;-0,0914;-0,0008;0,0627;False
81,44;-0,1000;-0,0008;0,0560;False
81,45;-0,1000;-0,0008;0,0560;False
81,45;-0,1000;-0,0008;0,0560;False
81,45;-0,1000;-0,0008;0,0560;False
81,46;-0,1000;-0,0008;0,0560;False
81,47;-0,1083;-0,0008;0,0498;False
81,47;-0,1083;-0,0008;0,0498;False
81,48;-0,1083;-0,0008;0,0498;False
81,48;-0,1083;-0,0008;0,0498;False
81,48;-0,1165;-0,0008;0,0441;False
81,49;-0,1165;-0,0008;0,0441;False
81,50;-0,1165;-0,0008;0,0441;False
81,50;-0,1165;-0,0008;0,0441;False
81,50;-0,1245;-0,0008;0,0388;False
81,51;-0,1245;-0,0008;0,0388;False
81,51;-0,1245;-0,0008;0,0388;False
81,52;-0,1245;-0,0008;0,0388;False
81,52;-0,1322;-0,0008;0,0339;False
81,53;-0,1322;-0,0008;0,0339;False
81,53;-0,1322;-0,0008;0,0339;False
81,54;-0,1322;-0,0008;0,0339;False
81,54;-0,1395;-0,0008;0,0295;False
81,55;-0,1395;-0,0008;0,0295;False
81,55;-0,1395;-0,0008;0,0295;False
81,56;-0,1395;-0,0008;0,0295;False
81,56;-0,1466;-0,0008;0,0254;False
81,57;-0,1466;-0,0008;0,0254;False
81,57;-0,1466;-0,0008;0,0254;False
81,57;-0,1466;-0,0008;0,0254;False
81,58;-0,1466;-0,0008;0,0254;False
81,58;-0,1535;-0,0008;0,0217;False
81,59;-0,1535;-0,0008;0,0217;False
81,59;-0,1535;-0,0008;0,0217;False
81,60;-0,1535;-0,0008;0,0217;False
81,60;-0,1602;-0,0008;0,0182;False
81,61;-0,1602;-0,0008;0,0182;False
81,61;-0,1602;-0,0008;0,0182;False
81,61;-0,1602;-0,0008;0,0182;False
81,62;-0,1602;-0,0008;0,0182;False
81,62;-0,1666;-0,0008;0,0150;False
81,63;-0,1666;-0,0008;0,0150;False
81,63;-0,1666;-0,0008;0,0150;False
81,63;-0,1666;-0,0008;0,0150;False
81,64;-0,1727;-0,0008;0,0121;False
81,65;-0,1727;-0,0008;0,0121;False
81,65;-0,1727;-0,0008;0,0121;False
81,65;-0,1727;-0,0008;0,0121;False
81,66;-0,1727;-0,0008;0,0121;False
81,66;-0,1786;-0,0008;0,0095;False
81,67;-0,1786;-0,0008;0,0095;False
81,68;-0,1786;-0,0008;0,0095;False
81,68;-0,1786;-0,0008;0,0095;False
81,69;-0,1842;-0,0008;0,0070;False
81,69;-0,1842;-0,0008;0,0070;False
81,70;-0,1842;-0,0008;0,0070;False
81,70;-0,1897;-0,0008;0,0047;False
81,71;-0,1897;-0,0008;0,0047;False
81,72;-0,1897;-0,0008;0,0047;False
81,72;-0,1950;-0,0008;0,0026;False
81,73;-0,1950;-0,0008;0,0026;False
81,74;-0,1950;-0,0008;0,0026;False
81,74;-0,1999;-0,0008;0,0007;False
81,75;-0,1999;-0,0008;0,0007;False
81,76;-0,1999;-0,0008;0,0007;False
81,76;-0,2047;-0,0008;-0,0011;False
81,77;-0,2047;-0,0008;-0,0011;False
81,78;-0,2047;-0,0008;-0,0011;False
81,78;-0,2093;-0,0008;-0,0027;False
81,79;-0,2093;-0,0008;-0,0027;False
81,79;-0,2093;-0,0008;-0,0027;False
81,81;-0,2137;-0,0008;-0,0042;False
81,82;-0,2137;-0,0008;-0,0042;False
81,82;-0,2179;-0,0008;-0,0056;False
81,83;-0,2179;-0,0008;-0,0056;False
81,85;-0,2181;-0,0008;-0,0057;False
81,85;-0,2181;-0,0008;-0,0057;False
81,86;-0,2183;-0,0008;-0,0057;False
81,88;-0,2183;-0,0008;-0,0057;False
81,88;-0,2185;-0,0008;-0,0058;False
81,89;-0,2185;-0,0008;-0,0058;False
81,90;-0,2187;-0,0008;-0,0059;False
81,91;-0,2187;-0,0008;-0,0059;False
81,92;-0,2187;-0,0008;-0,0059;False
81,93;-0,2189;-0,0008;-0,0059;False
81,94;-0,2190;-0,0016;-0,0059;False
81,94;-0,2191;-0,0014;-0,0060;False
81,96;-0,2191;-0,0014;-0,0060;False
81,96;-0,2193;-0,0012;-0,0061;False
81,97;-0,2193;-0,0012;-0,0061;False
81,98;-0,2195;-0,0010;-0,0061;False
81,99;-0,2195;-0,0010;-0,0061;False
82,00;-0,2195;-0,0014;-0,0056;False
82,01;-0,2195;-0,0014;-0,0056;False
82,01;-0,2195;-0,0014;-0,0056;False
82,02;-0,2196;-0,0012;-0,0057;False
82,03;-0,2196;-0,0012;-0,0057;False
82,03;-0,2196;-0,0012;-0,0057;False
82,04;-0,2198;-0,0010;-0,0058;False
82,05;-0,2198;-0,0010;-0,0058;False
82,06;-0,2198;-0,0010;-0,0058;False
82,06;-0,2199;-0,0009;-0,0058;False
82,07;-0,2199;-0,0009;-0,0058;False
82,08;-0,2200;-0,0008;-0,0059;False
82,09;-0,2200;-0,0008;-0,0059;False
82,10;-0,2200;-0,0008;-0,0059;False
82,11;-0,2202;-0,0007;-0,0060;False
82,11;-0,2202;-0,0007;-0,0060;False
82,12;-0,2203;-0,0007;-0,0060;False
82,13;-0,2203;-0,0007;-0,0060;False
82,13;-0,2203;-0,0007;-0,0060;False
82,14;-0,2204;-0,0006;-0,0061;False
82,15;-0,2204;-0,0006;-0,0061;False
82,16;-0,2204;-0,0006;-0,0061;False
82,16;-0,2205;-0,0006;-0,0061;False
82,18;-0,2205;-0,0006;-0,0061;False
82,18;-0,2206;-0,0006;-0,0062;False
82,19;-0,2206;-0,0006;-0,0062;False
82,20;-0,2206;-0,0006;-0,0062;False
82,21;-0,2207;-0,0006;-0,0062;False
82,21;-0,2207;-0,0006;-0,0062;False
82,22;-0,2208;-0,0007;-0,0063;False
82,23;-0,2208;-0,0007;-0,0063;False
82,24;-0,2208;-0,0007;-0,0063;False
82,24;-0,2209;-0,0007;-0,0063;False
82,25;-0,2209;-0,0007;-0,0063;False
82,26;-0,2209;-0,0007;-0,0063;False
82,27;-0,2210;-0,0007;-0,0064;False
82,27;-0,2210;-0,0007;-0,0064;False
82,28;-0,2210;-0,0007;-0,0064;False
82,28;-0,2210;-0,0007;-0,0064;False
82,29;-0,2210;-0,0007;-0,0064;False
82,30;-0,2210;-0,0007;-0,0064;False
82,30;-0,2211;-0,0007;-0,0064;False
82,31;-0,2211;-0,0007;-0,0064;False
82,31;-0,2211;-0,0007;-0,0064;False
82,32;-0,2211;-0,0007;-0,0064;False
82,32;-0,2212;-0,0008;-0,0065;False
82,33;-0,2212;-0,0008;-0,0065;False
82,34;-0,2213;-0,0008;-0,0065;False
82,35;-0,2213;-0,0008;-0,0065;False
82,35;-0,2213;-0,0008;-0,0065;False
82,36;-0,2213;-0,0008;-0,0066;False
82,37;-0,2213;-0,0008;-0,0066;False
82,38;-0,2213;-0,0008;-0,0066;False
82,38;-0,2214;-0,0008;-0,0066;False
82,39;-0,2214;-0,0008;-0,0066;False
82,40;-0,2214;-0,0008;-0,0066;False
82,40;-0,2215;-0,0008;-0,0066;False
82,41;-0,2215;-0,0008;-0,0066;False
82,41;-0,2215;-0,0008;-0,0066;False
82,42;-0,2215;-0,0008;-0,0066;False
82,42;-0,2215;-0,0008;-0,0067;False
82,43;-0,2215;-0,0008;-0,0067;False
82,44;-0,2215;-0,0008;-0,0067;False
82,45;-0,2216;-0,0008;-0,0067;False
82,45;-0,2216;-0,0008;-0,0067;False
82,46;-0,2216;-0,0008;-0,0067;False
82,46;-0,2217;-0,0008;-0,0067;False
82,47;-0,2217;-0,0008;-0,0067;False
82,48;-0,2217;-0,0008;-0,0067;False
82,48;-0,2217;-0,0008;-0,0067;False
82,49;-0,2217;-0,0008;-0,0067;False
82,49;-0,2217;-0,0008;-0,0067;False
82,50;-0,2232;-0,0008;-0,0075;False
82,51;-0,2232;-0,0008;-0,0075;False
82,52;-0,2232;-0,0008;-0,0075;False
82,52;-0,2256;-0,0008;-0,0087;False
82,53;-0,2256;-0,0008;-0,0087;False
82,53;-0,2256;-0,0008;-0,0087;False
82,54;-0,2295;-0,0008;-0,0107;False
82,55;-0,2295;-0,0008;-0,0107;False
82,55;-0,2295;-0,0008;-0,0107;False
82,56;-0,2295;-0,0008;-0,0107;False
82,56;-0,2339;-0,0008;-0,0129;False
82,58;-0,2339;-0,0008;-0,0129;False
82,58;-0,2391;-0,0008;-0,0155;False
82,59;-0,2391;-0,0008;-0,0155;False
82,60;-0,2391;-0,0008;-0,0155;False
82,61;-0,2445;-0,0008;-0,0183;False
82,61;-0,2445;-0,0008;-0,0183;False
82,62;-0,2502;-0,0008;-0,0211;False
82,63;-0,2502;-0,0008;-0,0211;False
82,64;-0,2502;-0,0008;-0,0211;False
82,65;-0,2561;-0,0008;-0,0241;False
82,65;-0,2561;-0,0008;-0,0241;False
82,66;-0,2618;-0,0008;-0,0270;False
82,67;-0,2618;-0,0008;-0,0270;False
82,68;-0,2618;-0,0008;-0,0270;False
82,68;-0,2674;-0,0008;-0,0298;False
82,69;-0,2674;-0,0008;-0,0298;False
82,69;-0,2674;-0,0008;-0,0298;False
82,70;-0,2722;-0,0008;-0,0322;False
82,71;-0,2722;-0,0008;-0,0322;False
82,72;-0,2722;-0,0008;-0,0322;False
82,72;-0,2766;-0,0008;-0,0344;False
82,73;-0,2766;-0,0008;-0,0344;False
82,74;-0,2766;-0,0008;-0,0344;False
82,74;-0,2798;-0,0008;-0,0361;False
82,75;-0,2798;-0,0008;-0,0361;False
82,75;-0,2798;-0,0008;-0,0361;False
82,76;-0,2825;-0,0008;-0,0374;False
82,77;-0,2825;-0,0008;-0,0374;False
82,78;-0,2825;-0,0008;-0,0374;False
82,78;-0,2840;-0,0008;-0,0381;False
82,79;-0,2840;-0,0008;-0,0381;False
82,80;-0,2840;-0,0008;-0,0381;False
82,80;-0,2843;-0,0008;-0,0383;False
82,81;-0,2843;-0,0008;-0,0383;False
82,82;-0,2843;-0,0008;-0,0383;False
82,82;-0,2832;-0,0008;-0,0378;False
82,83;-0,2832;-0,0008;-0,0378;False
82,84;-0,2832;-0,0008;-0,0378;False
82,85;-0,2808;-0,0008;-0,0365;False
82,85;-0,2808;-0,0008;-0,0365;False
82,86;-0,2808;-0,0008;-0,0365;False
82,86;-0,2765;-0,0008;-0,0344;False
82,87;-0,2765;-0,0008;-0,0344;False
82,87;-0,2765;-0,0008;-0,0344;False
82,88;-0,2765;-0,0008;-0,0344;False
82,88;-0,2706;-0,0008;-0,0315;False
82,89;-0,2706;-0,0008;-0,0315;False
82,89;-0,2706;-0,0008;-0,0315;False
82,90;-0,2624;-0,0008;-0,0274;False
82,91;-0,2624;-0,0008;-0,0274;False
82,92;-0,2624;-0,0008;-0,0274;False
82,92;-0,2520;-0,0008;-0,0222;False
82,93;-0,2520;-0,0008;-0,0222;False
82,94;-0,2520;-0,0008;-0,0222;False
82,94;-0,2398;-0,0008;-0,0161;False
82,95;-0,2398;-0,0008;-0,0161;False
82,95;-0,2398;-0,0008;-0,0161;False
82,95;-0,2398;-0,0008;-0,0161;False
82,96;-0,2398;-0,0008;-0,0161;False
82,96;-0,2250;-0,0008;-0,0087;False
82,97;-0,2250;-0,0008;-0,0087;False
82,98;-0,2250;-0,0008;-0,0087;False
82,98;-0,2250;-0,0008;-0,0087;False
82,98;-0,2105;-0,0008;-0,0015;False
82,99;-0,2105;-0,0008;-0,0015;False
82,99;-0,2105;-0,0008;-0,0015;False
83,00;-0,1966;-0,0008;0,0055;False
83,01;-0,1966;-0,0008;0,0055;False
83,02;-0,1966;-0,0008;0,0055;False
83,02;-0,1833;-0,0008;0,0122;False
83,03;-0,1833;-0,0008;0,0122;False
83,03;-0,1833;-0,0008;0,0122;False
83,04;-0,1705;-0,0008;0,0186;False
83,05;-0,1705;-0,0008;0,0186;False
83,05;-0,1705;-0,0008;0,0186;False
83,05;-0,1705;-0,0008;0,0186;False
83,06;-0,1705;-0,0008;0,0186;False
83,06;-0,1583;-0,0008;0,0248;False
83,07;-0,1583;-0,0008;0,0248;False
83,08;-0,1583;-0,0008;0,0248;False
83,08;-0,1583;-0,0008;0,0248;False
83,08;-0,1456;-0,0008;0,0312;False
83,09;-0,1456;-0,0008;0,0312;False
83,09;-0,1456;-0,0008;0,0312;False
83,10;-0,1456;-0,0008;0,0312;False
83,10;-0,1323;-0,0008;0,0380;False
83,11;-0,1323;-0,0008;0,0380;False
83,11;-0,1323;-0,0008;0,0380;False
83,11;-0,1323;-0,0008;0,0380;False
83,12;-0,1323;-0,0008;0,0380;False
83,12;-0,1195;-0,0008;0,0444;False
83,13;-0,1195;-0,0008;0,0444;False
83,13;-0,1195;-0,0008;0,0444;False
83,14;-0,1195;-0,0008;0,0444;False
83,14;-0,1073;-0,0008;0,0507;False
83,15;-0,1073;-0,0008;0,0507;False
83,15;-0,1073;-0,0008;0,0507;False
83,15;-0,1073;-0,0008;0,0507;False
83,16;-0,1073;-0,0008;0,0507;False
83,16;-0,0947;-0,0008;0,0571;False
83,17;-0,0947;-0,0008;0,0571;False
83,17;-0,0947;-0,0008;0,0571;False
83,18;-0,0947;-0,0008;0,0571;False
83,18;-0,0814;-0,0008;0,0639;False
83,19;-0,0814;-0,0008;0,0639;False
83,19;-0,0814;-0,0008;0,0639;False
83,20;-0,0814;-0,0008;0,0639;False
83,20;-0,0687;-0,0008;0,0704;False
83,21;-0,0687;-0,0008;0,0704;False
83,21;-0,0687;-0,0008;0,0704;False
83,21;-0,0687;-0,0008;0,0704;False
83,22;-0,0687;-0,0008;0,0704;False
83,22;-0,0566;-0,0008;0,0766;False
83,22;-0,0566;-0,0008;0,0766;False
83,23;-0,0566;-0,0008;0,0766;False
83,23;-0,0566;-0,0008;0,0766;False
83,24;-0,0440;-0,0008;0,0831;False
83,25;-0,0440;-0,0008;0,0831;False
83,25;-0,0440;-0,0008;0,0831;False
83,25;-0,0440;-0,0008;0,0831;False
83,26;-0,0440;-0,0008;0,0831;False
83,26;-0,0307;-0,0008;0,0899;False
83,27;-0,0307;-0,0008;0,0899;False
83,27;-0,0307;-0,0008;0,0899;False
83,28;-0,0307;-0,0008;0,0899;False
83,28;-0,0181;-0,0008;0,0965;False
83,29;-0,0181;-0,0008;0,0965;False
83,29;-0,0181;-0,0008;0,0965;False
83,29;-0,0181;-0,0008;0,0965;False
83,30;-0,0181;-0,0008;0,0965;False
83,31;-0,0059;-0,0008;0,1028;False
83,31;-0,0059;-0,0008;0,1028;False
83,31;-0,0059;-0,0008;0,1028;False
83,32;-0,0059;-0,0008;0,1028;False
83,32;0,0066;-0,0008;0,1093;False
83,33;0,0066;-0,0008;0,1093;False
83,33;0,0066;-0,0008;0,1093;False
83,34;0,0066;-0,0008;0,1093;False
83,34;0,0198;-0,0008;0,1161;False
83,35;0,0198;-0,0008;0,1161;False
83,35;0,0198;-0,0008;0,1161;False
83,35;0,0198;-0,0008;0,1161;False
83,36;0,0198;-0,0008;0,1161;False
83,36;0,0325;-0,0008;0,1227;False
83,37;0,0325;-0,0008;0,1227;False
83,38;0,0325;-0,0008;0,1227;False
83,38;0,0325;-0,0008;0,1227;False
83,38;0,0446;-0,0008;0,1290;False
83,39;0,0446;-0,0008;0,1290;False
83,39;0,0446;-0,0008;0,1290;False
83,40;0,0571;-0,0008;0,1356;False
83,41;0,0571;-0,0008;0,1356;False
83,41;0,0571;-0,0008;0,1356;False
83,41;0,0571;-0,0008;0,1356;False
83,42;0,0571;-0,0008;0,1356;False
83,42;0,0703;-0,0008;0,1425;False
83,43;0,0703;-0,0008;0,1425;False
83,43;0,0703;-0,0008;0,1425;False
83,44;0,0703;-0,0008;0,1425;False
83,44;0,0829;-0,0008;0,1491;False
83,45;0,0829;-0,0008;0,1491;False
83,45;0,0829;-0,0008;0,1491;False
83,46;0,0829;-0,0008;0,1491;False
83,46;0,0949;-0,0008;0,1555;False
83,47;0,0949;-0,0008;0,1555;False
83,47;0,0949;-0,0008;0,1555;False
83,48;0,0949;-0,0008;0,1555;False
83,48;0,0949;-0,0008;0,1555;False
83,48;0,1074;-0,0008;0,1621;False
83,49;0,1074;-0,0008;0,1621;False
83,49;0,1074;-0,0008;0,1621;False
83,50;0,1074;-0,0008;0,1621;False
83,50;0,1206;-0,0008;0,1690;False
83,51;0,1206;-0,0008;0,1690;False
83,51;0,1206;-0,0008;0,1690;False
83,51;0,1206;-0,0008;0,1690;False
83,52;0,1206;-0,0008;0,1690;False
83,52;0,1331;-0,0008;0,1756;False
83,53;0,1331;-0,0008;0,1756;False
83,54;0,1330;-0,0016;0,1757;False
83,54;0,1450;-0,0014;0,1821;False
83,55;0,1450;-0,0014;0,1821;False
83,56;0,1450;-0,0014;0,1821;False
83,56;0,1544;-0,0018;0,1870;False
83,57;0,1544;-0,0018;0,1870;False
83,58;0,1544;-0,0018;0,1870;False
83,59;0,1568;-0,0032;0,1903;False
83,60;0,1568;-0,0032;0,1903;False
83,60;0,1575;-0,0044;0,1917;False
83,61;0,1575;-0,0044;0,1917;False
83,61;0,1575;-0,0044;0,1917;False
83,61;0,1575;-0,0044;0,1917;False
83,62;0,1575;-0,0044;0,1917;False
83,62;0,1579;-0,0052;0,1922;False
83,63;0,1579;-0,0052;0,1922;False
83,64;0,1579;-0,0052;0,1922;False
83,65;0,1578;-0,0051;0,1924;False
83,65;0,1578;-0,0051;0,1924;False
83,66;0,1578;-0,0051;0,1924;False
83,66;0,1578;-0,0050;0,1924;False
83,67;0,1578;-0,0050;0,1924;False
83,68;0,1578;-0,0050;0,1924;False
83,68;0,1577;-0,0049;0,1924;False
83,69;0,1577;-0,0049;0,1924;False
83,69;0,1577;-0,0049;0,1924;False
83,70;0,1576;-0,0046;0,1924;False
83,71;0,1578;-0,0041;0,1921;False
83,71;0,1578;-0,0041;0,1921;False
83,72;0,1578;-0,0041;0,1921;False
83,72;0,1577;-0,0039;0,1921;False
83,73;0,1577;-0,0039;0,1921;False
83,74;0,1577;-0,0039;0,1921;False
83,74;0,1576;-0,0036;0,1921;False
83,75;0,1576;-0,0036;0,1921;False
83,75;0,1576;-0,0036;0,1921;False
83,76;0,1576;-0,0036;0,1921;False
83,76;0,1574;-0,0033;0,1920;False
83,77;0,1574;-0,0033;0,1920;False
83,78;0,1574;-0,0033;0,1920;False
83,78;0,1573;-0,0030;0,1920;False
83,79;0,1573;-0,0030;0,1920;False
83,80;0,1573;-0,0030;0,1920;False
83,81;0,1572;-0,0026;0,1919;False
83,81;0,1572;-0,0026;0,1919;False
83,82;0,1572;-0,0026;0,1919;False
83,82;0,1570;-0,0023;0,1919;False
83,83;0,1570;-0,0023;0,1919;False
83,84;0,1570;-0,0023;0,1919;False
83,84;0,1569;-0,0021;0,1918;False
83,85;0,1569;-0,0021;0,1918;False
83,86;0,1569;-0,0021;0,1918;False
83,86;0,1568;-0,0018;0,1918;False
83,88;0,1568;-0,0018;0,1918;False
83,88;0,1567;-0,0016;0,1917;False
83,89;0,1567;-0,0016;0,1917;False
83,89;0,1567;-0,0016;0,1917;False
83,90;0,1567;-0,0016;0,1917;False
83,90;0,1566;-0,0014;0,1917;False
83,91;0,1566;-0,0014;0,1917;False
83,91;0,1566;-0,0014;0,1917;False
83,92;0,1566;-0,0014;0,1917;False
83,92;0,1565;-0,0013;0,1916;False
83,94;0,1565;-0,0013;0,1916;False
83,94;0,1564;-0,0011;0,1916;False
83,95;0,1564;-0,0011;0,1916;False
83,95;0,1564;-0,0011;0,1916;False
83,96;0,1564;-0,0011;0,1916;False
83,97;0,1563;-0,0010;0,1915;False
83,98;0,1563;-0,0010;0,1915;False
83,98;0,1562;-0,0010;0,1915;False
83,99;0,1562;-0,0010;0,1915;False
84,00;0,1562;-0,0010;0,1915;False
84,00;0,1561;-0,0009;0,1915;False
84,01;0,1561;-0,0009;0,1915;False
84,01;0,1561;-0,0009;0,1915;False
84,02;0,1561;-0,0009;0,1915;False
84,02;0,1560;-0,0008;0,1914;False
84,03;0,1560;-0,0008;0,1914;False
84,04;0,1560;-0,0008;0,1914;False
84,05;0,1560;-0,0008;0,1914;False
84,06;0,1560;-0,0008;0,1914;False
84,06;0,1559;-0,0008;0,1914;False
84,07;0,1559;-0,0008;0,1914;False
84,07;0,1559;-0,0008;0,1914;False
84,08;0,1559;-0,0008;0,1914;False
84,09;0,1558;-0,0008;0,1913;False
84,09;0,1558;-0,0008;0,1913;False
84,11;0,1557;-0,0008;0,1913;False
84,11;0,1557;-0,0008;0,1913;False
84,12;0,1557;-0,0008;0,1913;False
84,13;0,1557;-0,0008;0,1913;False
84,14;0,1557;-0,0008;0,1913;False
84,14;0,1556;-0,0008;0,1912;False
84,15;0,1556;-0,0008;0,1912;False
84,16;0,1556;-0,0008;0,1912;False
84,17;0,1555;-0,0008;0,1912;False
84,18;0,1555;-0,0008;0,1912;False
84,18;0,1555;-0,0008;0,1912;False
84,19;0,1555;-0,0008;0,1912;False
84,20;0,1555;-0,0008;0,1912;False
84,21;0,1554;-0,0008;0,1912;False
84,21;0,1554;-0,0008;0,1912;False
84,22;0,1554;-0,0008;0,1912;False
84,22;0,1554;-0,0008;0,1911;False
84,23;0,1554;-0,0008;0,1911;False
84,23;0,1554;-0,0008;0,1911;False
84,24;0,1554;-0,0008;0,1911;False
84,24;0,1553;-0,0008;0,1911;False
84,25;0,1553;-0,0008;0,1911;False
84,25;0,1553;-0,0008;0,1911;False
84,26;0,1553;-0,0008;0,1911;False
84,26;0,1553;-0,0008;0,1911;False
84,27;0,1553;-0,0008;0,1911;False
84,27;0,1553;-0,0008;0,1911;False
84,28;0,1553;-0,0008;0,1911;False
84,28;0,1553;-0,0008;0,1911;False
84,28;0,1552;-0,0008;0,1911;False
84,29;0,1552;-0,0008;0,1911;False
84,30;0,1552;-0,0008;0,1911;False
84,30;0,1552;-0,0008;0,1911;False
84,30;0,1552;-0,0008;0,1910;False
84,31;0,1552;-0,0008;0,1910;False
84,31;0,1552;-0,0008;0,1910;False
84,32;0,1552;-0,0008;0,1910;False
84,32;0,1551;-0,0008;0,1910;False
84,33;0,1551;-0,0008;0,1910;False
84,33;0,1551;-0,0008;0,1910;False
84,33;0,1551;-0,0008;0,1910;False
84,34;0,1551;-0,0008;0,1910;False
84,34;0,1551;-0,0008;0,1910;False
84,35;0,1551;-0,0008;0,1910;False
84,35;0,1551;-0,0008;0,1910;False
84,36;0,1551;-0,0008;0,1910;False
84,36;0,1550;-0,0008;0,1910;False
84,37;0,1550;-0,0008;0,1910;False
84,37;0,1550;-0,0008;0,1910;False
84,37;0,1550;-0,0008;0,1910;False
84,38;0,1550;-0,0008;0,1910;False
84,38;0,1550;-0,0008;0,1910;False
84,39;0,1550;-0,0008;0,1910;False
84,40;0,1550;-0,0008;0,1910;False
84,40;0,1550;-0,0008;0,1910;False
84,40;0,1550;-0,0008;0,1910;False
84,41;0,1550;-0,0008;0,1910;False
84,41;0,1550;-0,0008;0,1910;False
84,42;0,1550;-0,0008;0,1910;False
84,42;0,1550;-0,0008;0,1910;False
84,42;0,1549;-0,0008;0,1909;False
84,43;0,1549;-0,0008;0,1909;False
84,43;0,1549;-0,0008;0,1909;False
84,44;0,1549;-0,0008;0,1909;False
84,45;0,1549;-0,0008;0,1909;False
84,45;0,1549;-0,0008;0,1909;False
84,45;0,1549;-0,0008;0,1909;False
84,46;0,1549;-0,0008;0,1909;False
84,46;0,1549;-0,0008;0,1909;False
84,47;0,1549;-0,0008;0,1909;False
84,47;0,1549;-0,0008;0,1909;False
84,48;0,1549;-0,0008;0,1909;False
84,48;0,1548;-0,0008;0,1909;False
84,49;0,1548;-0,0008;0,1909;False
84,49;0,1548;-0,0008;0,1909;False
84,50;0,1548;-0,0008;0,1909;False
84,51;0,1548;-0,0008;0,1909;False
84,51;0,1548;-0,0008;0,1909;False
84,52;0,1548;-0,0008;0,1909;False
84,52;0,1548;-0,0008;0,1909;False
84,52;0,1548;-0,0008;0,1909;False
84,53;0,1548;-0,0008;0,1909;False
84,54;0,1547;-0,0008;0,1909;False
84,54;0,1547;-0,0008;0,1909;False
84,55;0,1547;-0,0008;0,1909;False
84,55;0,1547;-0,0008;0,1909;False
84,56;0,1547;-0,0008;0,1909;False
84,56;0,1547;-0,0008;0,1908;False
84,57;0,1547;-0,0008;0,1908;False
84,58;0,1547;-0,0008;0,1908;False
84,58;0,1547;-0,0008;0,1908;False
84,59;0,1547;-0,0008;0,1908;False
84,59;0,1547;-0,0008;0,1908;False
84,60;0,1547;-0,0008;0,1908;False
84,61;0,1547;-0,0008;0,1908;False
84,61;0,1547;-0,0008;0,1908;False
84,61;0,1547;-0,0008;0,1908;False
84,62;0,1547;-0,0008;0,1908;False
84,62;0,1547;-0,0008;0,1908;False
84,63;0,1547;-0,0008;0,1908;False
84,64;0,1547;-0,0008;0,1908;False
84,64;0,1547;-0,0008;0,1908;False
84,64;0,1547;-0,0008;0,1908;False
84,65;0,1547;-0,0008;0,1908;False
84,65;0,1547;-0,0008;0,1908;False
84,66;0,1547;-0,0008;0,1908;False
84,66;0,1547;-0,0008;0,1908;False
84,67;0,1547;-0,0008;0,1908;False
84,68;0,1547;-0,0008;0,1908;False
84,68;0,1547;-0,0008;0,1908;False
84,69;0,1547;-0,0008;0,1908;False
84,69;0,1547;-0,0008;0,1908;False
84,70;0,1547;-0,0008;0,1908;False
84,70;0,1547;-0,0008;0,1908;False
84,71;0,1547;-0,0008;0,1908;False
84,71;0,1547;-0,0008;0,1908;False
84,72;0,1547;-0,0008;0,1908;False
84,73;0,1547;-0,0008;0,1908;False
84,73;0,1547;-0,0008;0,1908;False
84,74;0,1547;-0,0008;0,1908;False
84,75;0,1547;-0,0008;0,1908;False
84,75;0,1547;-0,0008;0,1908;False
84,76;0,1547;-0,0008;0,1908;False
84,77;0,1547;-0,0008;0,1908;False
84,77;0,1547;-0,0008;0,1908;False
84,78;0,1547;-0,0008;0,1908;False
84,78;0,1547;-0,0008;0,1908;False
84,79;0,1547;-0,0008;0,1908;False
84,80;0,1547;-0,0008;0,1908;False
84,81;0,1547;-0,0008;0,1908;False
84,81;0,1547;-0,0008;0,1908;False
84,81;0,1547;-0,0008;0,1908;False
84,82;0,1547;-0,0008;0,1908;False
84,82;0,1547;-0,0008;0,1908;False
84,83;0,1547;-0,0008;0,1908;False
84,83;0,1547;-0,0008;0,1908;False
84,84;0,1547;-0,0008;0,1908;False
84,85;0,1547;-0,0008;0,1908;False
84,85;0,1547;-0,0008;0,1908;False
84,86;0,1547;-0,0008;0,1908;False
84,87;0,1547;-0,0008;0,1908;False
84,87;0,1547;-0,0008;0,1908;False
84,88;0,1547;-0,0008;0,1908;False
84,89;0,1547;-0,0008;0,1908;False
84,89;0,1547;-0,0008;0,1908;False
84,90;0,1547;-0,0008;0,1908;False
84,91;0,1547;-0,0008;0,1908;False
84,91;0,1547;-0,0008;0,1908;False
84,92;0,1547;-0,0008;0,1908;False
84,92;0,1547;-0,0008;0,1908;False
84,92;0,1547;-0,0008;0,1908;False
84,93;0,1547;-0,0008;0,1908;False
84,94;0,1547;-0,0008;0,1908;False
84,94;0,1547;-0,0008;0,1908;False
84,94;0,1547;-0,0008;0,1908;False
84,95;0,1547;-0,0008;0,1908;False
84,95;0,1547;-0,0008;0,1908;False
84,96;0,1547;-0,0008;0,1908;False
84,96;0,1561;-0,0008;0,1914;False
84,97;0,1561;-0,0008;0,1914;False
84,97;0,1561;-0,0008;0,1914;False
84,98;0,1561;-0,0008;0,1914;False
84,98;0,1569;-0,0016;0,1926;False
84,99;0,1569;-0,0016;0,1926;False
84,99;0,1569;-0,0016;0,1926;False
84,99;0,1569;-0,0016;0,1926;False
85,00;0,1573;-0,0027;0,1938;False
85,01;0,1573;-0,0027;0,1938;False
85,01;0,1573;-0,0027;0,1938;False
85,02;0,1573;-0,0027;0,1938;False
85,02;0,1578;-0,0038;0,1950;False
85,03;0,1578;-0,0038;0,1950;False
85,03;0,1578;-0,0038;0,1950;False
85,04;0,1578;-0,0038;0,1950;False
85,04;0,1582;-0,0048;0,1961;False
85,05;0,1582;-0,0048;0,1961;False
85,05;0,1582;-0,0048;0,1961;False
85,05;0,1582;-0,0048;0,1961;False
85,06;0,1582;-0,0048;0,1961;False
85,06;0,1579;-0,0045;0,1976;False
85,07;0,1579;-0,0045;0,1976;False
85,07;0,1579;-0,0045;0,1976;False
85,08;0,1579;-0,0045;0,1976;False
85,08;0,1582;-0,0049;0,1986;False
85,09;0,1582;-0,0049;0,1986;False
85,09;0,1582;-0,0049;0,1986;False
85,10;0,1582;-0,0049;0,1986;False
85,10;0,1582;-0,0049;0,1986;False
85,10;0,1581;-0,0047;0,1997;False
85,11;0,1581;-0,0047;0,1997;False
85,11;0,1581;-0,0047;0,1997;False
85,12;0,1581;-0,0047;0,1997;False
85,12;0,1583;-0,0050;0,2007;False
85,13;0,1583;-0,0050;0,2007;False
85,13;0,1583;-0,0050;0,2007;False
85,14;0,1583;-0,0050;0,2007;False
85,14;0,1582;-0,0047;0,2017;False
85,15;0,1582;-0,0047;0,2017;False
85,15;0,1582;-0,0047;0,2017;False
85,16;0,1582;-0,0047;0,2017;False
85,16;0,1583;-0,0054;0,2032;False
85,17;0,1583;-0,0054;0,2032;False
85,17;0,1583;-0,0054;0,2032;False
85,17;0,1583;-0,0054;0,2032;False
85,18;0,1583;-0,0054;0,2032;False
85,18;0,1582;-0,0049;0,2042;False
85,19;0,1582;-0,0049;0,2042;False
85,19;0,1582;-0,0049;0,2042;False
85,20;0,1582;-0,0049;0,2042;False
85,20;0,1583;-0,0051;0,2052;False
85,21;0,1583;-0,0051;0,2052;False
85,21;0,1583;-0,0051;0,2052;False
85,22;0,1583;-0,0051;0,2052;False
85,22;0,1583;-0,0051;0,2052;False
85,22;0,1583;-0,0049;0,2061;False
85,23;0,1583;-0,0049;0,2061;False
85,23;0,1583;-0,0049;0,2061;False
85,24;0,1585;-0,0052;0,2071;False
85,25;0,1585;-0,0052;0,2071;False
85,25;0,1585;-0,0052;0,2071;False
85,25;0,1585;-0,0052;0,2071;False
85,26;0,1585;-0,0052;0,2071;False
85,26;0,1585;-0,0049;0,2081;False
85,27;0,1585;-0,0049;0,2081;False
85,27;0,1585;-0,0049;0,2081;False
85,28;0,1585;-0,0049;0,2081;False
85,28;0,1586;-0,0051;0,2090;False
85,29;0,1586;-0,0051;0,2090;False
85,29;0,1586;-0,0051;0,2090;False
85,29;0,1586;-0,0051;0,2090;False
85,30;0,1586;-0,0051;0,2090;False
85,31;0,1587;-0,0049;0,2100;False
85,31;0,1587;-0,0049;0,2100;False
85,31;0,1587;-0,0049;0,2100;False
85,32;0,1587;-0,0049;0,2100;False
85,32;0,1589;-0,0052;0,2109;False
85,33;0,1589;-0,0052;0,2109;False
85,33;0,1589;-0,0052;0,2109;False
85,34;0,1589;-0,0052;0,2109;False
85,34;0,1589;-0,0049;0,2119;False
85,34;0,1589;-0,0049;0,2119;False
85,35;0,1589;-0,0049;0,2119;False
85,35;0,1589;-0,0049;0,2119;False
85,36;0,1589;-0,0049;0,2119;False
85,36;0,1591;-0,0051;0,2128;False
85,37;0,1591;-0,0051;0,2128;False
85,37;0,1591;-0,0051;0,2128;False
85,37;0,1591;-0,0051;0,2128;False
85,38;0,1591;-0,0051;0,2128;False
85,38;0,1592;-0,0049;0,2138;False
85,39;0,1592;-0,0049;0,2138;False
85,39;0,1592;-0,0049;0,2138;False
85,39;0,1592;-0,0049;0,2138;False
85,40;0,1594;-0,0052;0,2147;False
85,41;0,1594;-0,0052;0,2147;False
85,41;0,1594;-0,0052;0,2147;False
85,41;0,1594;-0,0052;0,2147;False
85,42;0,1594;-0,0052;0,2147;False
85,42;0,1594;-0,0049;0,2157;False
85,43;0,1594;-0,0049;0,2157;False
85,43;0,1594;-0,0049;0,2157;False
85,44;0,1594;-0,0049;0,2157;False
85,44;0,1596;-0,0051;0,2166;False
85,45;0,1596;-0,0051;0,2166;False
85,45;0,1596;-0,0051;0,2166;False
85,45;0,1596;-0,0051;0,2166;False
85,46;0,1596;-0,0051;0,2166;False
85,46;0,1597;-0,0049;0,2176;False
85,47;0,1597;-0,0049;0,2176;False
85,47;0,1597;-0,0049;0,2176;False
85,48;0,1597;-0,0049;0,2176;False
85,48;0,1597;-0,0049;0,2176;False
85,48;0,1600;-0,0052;0,2185;False
85,49;0,1600;-0,0052;0,2185;False
85,50;0,1600;-0,0052;0,2185;False
85,50;0,1600;-0,0052;0,2185;False
85,50;0,1601;-0,0049;0,2195;False
85,51;0,1601;-0,0049;0,2195;False
85,51;0,1601;-0,0049;0,2195;False
85,51;0,1601;-0,0049;0,2195;False
85,52;0,1601;-0,0049;0,2195;False
85,53;0,1603;-0,0051;0,2204;False
85,53;0,1603;-0,0051;0,2204;False
85,53;0,1603;-0,0051;0,2204;False
85,54;0,1603;-0,0051;0,2204;False
85,54;0,1604;-0,0049;0,2214;False
85,55;0,1604;-0,0049;0,2214;False
85,55;0,1604;-0,0049;0,2214;False
85,56;0,1604;-0,0049;0,2214;False
85,56;0,1607;-0,0051;0,2223;False
85,57;0,1607;-0,0051;0,2223;False
85,57;0,1607;-0,0051;0,2223;False
85,57;0,1607;-0,0051;0,2223;False
85,58;0,1607;-0,0051;0,2223;False
85,58;0,1609;-0,0049;0,2233;False
85,59;0,1609;-0,0049;0,2233;False
85,59;0,1609;-0,0049;0,2233;False
85,60;0,1609;-0,0049;0,2233;False
85,60;0,1609;-0,0049;0,2233;False
85,60;0,1611;-0,0052;0,2242;False
85,61;0,1611;-0,0052;0,2242;False
85,61;0,1611;-0,0052;0,2242;False
85,62;0,1611;-0,0052;0,2242;False
85,62;0,1611;-0,0052;0,2242;False
85,62;0,1613;-0,0049;0,2251;False
85,63;0,1613;-0,0049;0,2251;False
85,63;0,1613;-0,0049;0,2251;False
85,64;0,1615;-0,0050;0,2261;False
85,65;0,1615;-0,0050;0,2261;False
85,65;0,1615;-0,0050;0,2261;False
85,66;0,1615;-0,0050;0,2261;False
85,66;0,1615;-0,0050;0,2261;False
85,66;0,1615;-0,0049;0,2260;False
85,67;0,1615;-0,0049;0,2260;False
85,68;0,1615;-0,0049;0,2260;False
85,68;0,1615;-0,0047;0,2260;False
85,69;0,1615;-0,0047;0,2260;False
85,69;0,1615;-0,0047;0,2260;False
85,70;0,1615;-0,0047;0,2260;False
85,70;0,1614;-0,0044;0,2260;False
85,71;0,1614;-0,0044;0,2260;False
85,71;0,1614;-0,0044;0,2260;False
85,72;0,1613;-0,0040;0,2260;False
85,73;0,1613;-0,0040;0,2260;False
85,73;0,1613;-0,0040;0,2260;False
85,74;0,1612;-0,0036;0,2260;False
85,75;0,1612;-0,0036;0,2260;False
85,75;0,1612;-0,0036;0,2260;False
85,76;0,1612;-0,0036;0,2260;False
85,76;0,1610;-0,0032;0,2260;False
85,77;0,1610;-0,0032;0,2260;False
85,78;0,1610;-0,0032;0,2260;False
85,78;0,1609;-0,0029;0,2260;False
85,79;0,1609;-0,0029;0,2260;False
85,79;0,1609;-0,0029;0,2260;False
85,80;0,1609;-0,0029;0,2260;False
85,81;0,1607;-0,0025;0,2260;False
85,82;0,1607;-0,0025;0,2260;False
85,82;0,1606;-0,0022;0,2260;False
85,83;0,1606;-0,0022;0,2260;False
85,83;0,1606;-0,0022;0,2260;False
85,84;0,1604;-0,0019;0,2259;False
85,85;0,1604;-0,0019;0,2259;False
85,85;0,1604;-0,0019;0,2259;False
85,86;0,1604;-0,0019;0,2259;False
85,86;0,1603;-0,0017;0,2259;False
85,87;0,1603;-0,0017;0,2259;False
85,87;0,1603;-0,0017;0,2259;False
85,88;0,1603;-0,0017;0,2259;False
85,89;0,1602;-0,0015;0,2259;False
85,89;0,1602;-0,0015;0,2259;False
85,90;0,1600;-0,0013;0,2259;False
85,91;0,1600;-0,0013;0,2259;False
85,91;0,1600;-0,0013;0,2259;False
85,92;0,1600;-0,0013;0,2259;False
85,92;0,1599;-0,0012;0,2259;False
85,93;0,1599;-0,0012;0,2259;False
85,94;0,1599;-0,0012;0,2259;False
85,94;0,1598;-0,0011;0,2258;False
85,95;0,1598;-0,0011;0,2258;False
85,96;0,1598;-0,0011;0,2258;False
85,96;0,1597;-0,0010;0,2258;False
85,97;0,1597;-0,0010;0,2258;False
85,97;0,1597;-0,0010;0,2258;False
85,98;0,1597;-0,0010;0,2258;False
85,98;0,1596;-0,0009;0,2258;False
85,99;0,1596;-0,0009;0,2258;False
85,99;0,1596;-0,0009;0,2258;False
86,00;0,1596;-0,0009;0,2258;False
86,00;0,1595;-0,0008;0,2258;False
86,01;0,1595;-0,0008;0,2258;False
86,01;0,1595;-0,0008;0,2258;False
86,02;0,1595;-0,0008;0,2258;False
86,03;0,1594;-0,0008;0,2258;False
86,03;0,1594;-0,0008;0,2258;False
86,04;0,1594;-0,0008;0,2258;False
86,04;0,1601;-0,0010;0,2261;False
86,05;0,1601;-0,0010;0,2261;False
86,05;0,1601;-0,0010;0,2261;False
86,06;0,1601;-0,0010;0,2261;False
86,06;0,1607;-0,0016;0,2269;False
86,06;0,1607;-0,0016;0,2269;False
86,07;0,1607;-0,0016;0,2269;False
86,08;0,1607;-0,0016;0,2269;False
86,08;0,1613;-0,0023;0,2279;False
86,09;0,1613;-0,0023;0,2279;False
86,09;0,1613;-0,0023;0,2279;False
86,09;0,1613;-0,0023;0,2279;False
86,10;0,1613;-0,0023;0,2279;False
86,11;0,1619;-0,0031;0,2290;False
86,11;0,1619;-0,0031;0,2290;False
86,11;0,1619;-0,0031;0,2290;False
86,12;0,1619;-0,0031;0,2290;False
86,12;0,1623;-0,0038;0,2298;False
86,13;0,1623;-0,0038;0,2298;False
86,13;0,1623;-0,0038;0,2298;False
86,14;0,1623;-0,0038;0,2298;False
86,14;0,1628;-0,0046;0,2307;False
86,14;0,1628;-0,0046;0,2307;False
86,15;0,1628;-0,0046;0,2307;False
86,15;0,1628;-0,0046;0,2307;False
86,16;0,1628;-0,0046;0,2307;False
86,16;0,1631;-0,0052;0,2314;False
86,17;0,1631;-0,0052;0,2314;False
86,17;0,1633;-0,0054;0,2322;False
86,17;0,1633;-0,0054;0,2322;False
86,18;0,1633;-0,0054;0,2322;False
86,18;0,1634;-0,0048;0,2329;False
86,19;0,1634;-0,0048;0,2329;False
86,19;0,1634;-0,0048;0,2329;False
86,20;0,1634;-0,0048;0,2329;False
86,20;0,1635;-0,0048;0,2335;False
86,21;0,1635;-0,0048;0,2335;False
86,21;0,1635;-0,0048;0,2335;False
86,21;0,1635;-0,0048;0,2335;False
86,22;0,1635;-0,0048;0,2335;False
86,22;0,1637;-0,0049;0,2341;False
86,23;0,1637;-0,0049;0,2341;False
86,24;0,1637;-0,0049;0,2341;False
86,24;0,1638;-0,0048;0,2345;False
86,25;0,1638;-0,0048;0,2345;False
86,25;0,1638;-0,0048;0,2345;False
86,25;0,1638;-0,0048;0,2345;False
86,26;0,1638;-0,0048;0,2345;False
86,26;0,1639;-0,0048;0,2348;False
86,27;0,1639;-0,0048;0,2348;False
86,27;0,1639;-0,0048;0,2348;False
86,28;0,1639;-0,0048;0,2348;False
86,28;0,1639;-0,0048;0,2348;False
86,28;0,1639;-0,0046;0,2349;False
86,29;0,1639;-0,0046;0,2349;False
86,30;0,1639;-0,0046;0,2349;False
86,30;0,1641;-0,0044;0,2345;False
86,31;0,1641;-0,0044;0,2345;False
86,31;0,1641;-0,0044;0,2345;False
86,31;0,1641;-0,0044;0,2345;False
86,32;0,1641;-0,0044;0,2345;False
86,32;0,1640;-0,0042;0,2346;False
86,33;0,1640;-0,0042;0,2346;False
86,33;0,1640;-0,0042;0,2346;False
86,34;0,1640;-0,0042;0,2346;False
86,34;0,1640;-0,0042;0,2346;False
86,34;0,1638;-0,0039;0,2346;False
86,35;0,1638;-0,0039;0,2346;False
86,35;0,1638;-0,0039;0,2346;False
86,36;0,1638;-0,0039;0,2346;False
86,36;0,1637;-0,0035;0,2346;False
86,37;0,1637;-0,0035;0,2346;False
86,37;0,1637;-0,0035;0,2346;False
86,37;0,1637;-0,0035;0,2346;False
86,38;0,1637;-0,0035;0,2346;False
86,38;0,1627;-0,0031;0,2345;False
86,39;0,1627;-0,0031;0,2345;False
86,40;0,1627;-0,0031;0,2345;False
86,40;0,1609;-0,0028;0,2344;False
86,41;0,1609;-0,0028;0,2344;False
86,41;0,1609;-0,0028;0,2344;False
86,41;0,1609;-0,0028;0,2344;False
86,42;0,1609;-0,0028;0,2344;False
86,42;0,1588;-0,0025;0,2342;False
86,43;0,1588;-0,0025;0,2342;False
86,43;0,1588;-0,0025;0,2342;False
86,44;0,1554;-0,0022;0,2340;False
86,45;0,1554;-0,0022;0,2340;False
86,45;0,1554;-0,0022;0,2340;False
86,45;0,1554;-0,0022;0,2340;False
86,46;0,1554;-0,0022;0,2340;False
86,46;0,1510;-0,0019;0,2337;False
86,47;0,1510;-0,0019;0,2337;False
86,48;0,1510;-0,0019;0,2337;False
86,48;0,1457;-0,0016;0,2333;False
86,49;0,1457;-0,0016;0,2333;False
86,49;0,1457;-0,0016;0,2333;False
86,50;0,1457;-0,0016;0,2333;False
86,50;0,1390;-0,0015;0,2328;False
86,51;0,1390;-0,0015;0,2328;False
86,51;0,1390;-0,0015;0,2328;False
86,52;0,1390;-0,0015;0,2328;False
86,52;0,1390;-0,0015;0,2328;False
86,52;0,1310;-0,0013;0,2322;False
86,53;0,1310;-0,0013;0,2322;False
86,53;0,1310;-0,0013;0,2322;False
86,54;0,1310;-0,0013;0,2322;False
86,54;0,1209;-0,0011;0,2315;False
86,55;0,1209;-0,0011;0,2315;False
86,55;0,1209;-0,0011;0,2315;False
86,56;0,1209;-0,0011;0,2315;False
86,56;0,1209;-0,0011;0,2315;False
86,56;0,1087;-0,0010;0,2307;False
86,57;0,1087;-0,0010;0,2307;False
86,57;0,1087;-0,0009;0,2310;False
86,58;0,1087;-0,0009;0,2310;False
86,58;0,0946;-0,0009;0,2301;False
86,59;0,0946;-0,0009;0,2301;False
86,59;0,0946;-0,0009;0,2301;False
86,60;0,0946;-0,0009;0,2301;False
86,60;0,0784;-0,0008;0,2290;False
86,61;0,0784;-0,0008;0,2290;False
86,61;0,0784;-0,0008;0,2290;False
86,61;0,0784;-0,0008;0,2290;False
86,62;0,0784;-0,0008;0,2290;False
86,62;0,0600;-0,0008;0,2278;False
86,63;0,0600;-0,0008;0,2278;False
86,64;0,0600;-0,0008;0,2278;False
86,64;0,0600;-0,0008;0,2278;False
86,64;0,0394;-0,0008;0,2265;False
86,65;0,0394;-0,0008;0,2265;False
86,65;0,0394;-0,0008;0,2265;False
86,66;0,0394;-0,0008;0,2265;False
86,66;0,0164;-0,0008;0,2251;False
86,67;0,0164;-0,0008;0,2251;False
86,67;0,0164;-0,0008;0,2251;False
86,68;0,0164;-0,0008;0,2251;False
86,68;-0,0089;-0,0008;0,2235;False
86,69;-0,0089;-0,0008;0,2235;False
86,69;-0,0089;-0,0008;0,2235;False
86,70;-0,0089;-0,0008;0,2235;False
86,70;-0,0089;-0,0008;0,2235;False
86,70;-0,0365;-0,0008;0,2219;False
86,71;-0,0365;-0,0008;0,2219;False
86,71;-0,0365;-0,0008;0,2219;False
86,72;-0,0365;-0,0008;0,2219;False
86,72;-0,0365;-0,0008;0,2219;False
86,73;-0,0663;-0,0008;0,2201;False
86,73;-0,0663;-0,0008;0,2201;False
86,74;-0,0663;-0,0008;0,2201;False
86,74;-0,0663;-0,0008;0,2201;False
86,74;-0,0981;-0,0008;0,2183;False
86,75;-0,0981;-0,0008;0,2183;False
86,75;-0,0981;-0,0008;0,2183;False
86,75;-0,0981;-0,0008;0,2183;False
86,76;-0,1319;-0,0008;0,2165;False
86,77;-0,1319;-0,0008;0,2165;False
86,77;-0,1319;-0,0008;0,2165;False
86,77;-0,1319;-0,0008;0,2165;False
86,78;-0,1319;-0,0008;0,2165;False
86,78;-0,1676;-0,0008;0,2146;False
86,79;-0,1676;-0,0008;0,2146;False
86,79;-0,1676;-0,0008;0,2146;False
86,80;-0,1676;-0,0008;0,2146;False
86,80;-0,2051;-0,0008;0,2126;False
86,81;-0,2051;-0,0008;0,2126;False
86,81;-0,2051;-0,0008;0,2126;False
86,81;-0,2051;-0,0008;0,2126;False
86,82;-0,2051;-0,0008;0,2126;False
86,82;-0,2443;-0,0008;0,2107;False
86,83;-0,2443;-0,0008;0,2107;False
86,83;-0,2443;-0,0008;0,2107;False
86,84;-0,2850;-0,0008;0,2087;False
86,84;-0,2850;-0,0008;0,2087;False
86,85;-0,2850;-0,0008;0,2087;False
86,85;-0,2850;-0,0008;0,2087;False
86,86;-0,2850;-0,0008;0,2087;False
86,86;-0,3249;-0,0008;0,2069;False
86,87;-0,3249;-0,0008;0,2069;False
86,87;-0,3249;-0,0008;0,2069;False
86,88;-0,3249;-0,0008;0,2069;False
86,88;-0,3624;-0,0006;0,2053;False
86,89;-0,3624;-0,0006;0,2053;False
86,89;-0,3624;-0,0006;0,2053;False
86,89;-0,3624;-0,0006;0,2053;False
86,90;-0,3624;-0,0006;0,2053;False
86,90;-0,4005;-0,0005;0,2037;False
86,91;-0,4005;-0,0005;0,2037;False
86,91;-0,4005;-0,0005;0,2037;False
86,92;-0,4005;-0,0005;0,2037;False
86,92;-0,4399;-0,0003;0,2021;False
86,93;-0,4399;-0,0003;0,2021;False
86,93;-0,4399;-0,0003;0,2021;False
86,94;-0,4399;-0,0003;0,2021;False
86,94;-0,4775;-0,0002;0,2008;True
86,95;-0,4775;-0,0002;0,2008;False
86,95;-0,4775;-0,0002;0,2008;False
86,96;-0,4775;-0,0002;0,2008;False
86,96;-0,4775;-0,0002;0,2008;False
86,97;-0,5135;-0,0001;0,1995;False
86,97;-0,5135;-0,0001;0,1995;False
86,98;-0,5135;-0,0001;0,1995;False
86,98;-0,5135;-0,0001;0,1995;False
86,98;-0,5479;-0,0001;0,1984;False
86,99;-0,5479;-0,0001;0,1984;False
86,99;-0,5479;-0,0001;0,1984;False
87,00;-0,5809;-0,0001;0,1974;False
87,01;-0,5809;-0,0001;0,1974;False
87,01;-0,5809;-0,0001;0,1974;False
87,02;-0,5809;-0,0001;0,1974;False
87,02;-0,6124;-0,0001;0,1965;False
87,03;-0,6124;-0,0001;0,1965;False
87,04;-0,6420;-0,0002;0,1957;False
87,05;-0,6420;-0,0002;0,1957;False
87,05;-0,6420;-0,0002;0,1957;False
87,05;-0,6420;-0,0002;0,1957;False
87,06;-0,6420;-0,0002;0,1957;False
87,07;-0,6703;-0,0002;0,1949;False
87,07;-0,6703;-0,0002;0,1949;False
87,08;-0,6703;-0,0002;0,1949;False
87,08;-0,6973;-0,0003;0,1943;False
87,09;-0,6973;-0,0003;0,1943;False
87,10;-0,7233;-0,0003;0,1937;False
87,11;-0,7233;-0,0003;0,1937;False
87,12;-0,7481;-0,0004;0,1932;False
87,13;-0,7481;-0,0004;0,1932;False
87,13;-0,7481;-0,0004;0,1932;False
87,14;-0,7481;-0,0004;0,1932;False
87,14;-0,7713;-0,0004;0,1927;False
87,15;-0,7713;-0,0004;0,1927;False
87,15;-0,7713;-0,0004;0,1927;False
87,16;-0,7936;-0,0005;0,1922;False
87,17;-0,7936;-0,0005;0,1922;False
87,17;-0,7936;-0,0005;0,1922;False
87,18;-0,7936;-0,0005;0,1922;False
87,18;-0,8149;-0,0005;0,1918;False
87,19;-0,8149;-0,0005;0,1918;False
87,21;-0,8351;-0,0006;0,1921;False
87,22;-0,8351;-0,0006;0,1921;False
87,22;-0,8547;-0,0006;0,1917;False
87,24;-0,8547;-0,0006;0,1917;False
87,25;-0,8730;-0,0006;0,1915;False
87,27;-0,8905;-0,0006;0,1912;False
87,27;-0,8905;-0,0006;0,1912;False
87,28;-0,9073;-0,0007;0,1910;False
87,29;-0,9073;-0,0007;0,1910;False
87,30;-0,9234;-0,0007;0,1908;False
87,31;-0,9234;-0,0007;0,1908;False
87,32;-0,9234;-0,0007;0,1908;False
87,32;-0,9388;-0,0007;0,1906;False
87,33;-0,9388;-0,0007;0,1906;False
87,33;-0,9388;-0,0007;0,1906;False
87,34;-0,9388;-0,0007;0,1906;False
87,34;-0,9532;-0,0007;0,1905;False
87,35;-0,9532;-0,0007;0,1905;False
87,35;-0,9532;-0,0007;0,1905;False
87,36;-0,9532;-0,0007;0,1905;False
87,36;-0,9670;-0,0007;0,1904;False
87,37;-0,9670;-0,0007;0,1904;False
87,38;-0,9670;-0,0007;0,1904;False
87,38;-0,9670;-0,0007;0,1904;False
87,38;-0,9802;-0,0007;0,1902;False
87,39;-0,9802;-0,0007;0,1902;False
87,39;-0,9802;-0,0007;0,1902;False
87,40;-0,9930;0,0003;0,1894;False
87,41;-0,9930;0,0003;0,1894;False
87,41;-0,9930;0,0003;0,1894;False
87,42;-0,9930;0,0003;0,1894;False
87,42;-1,0052;0,0000;0,1893;False
87,43;-1,0052;0,0000;0,1893;False
87,44;-1,0166;-0,0003;0,1892;False
87,45;-1,0166;-0,0003;0,1892;False
87,46;-1,0166;-0,0003;0,1892;False
87,46;-1,0274;-0,0005;0,1892;False
87,47;-1,0275;-0,0011;0,1894;False
87,48;-1,0275;-0,0011;0,1894;False
87,48;-1,0379;-0,0011;0,1893;False
87,49;-1,0379;-0,0011;0,1893;False
87,50;-1,0379;-0,0011;0,1893;False
87,50;-1,0479;-0,0010;0,1893;False
87,51;-1,0479;-0,0010;0,1893;False
87,51;-1,0479;-0,0010;0,1893;False
87,52;-1,0479;-0,0010;0,1893;False
87,52;-1,0575;-0,0010;0,1892;False
87,53;-1,0575;-0,0010;0,1892;False
87,54;-1,0575;-0,0010;0,1892;False
87,54;-1,0664;-0,0009;0,1892;False
87,55;-1,0664;-0,0009;0,1892;False
87,56;-1,0664;-0,0009;0,1892;False
87,56;-1,0761;-0,0009;0,1891;False
87,57;-1,0761;-0,0009;0,1891;False
87,58;-1,0761;-0,0009;0,1891;False
87,58;-1,0870;-0,0009;0,1891;False
87,59;-1,0870;-0,0009;0,1891;False
87,59;-1,0870;-0,0009;0,1891;False
87,60;-1,0870;-0,0009;0,1891;False
87,60;-1,0995;-0,0008;0,1890;False
87,61;-1,0995;-0,0008;0,1890;False
87,61;-1,0995;-0,0008;0,1890;False
87,62;-1,0995;-0,0008;0,1890;False
87,62;-1,1127;-0,0008;0,1890;False
87,62;-1,1127;-0,0008;0,1890;False
87,63;-1,1127;-0,0008;0,1890;False
87,63;-1,1127;-0,0008;0,1890;False
87,64;-1,1268;-0,0008;0,1890;False
87,65;-1,1268;-0,0008;0,1890;False
87,65;-1,1268;-0,0008;0,1890;False
87,66;-1,1268;-0,0008;0,1890;False
87,66;-1,1404;-0,0008;0,1890;False
87,67;-1,1404;-0,0008;0,1890;False
87,67;-1,1404;-0,0008;0,1890;False
87,68;-1,1404;-0,0008;0,1890;False
87,68;-1,1541;-0,0007;0,1890;False
87,69;-1,1541;-0,0007;0,1890;False
87,69;-1,1541;-0,0007;0,1890;False
87,69;-1,1541;-0,0007;0,1890;False
87,70;-1,1541;-0,0007;0,1890;False
87,71;-1,1673;-0,0007;0,1890;False
87,71;-1,1673;-0,0007;0,1890;False
87,72;-1,1800;-0,0007;0,1890;False
87,73;-1,1800;-0,0007;0,1890;False
87,74;-1,1800;-0,0007;0,1890;False
87,75;-1,1922;-0,0007;0,1890;False
87,76;-1,1922;-0,0007;0,1890;False
87,76;-1,2036;-0,0007;0,1890;False
87,78;-1,2036;-0,0007;0,1890;False
87,78;-1,2146;-0,0007;0,1891;False
87,79;-1,2146;-0,0007;0,1891;False
87,80;-1,2245;-0,0007;0,1891;False
87,81;-1,2245;-0,0007;0,1891;False
87,82;-1,2245;-0,0007;0,1891;False
87,83;-1,2333;-0,0007;0,1892;False
87,84;-1,2333;-0,0007;0,1892;False
87,85;-1,2408;-0,0007;0,1892;False
87,88;-1,2469;-0,0007;0,1893;False
87,89;-1,2516;-0,0007;0,1893;False
87,89;-1,2516;-0,0007;0,1893;False
87,90;-1,2549;-0,0007;0,1894;False
87,91;-1,2549;-0,0007;0,1894;False
87,91;-1,2549;-0,0007;0,1894;False
87,92;-1,2549;-0,0007;0,1894;False
87,92;-1,2567;-0,0007;0,1894;False
87,93;-1,2567;-0,0007;0,1894;False
87,93;-1,2567;-0,0007;0,1894;False
87,94;-1,2567;-0,0007;0,1894;False
87,94;-1,2563;-0,0007;0,1894;False
87,95;-1,2563;-0,0007;0,1894;False
87,95;-1,2563;-0,0007;0,1894;False
87,96;-1,2538;-0,0007;0,1894;False
87,97;-1,2538;-0,0007;0,1894;False
87,97;-1,2538;-0,0007;0,1894;False
87,97;-1,2538;-0,0007;0,1894;False
87,98;-1,2538;-0,0007;0,1894;False
87,98;-1,2494;-0,0008;0,1893;False
87,99;-1,2494;-0,0008;0,1893;False
88,00;-1,2494;-0,0008;0,1893;False
88,00;-1,2423;-0,0008;0,1892;False
88,01;-1,2423;-0,0008;0,1892;False
88,01;-1,2423;-0,0008;0,1892;False
88,02;-1,2423;-0,0008;0,1892;False
88,02;-1,2325;-0,0008;0,1891;False
88,03;-1,2325;-0,0008;0,1891;False
88,03;-1,2325;-0,0008;0,1891;False
88,03;-1,2325;-0,0008;0,1891;False
88,04;-1,2200;-0,0008;0,1889;False
88,05;-1,2200;-0,0008;0,1889;False
88,05;-1,2200;-0,0008;0,1889;False
88,06;-1,2200;-0,0008;0,1889;False
88,06;-1,2050;-0,0008;0,1888;False
88,07;-1,2050;-0,0008;0,1888;False
88,07;-1,2050;-0,0008;0,1888;False
88,08;-1,2051;-0,0001;0,1878;False
88,08;-1,1902;-0,0004;0,1876;False
88,09;-1,1902;-0,0004;0,1876;False
88,09;-1,1902;-0,0004;0,1876;False
88,10;-1,1902;-0,0004;0,1876;False
88,10;-1,1759;-0,0014;0,1883;False
88,11;-1,1759;-0,0014;0,1883;False
88,11;-1,1759;-0,0014;0,1883;False
88,12;-1,1759;-0,0014;0,1883;False
88,12;-1,1623;-0,0013;0,1882;False
88,13;-1,1623;-0,0013;0,1882;False
88,13;-1,1623;-0,0013;0,1882;False
88,14;-1,1623;-0,0013;0,1882;False
88,14;-1,1481;-0,0012;0,1881;False
88,15;-1,1481;-0,0012;0,1881;False
88,15;-1,1481;-0,0012;0,1881;False
88,16;-1,1481;-0,0012;0,1881;False
88,16;-1,1332;-0,0011;0,1880;False
88,17;-1,1332;-0,0011;0,1880;False
88,17;-1,1332;-0,0011;0,1880;False
88,18;-1,1332;-0,0011;0,1880;False
88,18;-1,1190;-0,0010;0,1879;False
88,19;-1,1190;-0,0010;0,1879;False
88,19;-1,1190;-0,0010;0,1879;False
88,20;-1,1190;-0,0010;0,1879;False
88,20;-1,1053;-0,0009;0,1878;False
88,21;-1,1053;-0,0009;0,1878;False
88,21;-1,1053;-0,0009;0,1878;False
88,21;-1,1053;-0,0009;0,1878;False
88,22;-1,1053;-0,0009;0,1878;False
88,22;-1,0912;-0,0009;0,1877;False
88,23;-1,0912;-0,0009;0,1877;False
88,23;-1,0912;-0,0009;0,1877;False
88,24;-1,0912;-0,0009;0,1877;False
88,24;-1,0763;-0,0008;0,1877;False
88,25;-1,0763;-0,0008;0,1877;False
88,26;-1,0763;-0,0008;0,1877;False
88,26;-1,0621;-0,0008;0,1876;False
88,27;-1,0621;-0,0008;0,1876;False
88,27;-1,0621;-0,0008;0,1876;False
88,28;-1,0621;-0,0008;0,1876;False
88,28;-1,0485;-0,0008;0,1876;False
88,29;-1,0485;-0,0008;0,1876;False
88,30;-1,0485;-0,0008;0,1876;False
88,30;-1,0343;-0,0008;0,1876;False
88,31;-1,0343;-0,0008;0,1876;False
88,31;-1,0343;-0,0008;0,1876;False
88,31;-1,0343;-0,0008;0,1876;False
88,32;-1,0343;-0,0008;0,1876;False
88,32;-1,0195;-0,0008;0,1876;False
88,33;-1,0195;-0,0008;0,1876;False
88,34;-1,0195;-0,0008;0,1876;False
88,34;-1,0195;-0,0008;0,1876;False
88,34;-1,0053;-0,0008;0,1876;False
88,35;-1,0053;-0,0008;0,1876;False
88,35;-1,0053;-0,0008;0,1876;False
88,36;-0,9917;-0,0008;0,1876;False
88,36;-0,9917;-0,0008;0,1876;False
88,37;-0,9917;-0,0008;0,1876;False
88,37;-0,9917;-0,0008;0,1876;False
88,38;-0,9917;-0,0008;0,1876;False
88,38;-0,9775;-0,0008;0,1876;False
88,39;-0,9775;-0,0008;0,1876;False
88,39;-0,9775;-0,0008;0,1876;False
88,40;-0,9775;-0,0008;0,1876;False
88,40;-0,9627;-0,0008;0,1877;False
88,41;-0,9627;-0,0008;0,1877;False
88,41;-0,9627;-0,0008;0,1877;False
88,41;-0,9627;-0,0008;0,1877;False
88,42;-0,9627;-0,0008;0,1877;False
88,42;-0,9485;-0,0008;0,1877;False
88,43;-0,9485;-0,0008;0,1877;False
88,43;-0,9485;-0,0008;0,1877;False
88,43;-0,9485;-0,0008;0,1877;False
88,44;-0,9349;-0,0008;0,1878;False
88,45;-0,9349;-0,0008;0,1878;False
88,45;-0,9349;-0,0008;0,1878;False
88,46;-0,9349;-0,0008;0,1878;False
88,46;-0,9208;-0,0008;0,1879;False
88,47;-0,9208;-0,0008;0,1879;False
88,47;-0,9208;-0,0008;0,1879;False
88,48;-0,9208;-0,0008;0,1879;False
88,48;-0,9060;-0,0008;0,1880;False
88,49;-0,9060;-0,0008;0,1880;False
88,49;-0,9060;-0,0008;0,1880;False
88,50;-0,9060;-0,0008;0,1880;False
88,50;-0,8918;-0,0008;0,1881;False
88,51;-0,8918;-0,0008;0,1881;False
88,51;-0,8918;-0,0008;0,1881;False
88,52;-0,8918;-0,0008;0,1881;False
88,52;-0,8918;-0,0008;0,1881;False
88,52;-0,8782;-0,0008;0,1882;False
88,53;-0,8782;-0,0008;0,1882;False
88,54;-0,8782;-0,0008;0,1882;False
88,54;-0,8782;-0,0008;0,1882;False
88,54;-0,8641;-0,0008;0,1883;False
88,55;-0,8641;-0,0008;0,1883;False
88,55;-0,8641;-0,0008;0,1883;False
88,56;-0,8641;-0,0008;0,1883;False
88,56;-0,8493;-0,0008;0,1885;False
88,57;-0,8493;-0,0008;0,1885;False
88,57;-0,8493;-0,0008;0,1885;False
88,58;-0,8493;-0,0008;0,1885;False
88,58;-0,8493;-0,0008;0,1885;False
88,58;-0,8351;-0,0008;0,1886;False
88,59;-0,8351;-0,0008;0,1886;False
88,59;-0,8351;-0,0008;0,1886;False
88,60;-0,8351;-0,0008;0,1886;False
88,60;-0,8215;-0,0008;0,1888;False
88,61;-0,8215;-0,0008;0,1888;False
88,61;-0,8215;-0,0008;0,1888;False
88,62;-0,8215;-0,0008;0,1888;False
88,62;-0,8215;-0,0008;0,1888;False
88,62;-0,8074;-0,0008;0,1889;False
88,63;-0,8074;-0,0008;0,1889;False
88,64;-0,8074;-0,0008;0,1889;False
88,64;-0,8074;-0,0008;0,1889;False
88,64;-0,7926;-0,0008;0,1891;False
88,65;-0,7926;-0,0008;0,1891;False
88,65;-0,7926;-0,0008;0,1891;False
88,66;-0,7926;-0,0008;0,1891;False
88,66;-0,7784;0,0003;0,1893;False
88,67;-0,7784;0,0003;0,1893;False
88,67;-0,7784;0,0003;0,1893;False
88,68;-0,7784;0,0003;0,1893;False
88,68;-0,7647;0,0000;0,1895;False
88,69;-0,7647;0,0000;0,1895;False
88,69;-0,7647;0,0000;0,1895;False
88,70;-0,7647;0,0000;0,1895;False
88,70;-0,7506;-0,0003;0,1897;False
88,70;-0,7506;-0,0003;0,1897;False
88,71;-0,7506;-0,0003;0,1897;False
88,71;-0,7506;-0,0003;0,1897;False
88,72;-0,7506;-0,0003;0,1897;False
88,72;-0,7357;-0,0006;0,1900;False
88,73;-0,7357;-0,0006;0,1900;False
88,73;-0,7357;-0,0006;0,1900;False
88,74;-0,7357;-0,0006;0,1900;False
88,74;-0,7357;-0,0006;0,1900;False
88,74;-0,7215;-0,0007;0,1902;False
88,75;-0,7215;-0,0007;0,1902;False
88,75;-0,7215;-0,0007;0,1902;False
88,76;-0,7079;-0,0009;0,1905;False
88,77;-0,7079;-0,0009;0,1905;False
88,77;-0,7079;-0,0009;0,1905;False
88,77;-0,7079;-0,0009;0,1905;False
88,78;-0,7079;-0,0009;0,1905;False
88,78;-0,6937;-0,0009;0,1907;False
88,79;-0,6937;-0,0009;0,1907;False
88,79;-0,6937;-0,0009;0,1907;False
88,80;-0,6938;-0,0009;0,1907;False
88,80;-0,6789;-0,0010;0,1910;False
88,81;-0,6789;-0,0010;0,1910;False
88,81;-0,6789;-0,0010;0,1910;False
88,81;-0,6789;-0,0010;0,1910;False
88,82;-0,6789;-0,0010;0,1910;False
88,82;-0,6647;-0,0010;0,1913;False
88,83;-0,6647;-0,0010;0,1913;False
88,83;-0,6647;-0,0010;0,1913;False
88,84;-0,6647;-0,0010;0,1913;False
88,84;-0,6511;-0,0011;0,1916;False
88,85;-0,6511;-0,0011;0,1916;False
88,85;-0,6511;-0,0011;0,1916;False
88,86;-0,6511;-0,0011;0,1916;False
88,86;-0,6369;-0,0011;0,1919;False
88,87;-0,6369;-0,0011;0,1919;False
88,87;-0,6369;-0,0011;0,1919;False
88,88;-0,6369;-0,0011;0,1919;False
88,88;-0,6221;-0,0011;0,1923;False
88,89;-0,6221;-0,0011;0,1923;False
88,89;-0,6221;-0,0011;0,1923;False
88,89;-0,6221;-0,0011;0,1923;False
88,90;-0,6221;-0,0011;0,1923;False
88,91;-0,6079;-0,0010;0,1926;False
88,91;-0,6079;-0,0010;0,1926;False
88,92;-0,6079;-0,0010;0,1926;False
88,92;-0,5943;-0,0010;0,1929;False
88,93;-0,5943;-0,0010;0,1929;False
88,93;-0,5943;-0,0010;0,1929;False
88,94;-0,5943;-0,0010;0,1929;False
88,94;-0,5801;-0,0010;0,1933;False
88,95;-0,5801;-0,0010;0,1933;False
88,95;-0,5801;-0,0010;0,1933;False
88,95;-0,5801;-0,0010;0,1933;False
88,96;-0,5801;-0,0010;0,1933;False
88,96;-0,5653;-0,0010;0,1937;False
88,97;-0,5653;-0,0010;0,1937;False
88,97;-0,5653;-0,0010;0,1937;False
88,98;-0,5653;-0,0010;0,1937;False
88,98;-0,5511;-0,0010;0,1941;False
88,99;-0,5511;-0,0010;0,1941;False
88,99;-0,5511;-0,0010;0,1941;False
88,99;-0,5511;-0,0010;0,1941;False
89,00;-0,5375;-0,0009;0,1944;False
89,00;-0,5375;-0,0009;0,1944;False
89,01;-0,5375;-0,0009;0,1944;False
89,01;-0,5375;-0,0009;0,1944;False
89,02;-0,5375;-0,0009;0,1944;False
89,02;-0,5234;-0,0009;0,1949;False
89,03;-0,5234;-0,0009;0,1949;False
89,03;-0,5234;-0,0009;0,1949;False
89,04;-0,5234;-0,0009;0,1949;False
89,04;-0,5086;-0,0009;0,1953;False
89,05;-0,5086;-0,0009;0,1953;False
89,05;-0,5086;-0,0009;0,1953;False
89,05;-0,5086;-0,0009;0,1953;False
89,06;-0,5086;-0,0009;0,1953;False
89,07;-0,4944;-0,0009;0,1957;False
89,07;-0,4944;-0,0009;0,1957;False
89,08;-0,4944;-0,0009;0,1957;False
89,08;-0,4808;-0,0009;0,1962;False
89,09;-0,4808;-0,0009;0,1962;False
89,09;-0,4808;-0,0009;0,1962;False
89,10;-0,4808;-0,0009;0,1962;False
89,10;-0,4667;-0,0009;0,1966;False
89,11;-0,4667;-0,0009;0,1966;False
89,11;-0,4667;-0,0009;0,1966;False
89,12;-0,4667;-0,0009;0,1966;False
89,12;-0,4519;-0,0009;0,1971;False
89,13;-0,4519;-0,0009;0,1971;False
89,13;-0,4519;-0,0009;0,1971;False
89,14;-0,4519;-0,0009;0,1971;False
89,14;-0,4519;-0,0009;0,1971;False
89,14;-0,4377;-0,0009;0,1976;False
89,15;-0,4377;-0,0009;0,1976;False
89,15;-0,4377;-0,0009;0,1976;False
89,15;-0,4377;-0,0009;0,1976;False
89,16;-0,4241;-0,0008;0,1981;False
89,17;-0,4241;-0,0008;0,1981;False
89,17;-0,4241;-0,0008;0,1981;False
89,17;-0,4241;-0,0008;0,1981;False
89,18;-0,4241;-0,0008;0,1981;False
89,18;-0,4100;-0,0008;0,1986;False
89,19;-0,4100;-0,0008;0,1986;False
89,19;-0,4100;-0,0008;0,1986;False
89,20;-0,4100;-0,0008;0,1986;False
89,20;-0,3952;-0,0008;0,1991;False
89,21;-0,3952;-0,0008;0,1991;False
89,21;-0,3952;-0,0008;0,1991;False
89,21;-0,3952;-0,0008;0,1991;False
89,22;-0,3952;-0,0008;0,1991;False
89,22;-0,3811;-0,0008;0,1996;False
89,23;-0,3811;-0,0008;0,1996;False
89,23;-0,3811;-0,0008;0,1996;False
89,23;-0,3811;-0,0008;0,1996;False
89,24;-0,3675;-0,0008;0,2001;False
89,25;-0,3675;-0,0008;0,2001;False
89,25;-0,3675;-0,0008;0,2001;False
89,25;-0,3675;-0,0008;0,2001;False
89,26;-0,3675;-0,0008;0,2001;False
89,26;-0,3534;-0,0008;0,2007;False
89,27;-0,3534;-0,0008;0,2007;False
89,27;-0,3534;-0,0008;0,2007;False
89,28;-0,3534;-0,0008;0,2007;False
89,28;-0,3386;-0,0008;0,2013;False
89,29;-0,3386;-0,0008;0,2013;False
89,29;-0,3386;-0,0008;0,2013;False
89,30;-0,3386;-0,0008;0,2013;False
89,31;-0,3244;-0,0008;0,2019;False
89,31;-0,3244;-0,0008;0,2019;False
89,32;-0,3244;-0,0008;0,2019;False
89,32;-0,3109;-0,0008;0,2024;False
89,33;-0,3109;-0,0008;0,2024;False
89,33;-0,3109;-0,0008;0,2024;False
89,34;-0,2968;-0,0008;0,2030;False
89,35;-0,2968;-0,0008;0,2030;False
89,35;-0,2968;-0,0008;0,2030;False
89,36;-0,2968;-0,0008;0,2030;False
89,36;-0,2820;-0,0008;0,2036;False
89,37;-0,2820;-0,0008;0,2036;False
89,38;-0,2820;-0,0008;0,2036;False
89,38;-0,2820;-0,0008;0,2036;False
89,38;-0,2679;-0,0008;0,2043;False
89,39;-0,2679;-0,0008;0,2043;False
89,40;-0,2679;-0,0008;0,2043;False
89,40;-0,2543;-0,0008;0,2049;False
89,41;-0,2543;-0,0008;0,2049;False
89,41;-0,2543;-0,0008;0,2049;False
89,42;-0,2543;-0,0008;0,2049;False
89,42;-0,2402;-0,0008;0,2055;False
89,43;-0,2402;-0,0008;0,2055;False
89,43;-0,2402;-0,0008;0,2055;False
89,44;-0,2402;-0,0008;0,2055;False
89,44;-0,2255;-0,0008;0,2062;False
89,45;-0,2255;-0,0008;0,2062;False
89,45;-0,2255;-0,0008;0,2062;False
89,45;-0,2255;-0,0008;0,2062;False
89,46;-0,2255;-0,0008;0,2062;False
89,47;-0,2113;-0,0008;0,2069;False
89,47;-0,2113;-0,0008;0,2069;False
89,47;-0,2113;-0,0008;0,2069;False
89,48;-0,2113;-0,0008;0,2069;False
89,48;-0,1977;-0,0008;0,2075;False
89,49;-0,1977;-0,0008;0,2075;False
89,50;-0,1977;-0,0008;0,2075;False
89,50;-0,1977;-0,0008;0,2075;False
89,50;-0,1837;-0,0008;0,2082;False
89,51;-0,1837;-0,0008;0,2082;False
89,51;-0,1837;-0,0008;0,2082;False
89,52;-0,1837;-0,0008;0,2082;False
89,52;-0,1689;-0,0008;0,2090;False
89,53;-0,1689;-0,0008;0,2090;False
89,53;-0,1689;-0,0007;0,2089;False
89,54;-0,1689;-0,0007;0,2089;False
89,54;-0,1548;-0,0007;0,2096;False
89,55;-0,1548;-0,0007;0,2096;False
89,55;-0,1548;-0,0007;0,2096;False
89,56;-0,1548;-0,0007;0,2096;False
89,56;-0,1412;-0,0008;0,2103;False
89,57;-0,1412;-0,0008;0,2103;False
89,57;-0,1412;-0,0008;0,2103;False
89,58;-0,1412;-0,0008;0,2103;False
89,58;-0,1271;-0,0008;0,2110;False
89,59;-0,1271;-0,0008;0,2110;False
89,59;-0,1271;-0,0008;0,2110;False
89,60;-0,1271;-0,0008;0,2110;False
89,60;-0,1124;-0,0008;0,2118;False
89,61;-0,1124;-0,0008;0,2118;False
89,61;-0,1124;-0,0008;0,2118;False
89,62;-0,1124;-0,0008;0,2118;False
89,62;-0,0982;-0,0008;0,2126;False
89,63;-0,0982;-0,0008;0,2126;False
89,63;-0,0982;-0,0008;0,2126;False
89,64;-0,0982;-0,0008;0,2126;False
89,64;-0,0847;-0,0009;0,2134;False
89,65;-0,0847;-0,0009;0,2134;False
89,65;-0,0847;-0,0009;0,2134;False
89,66;-0,0847;-0,0009;0,2134;False
89,66;-0,0847;-0,0009;0,2134;False
89,67;-0,0706;-0,0009;0,2142;False
89,67;-0,0706;-0,0009;0,2142;False
89,68;-0,0706;-0,0009;0,2142;False
89,68;-0,0559;-0,0009;0,2150;False
89,69;-0,0559;-0,0009;0,2150;False
89,69;-0,0559;-0,0009;0,2150;False
89,70;-0,0559;-0,0009;0,2150;False
89,70;-0,0417;-0,0009;0,2159;False
89,71;-0,0417;-0,0009;0,2159;False
89,71;-0,0417;-0,0009;0,2159;False
89,72;-0,0417;-0,0009;0,2159;False
89,72;-0,0282;-0,0009;0,2167;False
89,73;-0,0282;-0,0009;0,2167;False
89,73;-0,0282;-0,0009;0,2167;False
89,74;-0,0282;-0,0009;0,2167;False
89,74;-0,0141;-0,0009;0,2175;False
89,75;-0,0141;-0,0009;0,2175;False
89,75;-0,0141;-0,0009;0,2175;False
89,75;-0,0141;-0,0009;0,2175;False
89,76;-0,0141;-0,0009;0,2175;False
89,76;0,0006;-0,0009;0,2184;False
89,77;0,0006;-0,0009;0,2184;False
89,77;0,0006;-0,0009;0,2184;False
89,78;0,0006;-0,0009;0,2184;False
89,78;0,0148;-0,0009;0,2193;False
89,78;0,0148;-0,0009;0,2193;False
89,79;0,0148;-0,0009;0,2193;False
89,79;0,0148;-0,0009;0,2193;False
89,80;0,0148;-0,0009;0,2193;False
89,80;0,0283;-0,0009;0,2201;False
89,81;0,0283;-0,0009;0,2201;False
89,81;0,0283;-0,0009;0,2201;False
89,82;0,0283;-0,0009;0,2201;False
89,82;0,0283;-0,0009;0,2201;False
89,82;0,0423;-0,0009;0,2210;False
89,83;0,0423;-0,0009;0,2210;False
89,84;0,0423;-0,0009;0,2210;False
89,84;0,0423;-0,0009;0,2210;False
89,84;0,0571;-0,0009;0,2220;False
89,85;0,0571;-0,0009;0,2220;False
89,85;0,0571;-0,0009;0,2220;False
89,86;0,0571;-0,0009;0,2220;False
89,86;0,0712;-0,0009;0,2229;False
89,87;0,0712;-0,0009;0,2229;False
89,87;0,0712;-0,0009;0,2229;False
89,88;0,0712;-0,0009;0,2229;False
89,88;0,0848;-0,0009;0,2238;False
89,89;0,0848;-0,0009;0,2238;False
89,89;0,0848;-0,0009;0,2238;False
89,90;0,0848;-0,0009;0,2238;False
89,90;0,0988;-0,0009;0,2247;False
89,91;0,0988;-0,0009;0,2247;False
89,91;0,0988;-0,0009;0,2247;False
89,91;0,0988;-0,0009;0,2247;False
89,92;0,0988;-0,0009;0,2247;False
89,92;0,1135;-0,0008;0,2257;False
89,93;0,1135;-0,0009;0,2257;False
89,93;0,1135;-0,0009;0,2257;False
89,94;0,1135;-0,0009;0,2257;False
89,94;0,1276;-0,0008;0,2267;False
89,94;0,1276;-0,0008;0,2267;False
89,95;0,1276;-0,0008;0,2267;False
89,95;0,1276;-0,0008;0,2267;False
89,96;0,1276;-0,0008;0,2267;False
89,96;0,1412;-0,0008;0,2276;False
89,97;0,1412;-0,0008;0,2276;False
89,97;0,1412;-0,0008;0,2276;False
89,97;0,1412;-0,0008;0,2276;False
89,98;0,1412;-0,0008;0,2276;False
89,98;0,1552;-0,0008;0,2286;False
89,99;0,1552;-0,0008;0,2286;False
89,99;0,1552;-0,0008;0,2286;False
90,00;0,1554;-0,0016;0,2292;False
90,00;0,1630;-0,0026;0,2317;False
90,01;0,1630;-0,0026;0,2317;False
90,01;0,1630;-0,0026;0,2317;False
90,02;0,1630;-0,0026;0,2317;False
90,02;0,1630;-0,0026;0,2317;False
90,02;0,1660;-0,0044;0,2346;False
90,03;0,1660;-0,0044;0,2346;False
90,03;0,1660;-0,0044;0,2346;False
90,04;0,1675;-0,0061;0,2365;False
90,05;0,1675;-0,0061;0,2365;False
90,05;0,1675;-0,0061;0,2365;False
90,05;0,1675;-0,0061;0,2365;False
90,06;0,1675;-0,0061;0,2365;False
90,06;0,1677;-0,0051;0,2380;False
90,07;0,1677;-0,0051;0,2380;False
90,08;0,1677;-0,0051;0,2380;False
90,08;0,1680;-0,0051;0,2389;False
90,09;0,1680;-0,0051;0,2389;False
90,09;0,1680;-0,0051;0,2389;False
90,10;0,1680;-0,0051;0,2389;False
90,11;0,1684;-0,0054;0,2399;False
90,11;0,1684;-0,0054;0,2399;False
90,11;0,1684;-0,0054;0,2399;False
90,12;0,1684;-0,0054;0,2399;False
90,12;0,1686;-0,0051;0,2407;False
90,13;0,1686;-0,0051;0,2407;False
90,13;0,1686;-0,0051;0,2407;False
90,14;0,1686;-0,0051;0,2407;False
90,14;0,1689;-0,0051;0,2416;False
90,15;0,1689;-0,0051;0,2416;False
90,15;0,1689;-0,0051;0,2416;False
90,16;0,1689;-0,0051;0,2416;False
90,16;0,1692;-0,0051;0,2423;False
90,17;0,1692;-0,0051;0,2423;False
90,17;0,1692;-0,0051;0,2423;False
90,18;0,1692;-0,0051;0,2423;False
90,18;0,1695;-0,0051;0,2431;False
90,19;0,1695;-0,0051;0,2431;False
90,19;0,1695;-0,0051;0,2431;False
90,19;0,1695;-0,0051;0,2431;False
90,20;0,1698;-0,0051;0,2439;False
90,21;0,1698;-0,0051;0,2439;False
90,21;0,1698;-0,0051;0,2439;False
90,21;0,1698;-0,0051;0,2439;False
90,22;0,1698;-0,0051;0,2439;False
90,22;0,1701;-0,0051;0,2446;False
90,23;0,1701;-0,0051;0,2446;False
90,23;0,1701;-0,0051;0,2446;False
90,24;0,1701;-0,0043;0,2440;False
90,24;0,1701;-0,0043;0,2440;False
90,24;0,1704;-0,0047;0,2447;False
90,25;0,1704;-0,0047;0,2447;False
90,25;0,1704;-0,0047;0,2447;False
90,25;0,1704;-0,0047;0,2447;False
90,26;0,1704;-0,0047;0,2447;False
90,27;0,1709;-0,0051;0,2454;False
90,27;0,1709;-0,0051;0,2454;False
90,28;0,1709;-0,0051;0,2454;False
90,28;0,1711;-0,0048;0,2462;False
90,29;0,1711;-0,0048;0,2462;False
90,29;0,1711;-0,0048;0,2462;False
90,30;0,1711;-0,0048;0,2462;False
90,30;0,1713;-0,0053;0,2473;False
90,31;0,1713;-0,0053;0,2473;False
90,31;0,1713;-0,0053;0,2473;False
90,31;0,1713;-0,0053;0,2473;False
90,32;0,1713;-0,0053;0,2473;False
90,32;0,1715;-0,0050;0,2480;False
90,33;0,1715;-0,0050;0,2480;False
90,33;0,1715;-0,0050;0,2480;False
90,34;0,1715;-0,0050;0,2480;False
90,34;0,1719;-0,0050;0,2487;False
90,34;0,1719;-0,0050;0,2487;False
90,35;0,1719;-0,0050;0,2487;False
90,35;0,1719;-0,0050;0,2487;False
90,36;0,1719;-0,0050;0,2487;False
90,36;0,1722;-0,0050;0,2494;False
90,37;0,1722;-0,0050;0,2494;False
90,37;0,1722;-0,0050;0,2494;False
90,37;0,1722;-0,0050;0,2494;False
90,38;0,1722;-0,0050;0,2494;False
90,38;0,1725;-0,0050;0,2501;False
90,39;0,1725;-0,0050;0,2501;False
90,39;0,1725;-0,0050;0,2501;False
90,40;0,1725;-0,0050;0,2501;False
90,40;0,1728;-0,0050;0,2508;False
90,41;0,1728;-0,0050;0,2508;False
90,41;0,1728;-0,0050;0,2508;False
90,41;0,1728;-0,0050;0,2508;False
90,42;0,1728;-0,0050;0,2508;False
90,42;0,1731;-0,0050;0,2515;False
90,43;0,1731;-0,0050;0,2515;False
90,43;0,1731;-0,0050;0,2515;False
90,44;0,1731;-0,0050;0,2515;False
90,44;0,1734;-0,0050;0,2522;False
90,45;0,1734;-0,0050;0,2522;False
90,45;0,1734;-0,0050;0,2522;False
90,46;0,1734;-0,0050;0,2522;False
90,46;0,1738;-0,0050;0,2528;False
90,47;0,1738;-0,0050;0,2528;False
90,48;0,1738;-0,0050;0,2528;False
90,48;0,1739;-0,0050;0,2532;False
90,49;0,1739;-0,0050;0,2532;False
90,49;0,1739;-0,0050;0,2532;False
90,50;0,1739;-0,0050;0,2532;False
90,50;0,1739;-0,0048;0,2533;False
90,51;0,1739;-0,0048;0,2533;False
90,51;0,1739;-0,0048;0,2533;False
90,52;0,1739;-0,0048;0,2533;False
90,52;0,1738;-0,0045;0,2533;False
90,52;0,1738;-0,0045;0,2533;False
90,53;0,1738;-0,0045;0,2533;False
90,54;0,1738;-0,0045;0,2533;False
90,54;0,1738;-0,0045;0,2533;False
90,54;0,1737;-0,0041;0,2534;False
90,55;0,1737;-0,0041;0,2534;False
90,55;0,1737;-0,0041;0,2534;False
90,55;0,1737;-0,0041;0,2534;False
90,56;0,1737;-0,0041;0,2534;False
90,56;0,1736;-0,0037;0,2534;False
90,57;0,1736;-0,0037;0,2534;False
90,57;0,1736;-0,0037;0,2534;False
90,58;0,1736;-0,0037;0,2534;False
90,58;0,1735;-0,0033;0,2534;False
90,59;0,1735;-0,0033;0,2534;False
90,59;0,1735;-0,0033;0,2534;False
90,59;0,1735;-0,0033;0,2534;False
90,60;0,1735;-0,0029;0,2534;False
90,60;0,1735;-0,0029;0,2534;False
90,61;0,1735;-0,0029;0,2534;False
90,61;0,1735;-0,0029;0,2534;False
90,62;0,1735;-0,0029;0,2534;False
90,62;0,1734;-0,0026;0,2534;False
90,62;0,1734;-0,0026;0,2534;False
90,63;0,1733;-0,0021;0,2532;False
90,64;0,1732;-0,0019;0,2532;False
90,65;0,1732;-0,0019;0,2532;False
90,65;0,1732;-0,0019;0,2532;False
90,65;0,1732;-0,0019;0,2532;False
90,66;0,1732;-0,0019;0,2532;False
90,67;0,1731;-0,0017;0,2532;False
90,67;0,1731;-0,0017;0,2532;False
90,68;0,1731;-0,0017;0,2532;False
90,69;0,1730;-0,0016;0,2532;False
90,69;0,1730;-0,0016;0,2532;False
90,70;0,1730;-0,0014;0,2532;False
90,71;0,1730;-0,0014;0,2532;False
90,71;0,1730;-0,0014;0,2532;False
90,72;0,1730;-0,0014;0,2532;False
90,72;0,1729;-0,0013;0,2532;False
90,73;0,1729;-0,0013;0,2532;False
90,74;0,1729;-0,0013;0,2532;False
90,74;0,1728;-0,0012;0,2532;False
90,75;0,1728;-0,0012;0,2532;False
90,75;0,1728;-0,0012;0,2532;False
90,76;0,1727;-0,0011;0,2533;False
90,77;0,1727;-0,0011;0,2533;False
90,77;0,1727;-0,0011;0,2533;False
90,78;0,1727;-0,0011;0,2533;False
90,78;0,1727;-0,0010;0,2533;False
90,79;0,1727;-0,0010;0,2533;False
90,80;0,1727;-0,0010;0,2533;False
90,80;0,1726;-0,0010;0,2533;False
90,81;0,1726;-0,0010;0,2533;False
90,82;0,1726;-0,0010;0,2533;False
90,82;0,1725;-0,0009;0,2533;False
90,83;0,1725;-0,0009;0,2533;False
90,84;0,1725;-0,0009;0,2533;False
90,85;0,1725;-0,0009;0,2533;False
90,86;0,1725;-0,0009;0,2533;False
90,86;0,1724;-0,0009;0,2533;False
90,87;0,1724;-0,0009;0,2533;False
90,88;0,1724;-0,0009;0,2533;False
90,88;0,1723;-0,0008;0,2533;False
90,89;0,1723;-0,0008;0,2533;False
90,90;0,1723;-0,0008;0,2533;False
90,90;0,1723;-0,0008;0,2533;False
90,91;0,1723;-0,0008;0,2533;False
90,92;0,1723;-0,0008;0,2533;False
90,92;0,1722;-0,0008;0,2533;False
90,93;0,1722;-0,0008;0,2533;False
90,93;0,1722;-0,0008;0,2533;False
90,94;0,1722;-0,0008;0,2533;False
90,95;0,1722;-0,0008;0,2533;False
90,95;0,1722;-0,0008;0,2533;False
90,96;0,1722;-0,0008;0,2533;False
90,96;0,1722;-0,0008;0,2533;False
90,97;0,1721;-0,0008;0,2533;False
90,97;0,1721;-0,0008;0,2533;False
90,98;0,1721;-0,0008;0,2533;False
90,98;0,1728;-0,0010;0,2535;False
90,99;0,1728;-0,0010;0,2535;False
90,99;0,1728;-0,0010;0,2535;False
91,00;0,1728;-0,0010;0,2535;False
91,00;0,1735;-0,0016;0,2540;False
91,01;0,1735;-0,0016;0,2540;False
91,01;0,1735;-0,0016;0,2540;False
91,02;0,1735;-0,0016;0,2540;False
91,02;0,1741;-0,0022;0,2546;False
91,03;0,1741;-0,0022;0,2546;False
91,04;0,1741;-0,0022;0,2546;False
91,04;0,1741;-0,0022;0,2546;False
91,04;0,1747;-0,0030;0,2553;False
91,05;0,1747;-0,0030;0,2553;False
91,05;0,1747;-0,0030;0,2553;False
91,06;0,1747;-0,0030;0,2553;False
91,06;0,1752;-0,0038;0,2559;False
91,07;0,1752;-0,0038;0,2559;False
91,07;0,1752;-0,0038;0,2559;False
91,08;0,1752;-0,0038;0,2559;False
91,08;0,1752;-0,0038;0,2559;False
91,08;0,1756;-0,0044;0,2564;False
91,09;0,1756;-0,0044;0,2564;False
91,10;0,1756;-0,0044;0,2564;False
91,10;0,1761;-0,0051;0,2569;False
91,11;0,1761;-0,0051;0,2569;False
91,11;0,1761;-0,0051;0,2569;False
91,12;0,1761;-0,0051;0,2569;False
91,12;0,1763;-0,0049;0,2574;False
91,13;0,1763;-0,0049;0,2574;False
91,14;0,1763;-0,0049;0,2574;False
91,14;0,1766;-0,0049;0,2579;False
91,15;0,1766;-0,0049;0,2579;False
91,15;0,1766;-0,0049;0,2579;False
91,15;0,1766;-0,0049;0,2579;False
91,16;0,1768;-0,0049;0,2583;False
91,17;0,1768;-0,0049;0,2583;False
91,17;0,1768;-0,0049;0,2583;False
91,17;0,1768;-0,0049;0,2583;False
91,18;0,1768;-0,0049;0,2583;False
91,18;0,1769;-0,0048;0,2586;False
91,19;0,1769;-0,0048;0,2586;False
91,19;0,1769;-0,0048;0,2586;False
91,20;0,1769;-0,0048;0,2586;False
91,20;0,1769;-0,0047;0,2587;False
91,21;0,1769;-0,0047;0,2587;False
91,21;0,1769;-0,0047;0,2587;False
91,21;0,1769;-0,0047;0,2587;False
91,22;0,1769;-0,0047;0,2587;False
91,22;0,1769;-0,0047;0,2587;False
91,22;0,1770;-0,0045;0,2589;False
91,23;0,1770;-0,0045;0,2589;False
91,23;0,1770;-0,0045;0,2589;False
91,24;0,1770;-0,0045;0,2589;False
91,24;0,1770;-0,0044;0,2590;False
91,25;0,1770;-0,0044;0,2590;False
91,25;0,1770;-0,0044;0,2590;False
91,25;0,1770;-0,0044;0,2590;False
91,26;0,1770;-0,0044;0,2590;False
91,26;0,1767;-0,0041;0,2591;False
91,27;0,1767;-0,0041;0,2591;False
91,27;0,1767;-0,0041;0,2591;False
91,28;0,1768;-0,0040;0,2592;False
91,28;0,1768;-0,0037;0,2592;False
91,29;0,1768;-0,0037;0,2592;False
91,29;0,1768;-0,0037;0,2592;False
91,30;0,1768;-0,0037;0,2592;False
91,30;0,1766;-0,0033;0,2593;False
91,31;0,1766;-0,0033;0,2593;False
91,31;0,1766;-0,0033;0,2593;False
91,32;0,1766;-0,0033;0,2593;False
91,32;0,1766;-0,0033;0,2593;False
91,32;0,1756;-0,0030;0,2595;False
91,33;0,1756;-0,0030;0,2595;False
91,34;0,1756;-0,0030;0,2595;False
91,34;0,1756;-0,0030;0,2595;False
91,34;0,1741;-0,0026;0,2598;False
91,35;0,1741;-0,0026;0,2598;False
91,35;0,1741;-0,0026;0,2598;False
91,35;0,1741;-0,0026;0,2598;False
91,36;0,1741;-0,0026;0,2598;False
91,36;0,1718;-0,0023;0,2602;False
91,37;0,1718;-0,0023;0,2602;False
91,37;0,1718;-0,0023;0,2602;False
91,38;0,1718;-0,0023;0,2602;False
91,38;0,1684;-0,0020;0,2609;False
91,39;0,1684;-0,0020;0,2609;False
91,39;0,1684;-0,0020;0,2609;False
91,40;0,1684;-0,0020;0,2609;False
91,40;0,1643;-0,0018;0,2618;False
91,41;0,1643;-0,0018;0,2618;False
91,41;0,1643;-0,0018;0,2618;False
91,42;0,1643;-0,0018;0,2618;False
91,42;0,1643;-0,0018;0,2618;False
91,42;0,1588;-0,0016;0,2629;False
91,43;0,1588;-0,0016;0,2629;False
91,43;0,1588;-0,0016;0,2629;False
91,44;0,1588;-0,0016;0,2629;False
91,44;0,1523;-0,0014;0,2643;False
91,45;0,1523;-0,0014;0,2643;False
91,45;0,1523;-0,0014;0,2643;False
91,45;0,1523;-0,0014;0,2643;False
91,46;0,1523;-0,0014;0,2643;False
91,46;0,1442;-0,0012;0,2659;False
91,47;0,1442;-0,0012;0,2659;False
91,47;0,1442;-0,0012;0,2659;False
91,48;0,1442;-0,0012;0,2659;False
91,48;0,1341;-0,0011;0,2680;False
91,49;0,1341;-0,0011;0,2680;False
91,49;0,1341;-0,0011;0,2680;False
91,50;0,1341;-0,0011;0,2680;False
91,50;0,1222;-0,0010;0,2705;False
91,51;0,1222;-0,0010;0,2705;False
91,51;0,1222;-0,0010;0,2705;False
91,52;0,1222;-0,0010;0,2705;False
91,52;0,1085;-0,0009;0,2734;False
91,53;0,1085;-0,0009;0,2734;False
91,53;0,1085;-0,0009;0,2734;False
91,54;0,1085;-0,0009;0,2734;False
91,54;0,0928;-0,0009;0,2767;False
91,55;0,0928;-0,0009;0,2767;False
91,55;0,0928;-0,0009;0,2767;False
91,55;0,0928;-0,0009;0,2767;False
91,56;0,0749;-0,0008;0,2804;False
91,57;0,0749;-0,0008;0,2804;False
91,57;0,0749;-0,0008;0,2804;False
91,58;0,0749;-0,0008;0,2804;False
91,58;0,0577;-0,0008;0,2841;False
91,59;0,0577;-0,0008;0,2841;False
91,60;0,0577;-0,0008;0,2841;False
91,60;0,0412;-0,0008;0,2876;False
91,61;0,0412;-0,0008;0,2876;False
91,61;0,0412;-0,0008;0,2876;False
91,62;0,0412;-0,0008;0,2876;False
91,62;0,0254;-0,0008;0,2910;False
91,63;0,0254;-0,0008;0,2910;False
91,63;0,0254;-0,0008;0,2910;False
91,64;0,0102;-0,0008;0,2942;False
91,65;0,0102;-0,0008;0,2942;False
91,65;0,0102;-0,0008;0,2942;False
91,66;0,0102;-0,0008;0,2942;False
91,66;0,0102;-0,0008;0,2942;False
91,66;-0,0043;-0,0008;0,2973;False
91,67;-0,0043;-0,0008;0,2973;False
91,67;-0,0043;-0,0008;0,2973;False
91,68;-0,0043;-0,0008;0,2973;False
91,68;-0,0179;-0,0008;0,3003;False
91,69;-0,0179;-0,0008;0,3003;False
91,69;-0,0179;-0,0008;0,3003;False
91,69;-0,0179;-0,0008;0,3003;False
91,70;-0,0310;-0,0008;0,3031;False
91,71;-0,0310;-0,0008;0,3031;False
91,71;-0,0310;-0,0008;0,3031;False
91,71;-0,0310;-0,0008;0,3031;False
91,72;-0,0310;-0,0008;0,3031;False
91,72;-0,0435;-0,0008;0,3058;False
91,73;-0,0435;-0,0008;0,3058;False
91,74;-0,0435;-0,0008;0,3058;False
91,74;-0,0435;-0,0008;0,3058;False
91,74;-0,0554;-0,0008;0,3084;False
91,75;-0,0554;-0,0008;0,3084;False
91,75;-0,0554;-0,0008;0,3084;False
91,76;-0,0554;-0,0008;0,3084;False
91,76;-0,0669;-0,0008;0,3110;False
91,77;-0,0669;-0,0008;0,3110;False
91,77;-0,0669;-0,0008;0,3110;False
91,78;-0,0669;-0,0008;0,3110;False
91,78;-0,0777;-0,0008;0,3133;False
91,78;-0,0777;-0,0008;0,3133;False
91,79;-0,0777;-0,0008;0,3133;False
91,79;-0,0777;-0,0008;0,3133;False
91,80;-0,0880;-0,0008;0,3156;False
91,81;-0,0880;-0,0008;0,3156;False
91,81;-0,0880;-0,0008;0,3156;False
91,81;-0,0880;-0,0008;0,3156;False
91,82;-0,0880;-0,0008;0,3156;False
91,82;-0,0880;-0,0008;0,3156;False
91,82;-0,0979;-0,0008;0,3178;False
91,83;-0,0979;-0,0008;0,3178;False
91,84;-0,0979;-0,0008;0,3178;False
91,84;-0,0979;-0,0008;0,3178;False
91,84;-0,1074;-0,0008;0,3199;False
91,85;-0,1074;-0,0008;0,3199;False
91,85;-0,1074;-0,0008;0,3199;False
91,86;-0,1074;-0,0008;0,3199;False
91,86;-0,1165;-0,0008;0,3219;False
91,87;-0,1165;-0,0008;0,3219;False
91,87;-0,1165;-0,0008;0,3219;False
91,87;-0,1165;-0,0008;0,3219;False
91,88;-0,1165;-0,0008;0,3219;False
91,88;-0,1165;-0,0008;0,3219;False
91,88;-0,1250;-0,0008;0,3238;False
91,89;-0,1250;-0,0008;0,3238;False
91,90;-0,1250;-0,0008;0,3238;False
91,90;-0,1331;-0,0008;0,3257;False
91,91;-0,1331;-0,0008;0,3257;False
91,91;-0,1331;-0,0008;0,3257;False
91,91;-0,1331;-0,0008;0,3257;False
91,92;-0,1331;-0,0008;0,3257;False
91,92;-0,1410;-0,0008;0,3274;False
91,93;-0,1410;-0,0008;0,3274;False
91,93;-0,1410;-0,0008;0,3274;False
91,94;-0,1410;-0,0008;0,3274;False
91,94;-0,1485;-0,0008;0,3291;False
91,95;-0,1485;-0,0008;0,3291;False
91,95;-0,1485;-0,0008;0,3291;False
91,95;-0,1485;-0,0008;0,3291;False
91,96;-0,1557;-0,0008;0,3307;False
91,97;-0,1557;-0,0008;0,3307;False
91,97;-0,1557;-0,0008;0,3307;False
91,97;-0,1557;-0,0008;0,3307;False
91,98;-0,1557;-0,0008;0,3307;False
91,98;-0,1624;-0,0008;0,3322;False
91,99;-0,1624;-0,0008;0,3322;False
91,99;-0,1624;-0,0008;0,3322;False
92,00;-0,1624;-0,0008;0,3322;False
92,00;-0,1624;-0,0008;0,3322;False
92,00;-0,1689;-0,0008;0,3337;False
92,01;-0,1689;-0,0008;0,3337;False
92,01;-0,1689;-0,0008;0,3337;False
92,02;-0,1689;-0,0008;0,3337;False
92,02;-0,1751;-0,0008;0,3351;False
92,02;-0,1751;-0,0008;0,3351;False
92,03;-0,1751;-0,0008;0,3351;False
92,03;-0,1751;-0,0008;0,3351;False
92,04;-0,1811;-0,0008;0,3365;False
92,05;-0,1811;-0,0008;0,3365;False
92,05;-0,1811;-0,0008;0,3365;False
92,05;-0,1811;-0,0008;0,3365;False
92,06;-0,1811;-0,0008;0,3365;False
92,06;-0,1868;-0,0008;0,3378;False
92,07;-0,1868;-0,0008;0,3378;False
92,07;-0,1868;-0,0008;0,3378;False
92,08;-0,1868;-0,0008;0,3378;False
92,08;-0,1921;-0,0008;0,3390;False
92,09;-0,1921;-0,0008;0,3390;False
92,09;-0,1921;-0,0008;0,3390;False
92,09;-0,1921;-0,0008;0,3390;False
92,10;-0,1921;-0,0008;0,3390;False
92,11;-0,1972;-0,0008;0,3402;False
92,11;-0,1972;-0,0008;0,3402;False
92,12;-0,1972;-0,0008;0,3402;False
92,12;-0,1972;-0,0008;0,3402;False
92,12;-0,2022;-0,0008;0,3413;False
92,13;-0,2022;-0,0008;0,3413;False
92,14;-0,2022;-0,0008;0,3413;False
92,14;-0,2069;-0,0008;0,3424;False
92,15;-0,2069;-0,0008;0,3424;False
92,15;-0,2069;-0,0008;0,3424;False
92,15;-0,2069;-0,0008;0,3424;False
92,16;-0,2069;-0,0008;0,3424;False
92,16;-0,2114;-0,0008;0,3434;False
92,17;-0,2114;-0,0008;0,3434;False
92,17;-0,2114;-0,0008;0,3434;False
92,18;-0,2114;-0,0008;0,3434;False
92,18;-0,2116;-0,0008;0,3434;False
92,19;-0,2116;-0,0008;0,3434;False
92,19;-0,2116;-0,0008;0,3434;False
92,19;-0,2116;-0,0008;0,3434;False
92,20;-0,2117;-0,0008;0,3435;False
92,20;-0,2117;-0,0008;0,3435;False
92,21;-0,2117;-0,0008;0,3435;False
92,21;-0,2117;-0,0008;0,3435;False
92,22;-0,2117;-0,0008;0,3435;False
92,22;-0,2118;-0,0008;0,3435;False
92,23;-0,2118;-0,0008;0,3435;False
92,23;-0,2118;-0,0008;0,3435;False
92,24;-0,2118;-0,0008;0,3435;False
92,24;-0,2119;-0,0008;0,3435;False
92,25;-0,2119;-0,0008;0,3435;False
92,25;-0,2119;-0,0008;0,3435;False
92,25;-0,2119;-0,0008;0,3435;False
92,26;-0,2119;-0,0008;0,3435;False
92,26;-0,2120;-0,0008;0,3435;False
92,27;-0,2120;-0,0008;0,3435;False
92,27;-0,2120;-0,0008;0,3435;False
92,27;-0,2120;-0,0008;0,3435;False
92,28;-0,2120;-0,0008;0,3435;False
92,28;-0,2121;-0,0008;0,3436;False
92,29;-0,2121;-0,0008;0,3436;False
92,29;-0,2121;-0,0008;0,3436;False
92,30;-0,2123;-0,0013;0,3437;False
92,31;-0,2124;-0,0012;0,3437;False
92,31;-0,2124;-0,0012;0,3437;False
92,31;-0,2124;-0,0012;0,3437;False
92,32;-0,2124;-0,0012;0,3437;False
92,32;-0,2125;-0,0010;0,3437;False
92,33;-0,2125;-0,0010;0,3437;False
92,33;-0,2125;-0,0010;0,3437;False
92,34;-0,2125;-0,0010;0,3437;False
92,34;-0,2125;-0,0010;0,3437;False
92,34;-0,2126;-0,0010;0,3438;False
92,35;-0,2126;-0,0010;0,3438;False
92,35;-0,2126;-0,0010;0,3438;False
92,36;-0,2126;-0,0010;0,3438;False
92,36;-0,2127;-0,0009;0,3438;False
92,37;-0,2127;-0,0009;0,3438;False
92,37;-0,2127;-0,0009;0,3438;False
92,37;-0,2127;-0,0009;0,3438;False
92,38;-0,2127;-0,0009;0,3438;False
92,38;-0,2128;-0,0008;0,3438;False
92,39;-0,2128;-0,0008;0,3438;False
92,39;-0,2128;-0,0008;0,3438;False
92,40;-0,2128;-0,0008;0,3438;False
92,40;-0,2129;-0,0008;0,3438;False
92,40;-0,2129;-0,0008;0,3438;False
92,41;-0,2129;-0,0008;0,3438;False
92,41;-0,2129;-0,0008;0,3438;False
92,42;-0,2129;-0,0008;0,3438;False
92,42;-0,2129;-0,0008;0,3438;False
92,42;-0,2129;-0,0008;0,3438;False
92,43;-0,2129;-0,0008;0,3438;False
92,43;-0,2129;-0,0008;0,3438;False
92,44;-0,2129;-0,0008;0,3438;False
92,44;-0,2130;-0,0008;0,3439;False
92,45;-0,2128;-0,0004;0,3435;False
92,45;-0,2128;-0,0004;0,3435;False
92,45;-0,2128;-0,0004;0,3435;False
92,46;-0,2128;-0,0004;0,3435;False
92,46;-0,2128;-0,0005;0,3436;False
92,47;-0,2128;-0,0005;0,3436;False
92,47;-0,2128;-0,0005;0,3436;False
92,48;-0,2128;-0,0005;0,3436;False
92,48;-0,2129;-0,0006;0,3436;False
92,49;-0,2129;-0,0006;0,3436;False
92,49;-0,2129;-0,0006;0,3436;False
92,49;-0,2129;-0,0006;0,3436;False
92,50;-0,2129;-0,0006;0,3436;False
92,51;-0,2129;-0,0011;0,3436;False
92,51;-0,2129;-0,0011;0,3436;False
92,52;-0,2129;-0,0011;0,3436;False
92,52;-0,2129;-0,0010;0,3436;False
92,52;-0,2129;-0,0010;0,3436;False
92,53;-0,2129;-0,0010;0,3436;False
92,54;-0,2129;-0,0010;0,3436;False
92,54;-0,2129;-0,0006;0,3433;False
92,55;-0,2129;-0,0006;0,3433;False
92,55;-0,2129;-0,0006;0,3433;False
92,55;-0,2129;-0,0006;0,3433;False
92,56;-0,2129;-0,0006;0,3433;False
92,56;-0,2130;-0,0006;0,3433;False
92,57;-0,2130;-0,0006;0,3433;False
92,57;-0,2131;-0,0009;0,3436;False
92,58;-0,2131;-0,0009;0,3436;False
92,58;-0,2132;-0,0009;0,3437;False
92,59;-0,2132;-0,0009;0,3437;False
92,59;-0,2132;-0,0009;0,3437;False
92,59;-0,2132;-0,0009;0,3437;False
92,60;-0,2133;-0,0009;0,3437;False
92,60;-0,2134;-0,0016;0,3443;False
92,61;-0,2134;-0,0016;0,3443;False
92,61;-0,2134;-0,0016;0,3443;False
92,62;-0,2134;-0,0016;0,3443;False
92,62;-0,2134;-0,0016;0,3443;False
92,62;-0,2135;-0,0013;0,3443;False
92,63;-0,2135;-0,0013;0,3443;False
92,63;-0,2139;-0,0024;0,3451;False
92,64;-0,2139;-0,0024;0,3451;False
92,64;-0,2139;-0,0019;0,3451;False
92,65;-0,2139;-0,0019;0,3451;False
92,65;-0,2139;-0,0019;0,3451;False
92,65;-0,2139;-0,0019;0,3451;False
92,66;-0,2139;-0,0019;0,3451;False
92,66;-0,2139;-0,0015;0,3451;False
92,67;-0,2137;-0,0017;0,3454;False
92,67;-0,2137;-0,0017;0,3454;False
92,68;-0,2137;-0,0017;0,3454;False
92,68;-0,2137;-0,0017;0,3454;False
92,68;-0,2138;-0,0013;0,3454;False
92,69;-0,2138;-0,0013;0,3454;False
92,70;-0,2141;-0,0016;0,3456;False
92,70;-0,2141;-0,0012;0,3456;False
92,71;-0,2141;-0,0012;0,3456;False
92,71;-0,2141;-0,0012;0,3456;False
92,72;-0,2141;-0,0012;0,3456;False
92,72;-0,2142;-0,0009;0,3456;False
92,73;-0,2142;-0,0009;0,3456;False
92,73;-0,2141;-0,0005;0,3452;False
92,73;-0,2141;-0,0005;0,3452;False
92,74;-0,2141;-0,0005;0,3452;False
92,74;-0,2141;-0,0004;0,3452;False
92,75;-0,2141;-0,0004;0,3452;False
92,75;-0,2141;-0,0004;0,3452;False
92,75;-0,2141;-0,0004;0,3452;False
92,76;-0,2141;-0,0004;0,3452;False
92,76;-0,2143;-0,0018;0,3463;False
92,77;-0,2143;-0,0018;0,3463;False
92,77;-0,2143;-0,0018;0,3463;False
92,78;-0,2143;-0,0018;0,3463;False
92,78;-0,2143;-0,0018;0,3463;False
92,78;-0,2143;-0,0014;0,3463;False
92,79;-0,2143;-0,0014;0,3463;False
92,80;-0,2143;-0,0014;0,3463;False
92,80;-0,2146;-0,0016;0,3463;False
92,80;-0,2146;-0,0012;0,3463;False
92,81;-0,2146;-0,0012;0,3463;False
92,81;-0,2146;-0,0012;0,3463;False
92,82;-0,2146;-0,0012;0,3463;False
92,82;-0,2146;-0,0012;0,3463;False
92,82;-0,2146;-0,0009;0,3463;False
92,83;-0,2146;-0,0009;0,3463;False
92,83;-0,2146;-0,0009;0,3463;False
92,84;-0,2146;-0,0009;0,3463;False
92,84;-0,2147;-0,0007;0,3463;False
92,85;-0,2147;-0,0007;0,3463;False
92,85;-0,2147;-0,0007;0,3463;False
92,85;-0,2147;-0,0007;0,3463;False
92,86;-0,2147;-0,0007;0,3463;False
92,86;-0,2147;-0,0005;0,3463;False
92,87;-0,2147;-0,0005;0,3463;False
92,87;-0,2147;-0,0005;0,3463;False
92,88;-0,2144;-0,0005;0,3464;False
92,88;-0,2145;-0,0004;0,3465;False
92,89;-0,2145;-0,0004;0,3465;False
92,89;-0,2145;-0,0004;0,3465;False
92,89;-0,2145;-0,0004;0,3465;False
92,90;-0,2145;-0,0004;0,3465;False
92,91;-0,2145;-0,0004;0,3465;False
92,91;-0,2145;0,0006;0,3453;False
92,92;-0,2145;0,0006;0,3453;False
92,92;-0,2145;0,0006;0,3453;False
92,92;-0,2146;0,0003;0,3453;False
92,93;-0,2146;0,0003;0,3453;False
92,93;-0,2146;0,0003;0,3453;False
92,94;-0,2147;-0,0003;0,3458;False
92,94;-0,2148;-0,0004;0,3458;False
92,95;-0,2148;-0,0004;0,3458;False
92,95;-0,2148;-0,0004;0,3458;False
92,96;-0,2148;-0,0004;0,3458;False
92,96;-0,2148;-0,0004;0,3458;False
92,97;-0,2148;-0,0004;0,3458;False
92,97;-0,2148;-0,0004;0,3458;False
92,98;-0,2148;-0,0004;0,3458;False
92,98;-0,2148;-0,0005;0,3458;False
92,99;-0,2148;-0,0005;0,3458;False
92,99;-0,2148;-0,0005;0,3458;False
92,99;-0,2148;-0,0005;0,3458;False
93,00;-0,2149;-0,0006;0,3458;False
93,00;-0,2147;-0,0011;0,3460;False
93,01;-0,2147;-0,0011;0,3460;False
93,01;-0,2147;-0,0011;0,3460;False
93,02;-0,2147;-0,0011;0,3460;False
93,02;-0,2147;-0,0011;0,3460;False
93,02;-0,2147;-0,0010;0,3460;False
93,03;-0,2147;-0,0010;0,3460;False
93,04;-0,2148;-0,0011;0,3461;False
93,04;-0,2148;-0,0011;0,3461;False
93,04;-0,2148;-0,0010;0,3462;False
93,05;-0,2148;-0,0010;0,3462;False
93,05;-0,2148;-0,0010;0,3462;False
93,06;-0,2148;-0,0010;0,3462;False
93,06;-0,2148;-0,0009;0,3462;False
93,07;-0,2146;-0,0017;0,3470;False
93,07;-0,2146;-0,0017;0,3470;False
93,08;-0,2146;-0,0017;0,3470;False
93,08;-0,2147;-0,0014;0,3470;False
93,09;-0,2147;-0,0014;0,3470;False
93,09;-0,2147;-0,0014;0,3470;False
93,10;-0,2147;-0,0014;0,3470;False
93,10;-0,2149;-0,0018;0,3475;False
93,11;-0,2149;-0,0018;0,3475;False
93,11;-0,2149;-0,0018;0,3475;False
93,12;-0,2149;-0,0018;0,3475;False
93,12;-0,2149;-0,0018;0,3475;False
93,12;-0,2149;-0,0014;0,3475;False
93,13;-0,2149;-0,0014;0,3475;False
93,14;-0,2146;-0,0007;0,3473;False
93,14;-0,2146;-0,0007;0,3473;False
93,14;-0,2146;-0,0006;0,3473;False
93,15;-0,2146;-0,0006;0,3473;False
93,15;-0,2146;-0,0006;0,3473;False
93,16;-0,2146;-0,0006;0,3473;False
93,16;-0,2145;-0,0002;0,3473;False
93,17;-0,2145;-0,0002;0,3473;False
93,17;-0,2145;-0,0002;0,3473;False
93,18;-0,2145;-0,0002;0,3473;False
93,18;-0,2145;-0,0002;0,3473;False
93,18;-0,2145;-0,0003;0,3473;False
93,19;-0,2145;-0,0003;0,3473;False
93,19;-0,2145;-0,0003;0,3473;False
93,20;-0,2138;0,0030;0,3449;False
93,20;-0,2138;0,0019;0,3449;False
93,21;-0,2138;0,0019;0,3449;False
93,21;-0,2138;0,0019;0,3449;False
93,22;-0,2138;0,0019;0,3449;False
93,22;-0,2138;0,0019;0,3449;False
93,22;-0,2138;0,0010;0,3449;False
93,23;-0,2138;0,0010;0,3449;False
93,23;-0,2138;0,0010;0,3449;False
93,24;-0,2138;0,0010;0,3449;False
93,24;-0,2138;0,0003;0,3449;False
93,25;-0,2142;-0,0007;0,3450;False
93,25;-0,2142;-0,0007;0,3450;False
93,25;-0,2142;-0,0007;0,3450;False
93,26;-0,2142;-0,0007;0,3450;False
93,26;-0,2142;-0,0009;0,3450;False
93,27;-0,2142;-0,0009;0,3450;False
93,27;-0,2142;-0,0009;0,3450;False
93,28;-0,2142;-0,0010;0,3450;False
93,28;-0,2142;-0,0012;0,3450;False
93,29;-0,2142;-0,0012;0,3450;False
93,29;-0,2142;-0,0012;0,3450;False
93,29;-0,2142;-0,0012;0,3450;False
93,30;-0,2142;-0,0012;0,3450;False
93,31;-0,2142;-0,0013;0,3450;False
93,31;-0,2142;-0,0013;0,3450;False
93,32;-0,2142;-0,0013;0,3450;False
93,32;-0,2142;-0,0013;0,3450;False
93,32;-0,2142;-0,0013;0,3450;False
93,33;-0,2142;-0,0013;0,3450;False
93,33;-0,2142;-0,0013;0,3450;False
93,34;-0,2142;-0,0009;0,3439;False
93,34;-0,2142;-0,0011;0,3439;False
93,35;-0,2142;-0,0011;0,3439;False
93,35;-0,2142;-0,0011;0,3439;False
93,35;-0,2142;-0,0011;0,3439;False
93,36;-0,2142;-0,0011;0,3439;False
93,36;-0,2142;-0,0011;0,3439;False
93,37;-0,2142;-0,0011;0,3439;False
93,37;-0,2149;-0,0014;0,3435;False
93,38;-0,2149;-0,0014;0,3435;False
93,38;-0,2149;-0,0014;0,3435;False
93,39;-0,2149;-0,0014;0,3435;False
93,39;-0,2149;-0,0014;0,3435;False
93,39;-0,2149;-0,0014;0,3435;False
93,40;-0,2152;-0,0013;0,3429;False
93,41;-0,2152;-0,0013;0,3429;False
93,41;-0,2152;-0,0013;0,3429;False
93,42;-0,2152;-0,0013;0,3429;False
93,43;-0,2152;-0,0013;0,3429;False
93,44;-0,2153;-0,0014;0,3430;False
93,44;-0,2153;-0,0013;0,3430;False
93,45;-0,2153;-0,0013;0,3430;False
93,46;-0,2153;-0,0013;0,3430;False
93,46;-0,2153;-0,0012;0,3430;False
93,48;-0,2156;-0,0009;0,3425;False
93,48;-0,2156;-0,0010;0,3425;False
93,49;-0,2156;-0,0010;0,3425;False
93,49;-0,2156;-0,0010;0,3425;False
93,50;-0,2158;0,0001;0,3412;False
93,51;-0,2158;0,0001;0,3412;False
93,51;-0,2158;0,0001;0,3412;False
93,52;-0,2158;-0,0002;0,3412;False
93,53;-0,2158;-0,0002;0,3412;False
93,53;-0,2158;-0,0002;0,3412;False
93,54;-0,2162;-0,0016;0,3426;False
93,54;-0,2162;-0,0014;0,3426;False
93,54;-0,2162;-0,0014;0,3426;False
93,55;-0,2162;-0,0014;0,3426;False
93,55;-0,2162;-0,0014;0,3426;False
93,56;-0,2162;-0,0014;0,3426;False
93,56;-0,2166;-0,0022;0,3433;False
93,57;-0,2166;-0,0022;0,3433;False
93,57;-0,2166;-0,0022;0,3433;False
93,57;-0,2166;-0,0022;0,3433;False
93,58;-0,2166;-0,0022;0,3433;False
93,58;-0,2166;-0,0018;0,3433;False
93,59;-0,2166;-0,0018;0,3433;False
93,59;-0,2166;-0,0018;0,3433;False
93,60;-0,2169;-0,0017;0,3428;False
93,60;-0,2169;-0,0014;0,3428;False
93,61;-0,2169;-0,0014;0,3428;False
93,61;-0,2169;-0,0014;0,3428;False
93,62;-0,2169;-0,0014;0,3428;False
93,62;-0,2169;-0,0012;0,3428;False
93,63;-0,2169;-0,0012;0,3428;False
93,63;-0,2169;-0,0012;0,3428;False
93,64;-0,2169;-0,0012;0,3428;False
93,64;-0,2169;-0,0010;0,3428;False
93,65;-0,2169;-0,0010;0,3428;False
93,65;-0,2169;-0,0010;0,3428;False
93,66;-0,2169;-0,0010;0,3428;False
93,66;-0,2169;-0,0010;0,3428;False
93,66;-0,2169;-0,0009;0,3428;False
93,68;-0,2167;-0,0003;0,3422;False
93,68;-0,2167;-0,0003;0,3422;False
93,69;-0,2167;-0,0004;0,3422;False
93,69;-0,2167;-0,0004;0,3422;False
93,69;-0,2167;-0,0004;0,3422;False
93,70;-0,2167;-0,0005;0,3422;False
93,71;-0,2166;-0,0006;0,3422;False
93,71;-0,2166;-0,0006;0,3422;False
93,72;-0,2166;-0,0006;0,3422;False
93,72;-0,2166;-0,0006;0,3422;False
93,73;-0,2166;-0,0006;0,3422;False
93,73;-0,2166;-0,0006;0,3422;False
93,74;-0,2166;-0,0006;0,3422;False
93,74;-0,2168;-0,0019;0,3433;False
93,75;-0,2168;-0,0019;0,3433;False
93,75;-0,2168;-0,0019;0,3433;False
93,76;-0,2168;-0,0019;0,3433;False
93,76;-0,2168;-0,0015;0,3433;False
93,77;-0,2162;-0,0020;0,3436;False
93,77;-0,2162;-0,0020;0,3436;False
93,78;-0,2162;-0,0020;0,3436;False
93,78;-0,2162;-0,0016;0,3436;False
93,79;-0,2162;-0,0016;0,3436;False
93,80;-0,2162;-0,0013;0,3436;False
93,81;-0,2158;-0,0011;0,3438;False
93,82;-0,2158;-0,0011;0,3438;False
93,82;-0,2158;-0,0009;0,3438;False
93,83;-0,2158;-0,0009;0,3438;False
93,84;-0,2158;-0,0009;0,3438;False
93,84;-0,2155;-0,0012;0,3440;False
93,84;-0,2155;-0,0010;0,3440;False
93,85;-0,2155;-0,0010;0,3440;False
93,85;-0,2155;-0,0010;0,3440;False
93,86;-0,2155;-0,0010;0,3440;False
93,87;-0,2152;-0,0001;0,3428;False
93,87;-0,2152;-0,0001;0,3428;False
93,88;-0,2152;-0,0001;0,3428;False
93,88;-0,2152;-0,0002;0,3428;False
93,89;-0,2152;-0,0002;0,3428;False
93,90;-0,2153;0,0000;0,3421;False
93,90;-0,2153;-0,0001;0,3421;False
93,91;-0,2153;-0,0001;0,3421;False
93,91;-0,2153;-0,0001;0,3421;False
93,91;-0,2153;-0,0001;0,3421;False
93,92;-0,2153;-0,0001;0,3421;False
93,92;-0,2153;-0,0003;0,3421;False
93,93;-0,2153;-0,0003;0,3421;False
93,93;-0,2153;-0,0003;0,3421;False
93,94;-0,2153;-0,0003;0,3421;False
93,94;-0,2153;-0,0004;0,3421;False
93,95;-0,2153;-0,0004;0,3421;False
93,95;-0,2153;-0,0004;0,3421;False
93,96;-0,2153;-0,0004;0,3421;False
93,96;-0,2152;-0,0009;0,3425;False
93,97;-0,2152;-0,0009;0,3425;False
93,97;-0,2152;-0,0009;0,3425;False
93,97;-0,2152;-0,0009;0,3425;False
93,98;-0,2152;-0,0009;0,3425;False
93,98;-0,2152;-0,0008;0,3425;False
93,99;-0,2152;-0,0008;0,3425;False
94,00;-0,2157;-0,0019;0,3427;False
94,00;-0,2157;-0,0019;0,3427;False
94,00;-0,2157;-0,0016;0,3427;False
94,01;-0,2157;-0,0016;0,3427;False
94,01;-0,2157;-0,0016;0,3427;False
94,02;-0,2157;-0,0016;0,3427;False
94,02;-0,2157;-0,0013;0,3427;False
94,03;-0,2157;-0,0013;0,3427;False
94,03;-0,2157;-0,0013;0,3427;False
94,04;-0,2157;-0,0011;0,3427;False
94,05;-0,2159;-0,0010;0,3419;False
94,05;-0,2159;-0,0010;0,3419;False
94,06;-0,2159;-0,0010;0,3419;False
94,06;-0,2159;-0,0010;0,3419;False
94,06;-0,2159;-0,0009;0,3419;False
94,07;-0,2159;-0,0009;0,3419;False
94,08;-0,2159;-0,0009;0,3419;False
94,08;-0,2158;-0,0007;0,3418;False
94,09;-0,2158;-0,0007;0,3418;False
94,09;-0,2158;-0,0007;0,3418;False
94,09;-0,2158;-0,0007;0,3418;False
94,10;-0,2158;-0,0006;0,3418;False
94,11;-0,2159;-0,0006;0,3417;False
94,11;-0,2159;-0,0006;0,3417;False
94,12;-0,2159;-0,0006;0,3417;False
94,13;-0,2159;-0,0006;0,3417;False
94,13;-0,2159;-0,0006;0,3417;False
94,15;-0,2162;-0,0014;0,3420;False
94,16;-0,2162;-0,0014;0,3420;False
94,16;-0,2162;-0,0012;0,3420;False
94,17;-0,2162;-0,0012;0,3420;False
94,18;-0,2166;-0,0014;0,3417;False
94,18;-0,2166;-0,0012;0,3417;False
94,19;-0,2166;-0,0012;0,3417;False
94,20;-0,2166;-0,0012;0,3417;False
94,21;-0,2168;-0,0012;0,3415;False
94,21;-0,2168;-0,0012;0,3415;False
94,22;-0,2168;-0,0010;0,3415;False
94,23;-0,2168;-0,0010;0,3415;False
94,23;-0,2167;-0,0008;0,3411;False
94,24;-0,2167;-0,0007;0,3411;False
94,25;-0,2167;-0,0007;0,3411;False
94,25;-0,2167;-0,0007;0,3411;False
94,26;-0,2167;-0,0007;0,3411;False
94,27;-0,2167;-0,0002;0,3407;False
94,27;-0,2167;-0,0002;0,3407;False
94,28;-0,2167;-0,0002;0,3407;False
94,28;-0,2167;-0,0003;0,3407;False
94,29;-0,2167;-0,0003;0,3407;False
94,30;-0,2167;0,0001;0,3401;False
94,30;-0,2167;-0,0001;0,3401;False
94,30;-0,2167;-0,0001;0,3401;False
94,31;-0,2167;-0,0001;0,3401;False
94,31;-0,2167;-0,0001;0,3401;False
94,31;-0,2167;-0,0001;0,3401;False
94,32;-0,2167;-0,0001;0,3401;False
94,32;-0,2167;-0,0003;0,3401;False
94,33;-0,2166;0,0003;0,3395;False
94,34;-0,2166;0,0003;0,3395;False
94,34;-0,2166;0,0003;0,3395;False
94,34;-0,2166;0,0000;0,3395;False
94,35;-0,2166;0,0000;0,3395;False
94,35;-0,2166;0,0000;0,3395;False
94,36;-0,2165;-0,0005;0,3397;False
94,37;-0,2165;-0,0005;0,3397;False
94,37;-0,2165;-0,0005;0,3397;False
94,38;-0,2165;-0,0005;0,3397;False
94,38;-0,2165;-0,0006;0,3397;False
94,39;-0,2165;-0,0006;0,3397;False
94,40;-0,2165;-0,0008;0,3395;False
94,40;-0,2165;-0,0009;0,3395;False
94,41;-0,2165;-0,0009;0,3395;False
94,41;-0,2165;-0,0009;0,3395;False
94,42;-0,2165;-0,0009;0,3395;False
94,42;-0,2165;-0,0009;0,3395;False
94,43;-0,2165;-0,0009;0,3395;False
94,43;-0,2165;-0,0009;0,3395;False
94,44;-0,2165;-0,0009;0,3395;False
94,45;-0,2166;-0,0013;0,3399;False
94,45;-0,2166;-0,0013;0,3399;False
94,45;-0,2166;-0,0013;0,3399;False
94,46;-0,2166;-0,0013;0,3399;False
94,46;-0,2166;-0,0012;0,3399;False
94,47;-0,2166;-0,0012;0,3399;False
94,47;-0,2166;-0,0012;0,3399;False
94,48;-0,2167;-0,0019;0,3402;False
94,48;-0,2167;-0,0016;0,3402;False
94,49;-0,2167;-0,0016;0,3402;False
94,49;-0,2167;-0,0016;0,3402;False
94,50;-0,2167;-0,0016;0,3402;False
94,50;-0,2167;-0,0014;0,3402;False
94,51;-0,2167;-0,0014;0,3402;False
94,51;-0,2167;-0,0014;0,3402;False
94,52;-0,2167;-0,0014;0,3402;False
94,52;-0,2167;-0,0012;0,3402;False
94,53;-0,2167;-0,0012;0,3402;False
94,53;-0,2167;-0,0012;0,3402;False
94,54;-0,2165;-0,0004;0,3399;False
94,55;-0,2165;-0,0004;0,3399;False
94,55;-0,2165;-0,0004;0,3399;False
94,56;-0,2165;-0,0004;0,3399;False
94,56;-0,2165;-0,0005;0,3399;False
94,57;-0,2164;-0,0004;0,3399;False
94,58;-0,2164;-0,0005;0,3399;False
94,59;-0,2164;-0,0005;0,3399;False
94,59;-0,2164;-0,0005;0,3399;False
94,60;-0,2164;-0,0006;0,3399;False
94,61;-0,2164;-0,0006;0,3399;False
94,61;-0,2164;-0,0006;0,3399;False
94,61;-0,2164;-0,0006;0,3399;False
94,62;-0,2164;-0,0006;0,3399;False
94,62;-0,2164;-0,0006;0,3399;False
94,63;-0,2164;-0,0006;0,3399;False
94,63;-0,2164;-0,0006;0,3399;False
94,64;-0,2164;-0,0006;0,3399;False
94,64;-0,2164;-0,0007;0,3399;False
94,65;-0,2164;-0,0007;0,3399;False
94,65;-0,2164;-0,0007;0,3399;False
94,66;-0,2164;-0,0007;0,3399;False
94,67;-0,2164;-0,0010;0,3401;False
94,67;-0,2164;-0,0010;0,3401;False
94,68;-0,2164;-0,0010;0,3401;False
94,68;-0,2164;-0,0010;0,3401;False
94,68;-0,2164;-0,0010;0,3401;False
94,69;-0,2164;-0,0010;0,3401;False
94,70;-0,2164;-0,0010;0,3401;False
94,70;-0,2164;-0,0009;0,3401;False
94,71;-0,2164;-0,0009;0,3401;False
94,71;-0,2164;-0,0009;0,3401;False
94,72;-0,2164;-0,0009;0,3401;False
94,72;-0,2164;-0,0009;0,3401;False
94,73;-0,2165;-0,0013;0,3403;False
94,74;-0,2165;-0,0013;0,3403;False
94,74;-0,2165;-0,0013;0,3403;False
94,74;-0,2181;-0,0011;0,3407;False
94,75;-0,2181;-0,0011;0,3407;False
94,76;-0,2181;-0,0011;0,3407;False
94,76;-0,2216;-0,0010;0,3414;False
94,77;-0,2216;-0,0010;0,3414;False
94,77;-0,2216;-0,0010;0,3414;False
94,77;-0,2216;-0,0010;0,3414;False
94,78;-0,2216;-0,0010;0,3414;False
94,78;-0,2272;-0,0009;0,3427;False
94,79;-0,2272;-0,0009;0,3427;False
94,80;-0,2272;-0,0009;0,3427;False
94,80;-0,2273;-0,0013;0,3427;False
94,80;-0,2353;-0,0011;0,3445;False
94,81;-0,2353;-0,0011;0,3445;False
94,81;-0,2353;-0,0011;0,3445;False
94,82;-0,2353;-0,0011;0,3445;False
94,82;-0,2353;-0,0011;0,3445;False
94,82;-0,2459;-0,0010;0,3468;False
94,83;-0,2459;-0,0010;0,3468;False
94,83;-0,2459;-0,0010;0,3468;False
94,84;-0,2459;-0,0010;0,3468;False
94,84;-0,2590;-0,0019;0,3502;False
94,85;-0,2590;-0,0019;0,3502;False
94,85;-0,2590;-0,0019;0,3502;False
94,86;-0,2590;-0,0019;0,3502;False
94,86;-0,2744;-0,0015;0,3536;False
94,87;-0,2744;-0,0015;0,3536;False
94,87;-0,2744;-0,0015;0,3536;False
94,88;-0,2745;-0,0018;0,3538;False
94,88;-0,2745;-0,0018;0,3538;False
94,88;-0,2923;-0,0014;0,3577;False
94,89;-0,2923;-0,0014;0,3577;False
94,89;-0,2923;-0,0014;0,3577;False
94,90;-0,2923;-0,0014;0,3577;False
94,91;-0,3126;-0,0012;0,3624;False
94,91;-0,3126;-0,0012;0,3624;False
94,92;-0,3126;-0,0012;0,3624;False
94,92;-0,3126;-0,0012;0,3624;False
94,92;-0,3131;-0,0043;0,3659;False
94,93;-0,3131;-0,0043;0,3659;False
94,94;-0,3132;-0,0048;0,3662;False
94,95;-0,3133;-0,0044;0,3665;False
94,95;-0,3133;-0,0044;0,3665;False
94,96;-0,3133;-0,0044;0,3665;False
94,96;-0,3132;-0,0040;0,3665;False
94,97;-0,3132;-0,0040;0,3665;False
94,97;-0,3133;-0,0043;0,3668;False
94,98;-0,3133;-0,0043;0,3668;False
94,98;-0,3133;-0,0038;0,3668;False
94,99;-0,3133;-0,0038;0,3668;False
95,00;-0,3133;-0,0038;0,3668;False
95,00;-0,3132;-0,0033;0,3668;False
95,01;-0,3133;-0,0038;0,3670;False
95,01;-0,3133;-0,0038;0,3670;False
95,02;-0,3133;-0,0038;0,3670;False
95,02;-0,3133;-0,0032;0,3670;False
95,03;-0,3133;-0,0032;0,3670;False
95,04;-0,3133;-0,0032;0,3670;False
95,04;-0,3132;-0,0023;0,3668;False
95,05;-0,3132;-0,0023;0,3668;False
95,05;-0,3132;-0,0023;0,3668;False
95,05;-0,3132;-0,0023;0,3668;False
95,06;-0,3132;-0,0023;0,3668;False
95,07;-0,3132;-0,0020;0,3668;False
95,07;-0,3131;-0,0021;0,3671;False
95,07;-0,3131;-0,0021;0,3671;False
95,08;-0,3131;-0,0021;0,3671;False
95,08;-0,3131;-0,0018;0,3671;False
95,09;-0,3131;-0,0018;0,3671;False
95,09;-0,3131;-0,0018;0,3671;False
95,10;-0,3131;-0,0018;0,3671;False
95,10;-0,3132;-0,0018;0,3671;False
95,11;-0,3132;-0,0018;0,3671;False
95,11;-0,3132;-0,0018;0,3671;False
95,11;-0,3132;-0,0018;0,3671;False
95,12;-0,3132;-0,0018;0,3671;False
95,12;-0,3132;-0,0015;0,3671;False
95,13;-0,3132;-0,0015;0,3671;False
95,13;-0,3133;-0,0016;0,3671;False
95,14;-0,3133;-0,0016;0,3671;False
95,14;-0,3132;-0,0013;0,3671;False
95,15;-0,3132;-0,0013;0,3671;False
95,15;-0,3132;-0,0013;0,3671;False
95,16;-0,3132;-0,0013;0,3671;False
95,16;-0,3132;-0,0011;0,3673;False
95,17;-0,3132;-0,0011;0,3673;False
95,17;-0,3132;-0,0011;0,3673;False
95,18;-0,3132;-0,0011;0,3673;False
95,18;-0,3131;-0,0009;0,3673;False
95,19;-0,3131;-0,0009;0,3673;False
95,19;-0,3131;-0,0009;0,3673;False
95,20;-0,3132;-0,0011;0,3673;False
95,20;-0,3132;-0,0011;0,3673;False
95,20;-0,3131;-0,0009;0,3673;False
95,21;-0,3131;-0,0009;0,3673;False
95,21;-0,3131;-0,0009;0,3673;False
95,21;-0,3131;-0,0009;0,3673;False
95,22;-0,3131;-0,0009;0,3673;False
95,22;-0,3131;-0,0008;0,3673;False
95,23;-0,3131;-0,0008;0,3673;False
95,23;-0,3131;-0,0008;0,3673;False
95,24;-0,3131;-0,0008;0,3673;False
95,24;-0,3132;-0,0006;0,3671;False
95,25;-0,3132;-0,0006;0,3671;False
95,25;-0,3132;-0,0006;0,3671;False
95,25;-0,3132;-0,0006;0,3671;False
95,26;-0,3132;-0,0006;0,3671;False
95,26;-0,3132;-0,0006;0,3671;False
95,27;-0,3132;-0,0006;0,3671;False
95,27;-0,3132;-0,0006;0,3671;False
95,28;-0,3132;-0,0004;0,3673;False
95,28;-0,3131;-0,0004;0,3673;False
95,29;-0,3131;-0,0004;0,3673;False
95,29;-0,3131;-0,0004;0,3673;False
95,29;-0,3131;-0,0004;0,3673;False
95,30;-0,3131;-0,0004;0,3673;False
95,31;-0,3130;0,0003;0,3669;False
95,31;-0,3130;0,0003;0,3669;False
95,31;-0,3130;0,0003;0,3669;False
95,32;-0,3130;0,0003;0,3669;False
95,32;-0,3130;0,0000;0,3669;False
95,33;-0,3130;0,0000;0,3669;False
95,33;-0,3130;0,0000;0,3669;False
95,34;-0,3130;0,0004;0,3668;False
95,34;-0,3130;0,0000;0,3668;False
95,35;-0,3130;0,0000;0,3668;False
95,35;-0,3130;0,0000;0,3668;False
95,36;-0,3130;0,0000;0,3668;False
95,36;-0,3130;-0,0003;0,3668;False
95,37;-0,3130;-0,0003;0,3668;False
95,37;-0,3130;-0,0002;0,3667;False
95,38;-0,3130;-0,0002;0,3667;False
95,38;-0,3130;-0,0005;0,3667;False
95,39;-0,3130;-0,0005;0,3667;False
95,39;-0,3130;-0,0005;0,3667;False
95,40;-0,3130;-0,0006;0,3667;False
95,41;-0,3130;-0,0006;0,3667;False
95,41;-0,3130;-0,0006;0,3667;False
95,42;-0,3130;-0,0006;0,3667;False
95,42;-0,3130;-0,0008;0,3667;False
95,43;-0,3130;-0,0008;0,3667;False
95,43;-0,3130;-0,0008;0,3667;False
95,44;-0,3131;-0,0011;0,3671;False
95,44;-0,3131;-0,0011;0,3671;False
95,44;-0,3131;-0,0011;0,3671;False
95,45;-0,3131;-0,0011;0,3671;False
95,45;-0,3131;-0,0011;0,3671;False
95,46;-0,3131;-0,0011;0,3671;False
95,46;-0,3131;-0,0011;0,3671;False
95,47;-0,3131;-0,0011;0,3671;False
95,47;-0,3131;-0,0011;0,3671;False
95,47;-0,3131;-0,0011;0,3671;False
95,48;-0,3131;-0,0011;0,3671;False
95,48;-0,3131;-0,0011;0,3671;False
95,49;-0,3131;-0,0011;0,3671;False
95,49;-0,3131;-0,0011;0,3671;False
95,50;-0,3130;-0,0010;0,3667;False
95,50;-0,3130;-0,0010;0,3667;False
95,51;-0,3130;-0,0010;0,3667;False
95,51;-0,3130;-0,0010;0,3667;False
95,52;-0,3130;-0,0010;0,3667;False
95,52;-0,3130;-0,0010;0,3667;False
95,53;-0,3130;-0,0010;0,3667;False
95,53;-0,3130;-0,0010;0,3667;False
95,54;-0,3130;-0,0010;0,3667;False
95,54;-0,3130;-0,0010;0,3667;False
95,55;-0,3130;-0,0010;0,3667;False
95,56;-0,3130;-0,0010;0,3667;False
95,57;-0,3130;-0,0010;0,3667;False
95,57;-0,3130;-0,0010;0,3667;False
95,58;-0,3130;-0,0010;0,3667;False
95,58;-0,3130;-0,0010;0,3667;False
95,59;-0,3130;-0,0010;0,3667;False
95,60;-0,3131;-0,0006;0,3658;False
95,60;-0,3131;-0,0007;0,3658;False
95,61;-0,3131;-0,0007;0,3658;False
95,61;-0,3131;-0,0007;0,3658;False
95,61;-0,3131;-0,0007;0,3658;False
95,62;-0,3131;-0,0007;0,3658;False
95,62;-0,3131;-0,0008;0,3658;False
95,63;-0,3131;-0,0008;0,3658;False
95,63;-0,3131;-0,0008;0,3658;False
95,63;-0,3131;-0,0008;0,3658;False
95,64;-0,3131;-0,0010;0,3656;False
95,65;-0,3131;-0,0010;0,3656;False
95,65;-0,3131;-0,0010;0,3656;False
95,66;-0,3131;-0,0010;0,3656;False
95,66;-0,3131;-0,0010;0,3656;False
95,67;-0,3131;-0,0010;0,3656;False
95,67;-0,3131;-0,0010;0,3656;False
95,68;-0,3131;-0,0011;0,3655;False
95,68;-0,3131;-0,0010;0,3655;False
95,69;-0,3131;-0,0010;0,3655;False
95,70;-0,3131;-0,0010;0,3655;False
95,70;-0,3131;-0,0010;0,3655;False
95,71;-0,3132;-0,0010;0,3655;False
95,71;-0,3132;-0,0010;0,3655;False
95,71;-0,3132;-0,0010;0,3655;False
95,72;-0,3132;-0,0010;0,3655;False
95,72;-0,3132;-0,0010;0,3655;False
95,73;-0,3132;-0,0010;0,3655;False
95,73;-0,3132;-0,0010;0,3655;False
95,74;-0,3132;-0,0010;0,3655;False
95,74;-0,3132;-0,0010;0,3655;False
95,74;-0,3132;-0,0010;0,3655;False
95,75;-0,3132;-0,0010;0,3655;False
95,75;-0,3132;-0,0010;0,3655;False
95,76;-0,3132;-0,0010;0,3655;False
95,76;-0,3132;-0,0009;0,3655;False
95,77;-0,3132;-0,0009;0,3655;False
95,77;-0,3133;-0,0012;0,3656;False
95,78;-0,3133;-0,0012;0,3656;False
95,78;-0,3133;-0,0012;0,3656;False
95,78;-0,3133;-0,0011;0,3656;False
95,79;-0,3133;-0,0011;0,3656;False
95,79;-0,3133;-0,0011;0,3656;False
95,80;-0,3133;-0,0010;0,3656;False
95,81;-0,3133;-0,0008;0,3654;False
95,81;-0,3133;-0,0008;0,3654;False
95,81;-0,3133;-0,0008;0,3654;False
95,82;-0,3133;-0,0008;0,3654;False
95,82;-0,3133;-0,0008;0,3654;False
95,83;-0,3133;-0,0008;0,3654;False
95,83;-0,3133;-0,0008;0,3654;False
95,84;-0,3134;-0,0007;0,3652;False
95,84;-0,3134;-0,0007;0,3652;False
95,85;-0,3134;-0,0007;0,3652;False
95,85;-0,3134;-0,0007;0,3652;False
95,85;-0,3134;-0,0007;0,3652;False
95,86;-0,3134;-0,0007;0,3652;False
95,87;-0,3134;-0,0007;0,3652;False
95,87;-0,3134;-0,0007;0,3652;False
95,87;-0,3134;-0,0007;0,3652;False
95,88;-0,3134;-0,0007;0,3652;False
95,88;-0,3134;-0,0007;0,3652;False
95,89;-0,3134;-0,0007;0,3652;False
95,90;-0,3134;-0,0008;0,3651;False
95,90;-0,3134;-0,0008;0,3651;False
95,91;-0,3134;-0,0008;0,3651;False
95,91;-0,3134;-0,0008;0,3651;False
95,92;-0,3134;-0,0008;0,3651;False
95,92;-0,3134;-0,0008;0,3651;False
95,93;-0,3134;-0,0008;0,3651;False
95,94;-0,3134;-0,0008;0,3651;False
95,94;-0,3134;-0,0008;0,3651;False
95,94;-0,3134;-0,0008;0,3651;False
95,95;-0,3134;-0,0008;0,3651;False
95,95;-0,3134;-0,0008;0,3651;False
95,96;-0,3134;-0,0008;0,3652;False
95,97;-0,3134;-0,0008;0,3652;False
95,97;-0,3134;-0,0008;0,3652;False
95,98;-0,3134;-0,0008;0,3652;False
95,98;-0,3134;-0,0008;0,3652;False
95,98;-0,3134;-0,0008;0,3652;False
95,99;-0,3134;-0,0008;0,3652;False
96,00;-0,3134;-0,0004;0,3650;False
96,00;-0,3134;-0,0005;0,3650;False
96,01;-0,3134;-0,0005;0,3650;False
96,01;-0,3134;-0,0005;0,3650;False
96,02;-0,3134;-0,0005;0,3650;False
96,02;-0,3134;-0,0007;0,3650;False
96,03;-0,3134;-0,0007;0,3650;False
96,03;-0,3134;-0,0007;0,3650;False
96,04;-0,3134;-0,0007;0,3650;False
96,05;-0,3134;-0,0007;0,3650;False
96,05;-0,3134;-0,0007;0,3650;False
96,06;-0,3134;-0,0007;0,3650;False
96,06;-0,3134;-0,0008;0,3650;False
96,07;-0,3134;-0,0008;0,3650;False
96,08;-0,3138;-0,0015;0,3663;False
96,08;-0,3138;-0,0014;0,3663;False
96,09;-0,3138;-0,0014;0,3663;False
96,09;-0,3138;-0,0014;0,3663;False
96,10;-0,3138;-0,0014;0,3663;False
96,11;-0,3137;-0,0006;0,3662;False
96,11;-0,3137;-0,0006;0,3662;False
96,12;-0,3137;-0,0006;0,3662;False
96,13;-0,3137;-0,0006;0,3662;False
96,14;-0,3137;-0,0006;0,3662;False
96,14;-0,3138;-0,0003;0,3662;False
96,15;-0,3138;-0,0003;0,3662;False
96,15;-0,3138;-0,0003;0,3662;False
96,15;-0,3138;-0,0003;0,3662;False
96,16;-0,3138;-0,0005;0,3662;False
96,17;-0,3138;-0,0005;0,3662;False
96,17;-0,3137;-0,0005;0,3662;False
96,18;-0,3137;-0,0005;0,3662;False
96,18;-0,3137;-0,0006;0,3662;False
96,19;-0,3137;-0,0006;0,3662;False
96,19;-0,3137;-0,0006;0,3662;False
96,20;-0,3137;-0,0006;0,3662;False
96,20;-0,3137;0,0003;0,3660;False
96,21;-0,3137;0,0003;0,3660;False
96,21;-0,3137;0,0003;0,3660;False
96,21;-0,3137;0,0003;0,3660;False
96,22;-0,3137;0,0003;0,3660;False
96,22;-0,3137;-0,0001;0,3660;False
96,23;-0,3137;-0,0001;0,3660;False
96,24;-0,3137;-0,0001;0,3660;False
96,24;-0,3137;-0,0004;0,3660;False
96,25;-0,3137;-0,0004;0,3660;False
96,25;-0,3137;-0,0004;0,3660;False
96,26;-0,3137;-0,0004;0,3660;False
96,27;-0,3137;-0,0007;0,3660;False
96,27;-0,3138;-0,0003;0,3657;False
96,27;-0,3138;-0,0003;0,3657;False
96,28;-0,3138;-0,0003;0,3657;False
96,28;-0,3138;-0,0005;0,3657;False
96,29;-0,3138;-0,0005;0,3657;False
96,29;-0,3138;-0,0005;0,3657;False
96,30;-0,3138;-0,0005;0,3657;False
96,30;-0,3138;-0,0008;0,3657;False
96,31;-0,3138;-0,0008;0,3657;False
96,31;-0,3138;-0,0008;0,3657;False
96,31;-0,3138;-0,0008;0,3657;False
96,32;-0,3138;-0,0008;0,3657;False
96,32;-0,3138;-0,0009;0,3657;False
96,33;-0,3138;-0,0009;0,3657;False
96,33;-0,3138;-0,0009;0,3657;False
96,34;-0,3138;-0,0009;0,3657;False
96,34;-0,3138;-0,0010;0,3657;False
96,35;-0,3138;-0,0010;0,3657;False
96,35;-0,3138;-0,0010;0,3657;False
96,36;-0,3138;-0,0010;0,3657;False
96,36;-0,3136;-0,0007;0,3649;False
96,37;-0,3136;-0,0007;0,3649;False
96,37;-0,3136;-0,0007;0,3649;False
96,38;-0,3136;-0,0007;0,3649;False
96,38;-0,3136;-0,0007;0,3649;False
96,38;-0,3136;-0,0009;0,3649;False
96,39;-0,3136;-0,0010;0,3648;False
96,40;-0,3136;-0,0010;0,3648;False
96,40;-0,3136;-0,0011;0,3648;False
96,41;-0,3136;-0,0011;0,3648;False
96,41;-0,3136;-0,0011;0,3648;False
96,41;-0,3136;-0,0011;0,3648;False
96,42;-0,3136;-0,0011;0,3648;False
96,42;-0,3136;-0,0011;0,3648;False
96,43;-0,3136;-0,0011;0,3648;False
96,43;-0,3136;-0,0011;0,3648;False
96,44;-0,3136;-0,0011;0,3648;False
96,45;-0,3137;-0,0012;0,3650;False
96,45;-0,3137;-0,0012;0,3650;False
96,46;-0,3137;-0,0012;0,3650;False
96,46;-0,3137;-0,0012;0,3650;False
96,47;-0,3137;-0,0012;0,3650;False
96,48;-0,3137;-0,0008;0,3652;False
96,49;-0,3137;-0,0009;0,3652;False
96,49;-0,3137;-0,0009;0,3652;False
96,50;-0,3137;-0,0009;0,3652;False
96,50;-0,3137;-0,0002;0,3652;False
96,51;-0,3137;-0,0002;0,3652;False
96,51;-0,3137;-0,0002;0,3652;False
96,52;-0,3137;-0,0002;0,3652;False
96,52;-0,3137;-0,0002;0,3652;False
96,52;-0,3137;-0,0005;0,3652;False
96,53;-0,3137;-0,0005;0,3652;False
96,53;-0,3137;-0,0005;0,3652;False
96,54;-0,3137;-0,0003;0,3654;False
96,54;-0,3137;-0,0006;0,3654;False
96,55;-0,3137;-0,0006;0,3654;False
96,55;-0,3137;-0,0006;0,3654;False
96,56;-0,3137;-0,0006;0,3654;False
96,56;-0,3137;-0,0008;0,3654;False
96,57;-0,3137;-0,0003;0,3653;False
96,58;-0,3137;-0,0006;0,3653;False
96,59;-0,3137;-0,0006;0,3653;False
96,59;-0,3137;-0,0006;0,3653;False
96,60;-0,3138;0,0000;0,3651;False
96,60;-0,3138;-0,0004;0,3651;False
96,61;-0,3138;-0,0004;0,3651;False
96,61;-0,3138;-0,0004;0,3651;False
96,62;-0,3138;-0,0004;0,3651;False
96,62;-0,3138;-0,0004;0,3651;False
96,62;-0,3138;-0,0007;0,3651;False
96,63;-0,3138;-0,0007;0,3651;False
96,64;-0,3138;-0,0003;0,3651;False
96,64;-0,3138;-0,0003;0,3651;False
96,64;-0,3138;-0,0006;0,3651;False
96,65;-0,3138;-0,0006;0,3651;False
96,65;-0,3138;-0,0006;0,3651;False
96,66;-0,3138;-0,0006;0,3651;False
96,66;-0,3138;-0,0003;0,3651;False
96,67;-0,3138;-0,0003;0,3651;False
96,67;-0,3138;-0,0003;0,3651;False
96,68;-0,3138;-0,0003;0,3651;False
96,68;-0,3138;-0,0003;0,3651;False
96,68;-0,3138;-0,0007;0,3651;False
96,69;-0,3138;-0,0007;0,3651;False
96,69;-0,3138;-0,0007;0,3651;False
96,70;-0,3138;-0,0007;0,3651;False
96,70;-0,3138;-0,0009;0,3651;False
96,71;-0,3138;-0,0009;0,3651;False
96,71;-0,3138;-0,0009;0,3651;False
96,72;-0,3138;-0,0009;0,3651;False
96,72;-0,3138;-0,0011;0,3651;False
96,73;-0,3138;-0,0011;0,3651;False
96,73;-0,3140;-0,0007;0,3651;False
96,74;-0,3140;-0,0007;0,3651;False
96,74;-0,3140;-0,0007;0,3651;False
96,74;-0,3140;-0,0010;0,3651;False
96,75;-0,3140;-0,0010;0,3651;False
96,75;-0,3140;-0,0010;0,3651;False
96,76;-0,3140;-0,0010;0,3651;False
96,76;-0,3141;-0,0008;0,3650;False
96,77;-0,3141;-0,0008;0,3650;False
96,77;-0,3141;-0,0008;0,3650;False
96,78;-0,3141;-0,0008;0,3650;False
96,78;-0,3141;-0,0008;0,3650;False
96,78;-0,3141;-0,0010;0,3650;False
96,79;-0,3141;-0,0010;0,3650;False
96,80;-0,3141;-0,0011;0,3650;False
96,81;-0,3141;-0,0011;0,3650;False
96,81;-0,3141;-0,0011;0,3650;False
96,81;-0,3141;-0,0011;0,3650;False
96,82;-0,3141;-0,0011;0,3650;False
96,82;-0,3141;-0,0012;0,3650;False
96,83;-0,3141;-0,0012;0,3650;False
96,83;-0,3141;-0,0012;0,3650;False
96,84;-0,3141;-0,0012;0,3650;False
96,84;-0,3142;-0,0005;0,3648;False
96,85;-0,3142;-0,0005;0,3648;False
96,86;-0,3142;-0,0005;0,3648;False
96,86;-0,3142;-0,0008;0,3648;False
96,87;-0,3142;-0,0008;0,3648;False
96,88;-0,3142;-0,0010;0,3648;False
96,89;-0,3142;-0,0010;0,3648;False
96,89;-0,3142;-0,0010;0,3648;False
96,90;-0,3142;-0,0010;0,3648;False
96,91;-0,3144;-0,0003;0,3644;False
96,91;-0,3144;-0,0003;0,3644;False
96,92;-0,3144;-0,0003;0,3644;False
96,92;-0,3144;-0,0006;0,3644;False
96,93;-0,3144;-0,0006;0,3644;False
96,94;-0,3145;0,0003;0,3639;False
96,95;-0,3145;0,0003;0,3639;False
96,95;-0,3145;0,0003;0,3639;False
96,95;-0,3145;0,0003;0,3639;False
96,96;-0,3145;0,0003;0,3639;False
96,96;-0,3145;-0,0002;0,3639;False
96,97;-0,3145;0,0005;0,3637;False
96,98;-0,3145;0,0005;0,3637;False
96,98;-0,3145;-0,0001;0,3637;False
96,99;-0,3145;-0,0001;0,3637;False
96,99;-0,3145;-0,0001;0,3637;False
96,99;-0,3145;-0,0001;0,3637;False
97,00;-0,3145;-0,0001;0,3637;False
97,00;-0,3145;0,0002;0,3636;False
97,01;-0,3145;0,0002;0,3636;False
97,01;-0,3145;0,0002;0,3636;False
97,02;-0,3145;0,0002;0,3636;False
97,02;-0,3145;0,0002;0,3636;False
97,02;-0,3145;-0,0004;0,3636;False
97,03;-0,3145;-0,0004;0,3636;False
97,04;-0,3144;0,0000;0,3635;False
97,04;-0,3144;-0,0005;0,3635;False
97,05;-0,3144;-0,0005;0,3635;False
97,05;-0,3144;-0,0005;0,3635;False
97,05;-0,3144;-0,0005;0,3635;False
97,06;-0,3144;-0,0005;0,3635;False
97,07;-0,3144;-0,0006;0,3634;False
97,07;-0,3144;-0,0006;0,3634;False
97,08;-0,3144;-0,0006;0,3634;False
97,08;-0,3144;-0,0010;0,3634;False
97,09;-0,3144;-0,0010;0,3634;False
97,09;-0,3144;-0,0010;0,3634;False
97,10;-0,3144;-0,0010;0,3634;False
97,10;-0,3144;-0,0007;0,3635;False
97,10;-0,3144;-0,0011;0,3635;False
97,11;-0,3144;-0,0011;0,3635;False
97,11;-0,3144;-0,0011;0,3635;False
97,11;-0,3144;-0,0011;0,3635;False
97,12;-0,3144;-0,0011;0,3635;False
97,12;-0,3144;-0,0013;0,3635;False
97,13;-0,3144;-0,0013;0,3635;False
97,13;-0,3143;-0,0010;0,3636;False
97,14;-0,3143;-0,0010;0,3636;False
97,14;-0,3143;-0,0013;0,3636;False
97,15;-0,3143;-0,0013;0,3636;False
97,15;-0,3143;-0,0013;0,3636;False
97,15;-0,3143;-0,0013;0,3636;False
97,16;-0,3143;-0,0013;0,3636;False
97,16;-0,3142;-0,0011;0,3637;False
97,17;-0,3142;-0,0011;0,3637;False
97,17;-0,3142;-0,0011;0,3637;False
97,18;-0,3142;-0,0011;0,3637;False
97,18;-0,3142;-0,0013;0,3637;False
97,19;-0,3142;-0,0013;0,3637;False
97,19;-0,3142;-0,0013;0,3637;False
97,20;-0,3142;-0,0010;0,3637;False
97,20;-0,3142;-0,0012;0,3637;False
97,21;-0,3142;-0,0012;0,3637;False
97,21;-0,3142;-0,0012;0,3637;False
97,21;-0,3142;-0,0012;0,3637;False
97,22;-0,3142;-0,0012;0,3637;False
97,22;-0,3142;-0,0014;0,3637;False
97,23;-0,3142;-0,0014;0,3637;False
97,23;-0,3142;-0,0014;0,3637;False
97,24;-0,3142;-0,0014;0,3637;False
97,24;-0,3141;-0,0012;0,3637;False
97,25;-0,3141;-0,0012;0,3637;False
97,25;-0,3141;-0,0012;0,3637;False
97,26;-0,3141;-0,0012;0,3637;False
97,26;-0,3141;-0,0012;0,3637;False
97,26;-0,3141;-0,0013;0,3637;False
97,27;-0,3141;-0,0013;0,3637;False
97,28;-0,3140;-0,0012;0,3638;False
97,28;-0,3140;-0,0013;0,3638;False
97,29;-0,3140;-0,0013;0,3638;False
97,29;-0,3140;-0,0013;0,3638;False
97,29;-0,3140;-0,0013;0,3638;False
97,30;-0,3140;-0,0013;0,3638;False
97,31;-0,3139;-0,0010;0,3639;False
97,31;-0,3139;-0,0010;0,3639;False
97,31;-0,3139;-0,0010;0,3639;False
97,32;-0,3139;-0,0011;0,3639;False
97,33;-0,3139;-0,0011;0,3639;False
97,33;-0,3139;-0,0011;0,3639;False
97,34;-0,3139;-0,0011;0,3639;False
97,34;-0,3141;-0,0005;0,3637;False
97,35;-0,3141;-0,0005;0,3637;False
97,35;-0,3141;-0,0005;0,3637;False
97,36;-0,3141;-0,0005;0,3637;False
97,36;-0,3141;-0,0005;0,3637;False
97,36;-0,3141;-0,0008;0,3637;False
97,37;-0,3141;-0,0009;0,3639;False
97,38;-0,3141;-0,0009;0,3639;False
97,38;-0,3141;-0,0009;0,3639;False
97,38;-0,3141;-0,0010;0,3639;False
97,39;-0,3141;-0,0010;0,3639;False
97,39;-0,3141;-0,0010;0,3639;False
97,40;-0,3141;-0,0010;0,3639;False
97,40;-0,3138;-0,0012;0,3644;False
97,41;-0,3138;-0,0012;0,3644;False
97,41;-0,3138;-0,0012;0,3644;False
97,42;-0,3138;-0,0012;0,3644;False
97,42;-0,3138;-0,0012;0,3644;False
97,43;-0,3138;-0,0012;0,3644;False
97,43;-0,3138;-0,0012;0,3644;False
97,44;-0,3137;-0,0010;0,3645;False
97,44;-0,3137;-0,0010;0,3645;False
97,44;-0,3137;-0,0011;0,3645;False
97,45;-0,3137;-0,0011;0,3645;False
97,45;-0,3137;-0,0011;0,3645;False
97,45;-0,3137;-0,0011;0,3645;False
97,46;-0,3137;-0,0011;0,3645;False
97,46;-0,3137;-0,0011;0,3645;False
97,47;-0,3135;-0,0014;0,3647;False
97,47;-0,3135;-0,0014;0,3647;False
97,48;-0,3135;-0,0014;0,3647;False
97,48;-0,3135;-0,0013;0,3647;False
97,49;-0,3135;-0,0013;0,3647;False
97,49;-0,3135;-0,0013;0,3647;False
97,50;-0,3135;-0,0013;0,3647;False
97,50;-0,3132;-0,0016;0,3648;False
97,51;-0,3132;-0,0016;0,3648;False
97,51;-0,3132;-0,0016;0,3648;False
97,51;-0,3132;-0,0016;0,3648;False
97,52;-0,3132;-0,0016;0,3648;False
97,52;-0,3132;-0,0014;0,3648;False
97,53;-0,3132;-0,0014;0,3648;False
97,53;-0,3131;-0,0018;0,3650;False
97,54;-0,3131;-0,0018;0,3650;False
97,54;-0,3131;-0,0018;0,3650;False
97,54;-0,3131;-0,0015;0,3650;False
97,55;-0,3131;-0,0015;0,3650;False
97,55;-0,3131;-0,0015;0,3650;False
97,56;-0,3131;-0,0015;0,3650;False
97,56;-0,3130;-0,0015;0,3652;False
97,57;-0,3130;-0,0015;0,3652;False
97,57;-0,3130;-0,0015;0,3652;False
97,58;-0,3130;-0,0015;0,3652;False
97,58;-0,3130;-0,0015;0,3652;False
97,58;-0,3130;-0,0013;0,3652;False
97,59;-0,3130;-0,0013;0,3652;False
97,59;-0,3130;-0,0013;0,3652;False
97,60;-0,3128;-0,0014;0,3654;False
97,60;-0,3128;-0,0012;0,3654;False
97,61;-0,3128;-0,0012;0,3654;False
97,61;-0,3128;-0,0012;0,3654;False
97,61;-0,3128;-0,0012;0,3654;False
97,62;-0,3128;-0,0012;0,3654;False
97,62;-0,3128;-0,0012;0,3654;False
97,62;-0,3128;-0,0010;0,3654;False
97,63;-0,3128;-0,0010;0,3654;False
97,63;-0,3128;-0,0010;0,3654;False
97,63;-0,3128;-0,0010;0,3654;False
97,64;-0,3128;-0,0009;0,3654;False
97,65;-0,3127;-0,0012;0,3656;False
97,65;-0,3127;-0,0012;0,3656;False
97,65;-0,3127;-0,0012;0,3656;False
97,66;-0,3127;-0,0012;0,3656;False
97,66;-0,3127;-0,0010;0,3656;False
97,67;-0,3127;-0,0010;0,3656;False
97,67;-0,3127;-0,0010;0,3656;False
97,68;-0,3127;-0,0010;0,3656;False
97,68;-0,3127;-0,0009;0,3656;False
97,69;-0,3127;-0,0009;0,3656;False
97,69;-0,3127;-0,0009;0,3656;False
97,69;-0,3127;-0,0009;0,3656;False
97,70;-0,3127;-0,0009;0,3656;False
97,70;-0,3126;-0,0011;0,3657;False
97,71;-0,3126;-0,0011;0,3657;False
97,71;-0,3126;-0,0011;0,3657;False
97,72;-0,3126;-0,0011;0,3657;False
97,72;-0,3126;-0,0009;0,3657;False
97,72;-0,3126;-0,0009;0,3657;False
97,73;-0,3126;-0,0009;0,3657;False
97,74;-0,3126;-0,0009;0,3657;False
97,74;-0,3125;-0,0011;0,3657;False
97,74;-0,3125;-0,0009;0,3657;False
97,75;-0,3125;-0,0009;0,3657;False
97,75;-0,3125;-0,0009;0,3657;False
97,76;-0,3125;-0,0009;0,3657;False
97,76;-0,3125;-0,0008;0,3657;False
97,77;-0,3125;-0,0008;0,3657;False
97,77;-0,3125;-0,0007;0,3655;False
97,78;-0,3125;-0,0007;0,3655;False
97,78;-0,3125;-0,0007;0,3655;False
97,79;-0,3125;-0,0007;0,3655;False
97,79;-0,3125;-0,0007;0,3655;False
97,79;-0,3125;-0,0007;0,3655;False
97,80;-0,3127;-0,0003;0,3653;False
97,81;-0,3127;-0,0003;0,3653;False
97,81;-0,3127;-0,0003;0,3653;False
97,81;-0,3127;-0,0003;0,3653;False
97,82;-0,3127;-0,0003;0,3653;False
97,82;-0,3127;-0,0004;0,3653;False
97,83;-0,3127;-0,0004;0,3653;False
97,83;-0,3127;-0,0004;0,3653;False
97,84;-0,3128;-0,0005;0,3654;False
97,84;-0,3128;-0,0005;0,3654;False
97,84;-0,3128;-0,0005;0,3654;False
97,85;-0,3128;-0,0005;0,3654;False
97,85;-0,3128;-0,0005;0,3654;False
97,86;-0,3128;-0,0005;0,3654;False
97,86;-0,3128;-0,0001;0,3651;False
97,87;-0,3128;-0,0001;0,3651;False
97,87;-0,3128;-0,0001;0,3651;False
97,88;-0,3128;-0,0001;0,3651;False
97,88;-0,3128;-0,0001;0,3651;False
97,88;-0,3128;-0,0003;0,3651;False
97,89;-0,3128;-0,0003;0,3651;False
97,89;-0,3128;-0,0003;0,3651;False
97,90;-0,3128;-0,0003;0,3651;False
97,90;-0,3128;-0,0004;0,3651;False
97,91;-0,3128;-0,0004;0,3651;False
97,91;-0,3128;-0,0004;0,3651;False
97,91;-0,3128;-0,0004;0,3651;False
97,92;-0,3128;-0,0004;0,3651;False
97,92;-0,3128;-0,0006;0,3651;False
97,93;-0,3128;-0,0006;0,3651;False
97,93;-0,3128;0,0001;0,3651;False
97,94;-0,3128;0,0001;0,3651;False
97,94;-0,3128;0,0001;0,3651;False
97,94;-0,3128;-0,0002;0,3651;False
97,95;-0,3128;-0,0002;0,3651;False
97,95;-0,3128;-0,0002;0,3651;False
97,95;-0,3128;-0,0002;0,3651;False
97,96;-0,3128;-0,0004;0,3651;False
97,96;-0,3128;-0,0004;0,3651;False
97,97;-0,3128;-0,0004;0,3651;False
97,97;-0,3128;-0,0004;0,3651;False
97,98;-0,3128;-0,0004;0,3651;False
97,98;-0,3128;-0,0006;0,3651;False
97,99;-0,3128;-0,0006;0,3651;False
97,99;-0,3128;-0,0006;0,3651;False
98,00;-0,3128;-0,0003;0,3651;False
98,00;-0,3128;-0,0005;0,3651;False
98,00;-0,3128;-0,0005;0,3651;False
98,01;-0,3128;-0,0005;0,3651;False
98,01;-0,3128;-0,0005;0,3651;False
98,01;-0,3128;-0,0005;0,3651;False
98,02;-0,3128;-0,0005;0,3651;False
98,02;-0,3128;-0,0007;0,3651;False
98,03;-0,3128;-0,0007;0,3651;False
98,03;-0,3128;-0,0007;0,3651;False
98,04;-0,3128;-0,0007;0,3651;False
98,04;-0,3128;-0,0008;0,3650;False
98,05;-0,3128;-0,0008;0,3650;False
98,05;-0,3128;-0,0008;0,3650;False
98,06;-0,3128;-0,0008;0,3650;False
98,06;-0,3128;-0,0009;0,3650;False
98,07;-0,3128;-0,0009;0,3650;False
98,07;-0,3128;-0,0009;0,3650;False
98,08;-0,3129;-0,0005;0,3650;False
98,08;-0,3129;-0,0007;0,3650;False
98,09;-0,3129;-0,0007;0,3650;False
98,09;-0,3129;-0,0007;0,3650;False
98,09;-0,3129;-0,0007;0,3650;False
98,10;-0,3129;-0,0007;0,3650;False
98,11;-0,3129;-0,0009;0,3650;False
98,11;-0,3129;-0,0009;0,3650;False
98,11;-0,3129;-0,0009;0,3650;False
98,12;-0,3129;-0,0009;0,3650;False
98,12;-0,3129;-0,0010;0,3650;False
98,13;-0,3129;-0,0010;0,3650;False
98,13;-0,3129;-0,0010;0,3650;False
98,14;-0,3129;-0,0010;0,3650;False
98,14;-0,3129;-0,0008;0,3650;False
98,14;-0,3129;-0,0009;0,3650;False
98,15;-0,3129;-0,0009;0,3650;False
98,15;-0,3129;-0,0009;0,3650;False
98,16;-0,3129;-0,0009;0,3650;False
98,16;-0,3129;-0,0009;0,3650;False
98,17;-0,3129;-0,0010;0,3650;False
98,17;-0,3131;-0,0003;0,3647;False
98,18;-0,3131;-0,0003;0,3647;False
98,18;-0,3131;-0,0003;0,3647;False
98,18;-0,3131;-0,0006;0,3647;False
98,19;-0,3131;-0,0006;0,3647;False
98,19;-0,3131;-0,0006;0,3647;False
98,20;-0,3131;-0,0006;0,3647;False
98,20;-0,3131;-0,0007;0,3647;False
98,21;-0,3131;-0,0007;0,3647;False
98,22;-0,3131;-0,0007;0,3647;False
98,22;-0,3131;-0,0007;0,3647;False
98,23;-0,3131;-0,0009;0,3647;False
98,24;-0,3131;-0,0009;0,3647;False
98,24;-0,3131;-0,0010;0,3647;False
98,25;-0,3131;-0,0010;0,3647;False
98,25;-0,3131;-0,0010;0,3647;False
98,26;-0,3131;-0,0010;0,3647;False
98,26;-0,3131;-0,0011;0,3647;False
98,27;-0,3131;-0,0011;0,3647;False
98,28;-0,3133;-0,0008;0,3645;False
98,28;-0,3133;-0,0008;0,3645;False
98,28;-0,3133;-0,0009;0,3645;False
98,29;-0,3133;-0,0009;0,3645;False
98,29;-0,3133;-0,0009;0,3645;False
98,30;-0,3133;-0,0010;0,3645;False
98,31;-0,3133;-0,0010;0,3645;False
98,31;-0,3133;-0,0010;0,3645;False
98,32;-0,3133;-0,0010;0,3645;False
98,32;-0,3133;-0,0011;0,3645;False
98,33;-0,3133;-0,0011;0,3645;False
98,33;-0,3133;-0,0011;0,3645;False
98,34;-0,3133;-0,0011;0,3645;False
98,34;-0,3133;-0,0011;0,3645;False
98,35;-0,3133;-0,0011;0,3645;False
98,35;-0,3133;-0,0011;0,3645;False
98,36;-0,3134;-0,0007;0,3644;False
98,37;-0,3134;-0,0007;0,3644;False
98,37;-0,3134;-0,0007;0,3644;False
98,38;-0,3134;-0,0007;0,3644;False
98,38;-0,3134;-0,0009;0,3644;False
98,39;-0,3134;-0,0009;0,3644;False
98,39;-0,3134;-0,0009;0,3644;False
98,40;-0,3134;-0,0009;0,3644;False
98,40;-0,3134;-0,0009;0,3644;False
98,41;-0,3134;-0,0009;0,3644;False
98,41;-0,3134;-0,0009;0,3644;False
98,41;-0,3134;-0,0009;0,3644;False
98,42;-0,3134;-0,0009;0,3644;False
98,42;-0,3134;-0,0010;0,3644;False
98,43;-0,3134;-0,0010;0,3644;False
98,43;-0,3134;-0,0010;0,3644;False
98,43;-0,3134;-0,0010;0,3644;False
98,44;-0,3134;-0,0010;0,3644;False
98,45;-0,3134;-0,0010;0,3644;False
98,45;-0,3134;-0,0010;0,3644;False
98,45;-0,3134;-0,0010;0,3644;False
98,46;-0,3134;-0,0010;0,3644;False
98,46;-0,3134;-0,0011;0,3644;False
98,47;-0,3134;-0,0011;0,3644;False
98,47;-0,3134;-0,0011;0,3644;False
98,48;-0,3134;-0,0011;0,3644;False
98,48;-0,3134;-0,0011;0,3644;False
98,48;-0,3134;-0,0011;0,3644;False
98,49;-0,3134;-0,0011;0,3644;False
98,49;-0,3134;-0,0011;0,3644;False
98,50;-0,3134;-0,0011;0,3644;False
98,50;-0,3134;-0,0010;0,3644;False
98,51;-0,3134;-0,0010;0,3644;False
98,51;-0,3134;-0,0010;0,3644;False
98,52;-0,3134;-0,0010;0,3644;False
98,52;-0,3134;-0,0010;0,3644;False
98,53;-0,3134;-0,0010;0,3644;False
98,53;-0,3134;-0,0010;0,3644;False
98,54;-0,3134;-0,0010;0,3644;False
98,54;-0,3134;-0,0010;0,3644;False
98,55;-0,3134;-0,0010;0,3644;False
98,55;-0,3134;-0,0010;0,3644;False
98,55;-0,3134;-0,0010;0,3644;False
98,56;-0,3134;-0,0010;0,3644;False
98,56;-0,3134;-0,0010;0,3644;False
98,57;-0,3134;-0,0010;0,3644;False
98,57;-0,3134;-0,0010;0,3644;False
98,58;-0,3134;-0,0010;0,3644;False
98,58;-0,3134;-0,0010;0,3644;False
98,59;-0,3134;-0,0010;0,3644;False
98,59;-0,3134;-0,0010;0,3644;False
98,59;-0,3134;-0,0010;0,3644;False
98,60;-0,3134;-0,0010;0,3644;False
98,60;-0,3134;-0,0001;0,3642;False
98,61;-0,3134;-0,0001;0,3642;False
98,61;-0,3134;-0,0001;0,3642;False
98,62;-0,3134;-0,0001;0,3642;False
98,62;-0,3134;-0,0001;0,3642;False
98,62;-0,3134;-0,0004;0,3642;False
98,63;-0,3134;-0,0004;0,3642;False
98,63;-0,3134;-0,0004;0,3642;False
98,64;-0,3134;-0,0004;0,3642;False
98,64;-0,3134;-0,0006;0,3642;False
98,65;-0,3134;-0,0006;0,3642;False
98,65;-0,3134;-0,0006;0,3642;False
98,65;-0,3134;-0,0006;0,3642;False
98,66;-0,3134;-0,0006;0,3642;False
98,66;-0,3134;-0,0007;0,3642;False
98,67;-0,3134;-0,0007;0,3642;False
98,67;-0,3134;-0,0007;0,3642;False
98,68;-0,3134;-0,0007;0,3642;False
98,68;-0,3134;-0,0008;0,3642;False
98,69;-0,3134;-0,0008;0,3642;False
98,69;-0,3134;-0,0008;0,3642;False
98,70;-0,3134;-0,0008;0,3642;False
98,70;-0,3134;-0,0008;0,3642;False
98,70;-0,3134;-0,0009;0,3642;False
98,71;-0,3134;-0,0009;0,3642;False
98,71;-0,3134;-0,0009;0,3642;False
98,72;-0,3134;-0,0009;0,3642;False
98,72;-0,3134;-0,0009;0,3642;False
98,73;-0,3134;-0,0009;0,3642;False
98,73;-0,3134;-0,0009;0,3642;False
98,74;-0,3134;-0,0009;0,3642;False
98,74;-0,3134;-0,0010;0,3642;False
98,75;-0,3134;-0,0010;0,3642;False
98,75;-0,3134;-0,0010;0,3642;False
98,75;-0,3134;-0,0010;0,3642;False
98,76;-0,3134;-0,0010;0,3642;False
98,76;-0,3134;-0,0004;0,3640;False
98,77;-0,3134;-0,0004;0,3640;False
98,77;-0,3134;-0,0004;0,3640;False
98,77;-0,3134;-0,0004;0,3640;False
98,78;-0,3134;-0,0004;0,3640;False
98,78;-0,3134;-0,0006;0,3640;False
98,79;-0,3134;-0,0006;0,3640;False
98,80;-0,3134;-0,0006;0,3640;False
98,80;-0,3134;-0,0008;0,3640;False
98,81;-0,3134;-0,0008;0,3640;False
98,81;-0,3134;-0,0008;0,3640;False
98,81;-0,3134;-0,0008;0,3640;False
98,82;-0,3134;-0,0008;0,3640;False
98,82;-0,3134;-0,0008;0,3640;False
98,82;-0,3134;-0,0009;0,3640;False
98,83;-0,3134;-0,0009;0,3640;False
98,83;-0,3134;-0,0009;0,3640;False
98,84;-0,3134;-0,0009;0,3640;False
98,84;-0,3134;-0,0009;0,3640;False
98,85;-0,3134;-0,0009;0,3640;False
98,85;-0,3134;-0,0009;0,3640;False
98,86;-0,3134;-0,0009;0,3640;False
98,86;-0,3134;-0,0009;0,3640;False
98,86;-0,3134;-0,0010;0,3640;False
98,87;-0,3134;-0,0010;0,3640;False
98,88;-0,3134;-0,0010;0,3640;False
98,88;-0,3134;-0,0010;0,3640;False
98,89;-0,3134;-0,0010;0,3640;False
98,89;-0,3134;-0,0010;0,3640;False
98,90;-0,3134;-0,0010;0,3640;False
98,91;-0,3134;-0,0010;0,3640;False
98,91;-0,3134;-0,0010;0,3640;False
98,91;-0,3134;-0,0010;0,3640;False
98,92;-0,3134;-0,0010;0,3640;False
98,93;-0,3134;-0,0010;0,3640;False
98,93;-0,3134;-0,0010;0,3640;False
98,94;-0,3134;-0,0010;0,3640;False
98,95;-0,3134;-0,0010;0,3640;False
98,95;-0,3134;-0,0010;0,3640;False
98,96;-0,3134;-0,0010;0,3640;False
98,96;-0,3134;-0,0010;0,3640;False
98,97;-0,3134;-0,0010;0,3640;False
98,98;-0,3134;-0,0010;0,3640;False
98,99;-0,3134;-0,0010;0,3640;False
98,99;-0,3134;-0,0010;0,3640;False
99,00;-0,3134;-0,0010;0,3640;False
99,01;-0,3134;-0,0010;0,3640;False
99,01;-0,3134;-0,0010;0,3640;False
99,02;-0,3134;-0,0010;0,3640;False
99,02;-0,3134;-0,0010;0,3640;False
99,03;-0,3134;-0,0010;0,3640;False
99,03;-0,3134;-0,0010;0,3640;False
99,04;-0,3134;-0,0010;0,3640;False
99,04;-0,3134;-0,0009;0,3640;False
99,05;-0,3134;-0,0009;0,3640;False
99,05;-0,3134;-0,0009;0,3640;False
99,05;-0,3134;-0,0009;0,3640;False
99,06;-0,3134;-0,0009;0,3640;False
99,07;-0,3134;-0,0009;0,3640;False
99,07;-0,3134;-0,0009;0,3640;False
99,08;-0,3134;-0,0009;0,3640;False
99,08;-0,3134;-0,0009;0,3640;False
99,09;-0,3134;-0,0009;0,3640;False
99,09;-0,3134;-0,0009;0,3640;False
99,10;-0,3134;-0,0009;0,3640;False
99,10;-0,3134;-0,0009;0,3640;False
99,11;-0,3134;-0,0009;0,3640;False
99,11;-0,3134;-0,0009;0,3640;False
99,11;-0,3134;-0,0009;0,3640;False
99,12;-0,3134;-0,0009;0,3640;False
99,12;-0,3134;-0,0009;0,3640;False
99,13;-0,3134;-0,0009;0,3640;False
99,13;-0,3134;-0,0009;0,3640;False
99,14;-0,3134;-0,0009;0,3640;False
99,14;-0,3134;-0,0009;0,3640;False
99,14;-0,3134;-0,0009;0,3640;False
99,15;-0,3134;-0,0009;0,3640;False
99,15;-0,3134;-0,0009;0,3640;False
99,16;-0,3134;-0,0009;0,3640;False
99,16;-0,3134;-0,0009;0,3640;False
99,17;-0,3134;-0,0009;0,3640;False
99,17;-0,3134;-0,0009;0,3640;False
99,17;-0,3134;-0,0009;0,3640;False
99,18;-0,3134;-0,0009;0,3640;False
99,18;-0,3134;-0,0009;0,3640;False
99,19;-0,3134;-0,0009;0,3640;False
99,20;-0,3134;-0,0009;0,3640;False
99,20;-0,3134;-0,0009;0,3640;False
99,21;-0,3134;-0,0009;0,3640;False
99,21;-0,3134;-0,0009;0,3640;False
99,22;-0,3134;-0,0009;0,3640;False
99,22;-0,3134;-0,0008;0,3640;False
99,23;-0,3134;-0,0008;0,3640;False
99,23;-0,3134;-0,0008;0,3640;False
99,24;-0,3134;-0,0008;0,3640;False
99,24;-0,3134;-0,0008;0,3640;False
99,25;-0,3134;-0,0008;0,3640;False
99,25;-0,3134;-0,0008;0,3640;False
99,26;-0,3134;-0,0008;0,3640;False
99,26;-0,3134;-0,0008;0,3640;False
99,27;-0,3134;-0,0008;0,3640;False
99,27;-0,3134;-0,0008;0,3640;False
99,28;-0,3134;-0,0008;0,3640;False
99,28;-0,3134;-0,0008;0,3640;False
99,29;-0,3134;-0,0008;0,3640;False
99,29;-0,3134;-0,0008;0,3640;False
99,30;-0,3134;-0,0008;0,3640;False
99,30;-0,3134;-0,0008;0,3640;False
99,31;-0,3134;-0,0008;0,3640;False
99,31;-0,3134;-0,0008;0,3640;False
99,31;-0,3134;-0,0008;0,3640;False
99,32;-0,3134;-0,0008;0,3640;False
99,32;-0,3134;-0,0008;0,3640;False
99,33;-0,3134;-0,0008;0,3640;False
99,33;-0,3134;-0,0008;0,3640;False
99,34;-0,3134;-0,0008;0,3640;False
99,34;-0,3134;-0,0008;0,3640;False
99,35;-0,3134;-0,0008;0,3640;False
99,35;-0,3134;-0,0008;0,3640;False
99,35;-0,3134;-0,0008;0,3640;False
99,36;-0,3134;-0,0008;0,3640;False
99,36;-0,3134;-0,0008;0,3640;False
99,37;-0,3134;-0,0008;0,3640;False
99,37;-0,3134;-0,0008;0,3640;False
99,38;-0,3134;-0,0008;0,3640;False
99,38;-0,3134;-0,0008;0,3640;False
99,38;-0,3134;-0,0008;0,3640;False
99,39;-0,3134;-0,0008;0,3640;False
99,39;-0,3134;-0,0008;0,3640;False
99,40;-0,3134;-0,0008;0,3640;False
99,41;-0,3134;-0,0008;0,3640;False
99,41;-0,3134;-0,0008;0,3640;False
99,42;-0,3134;-0,0008;0,3640;False
99,42;-0,3134;-0,0008;0,3640;False
99,43;-0,3134;-0,0008;0,3640;False
99,43;-0,3134;-0,0008;0,3640;False
99,44;-0,3135;-0,0005;0,3636;False
99,44;-0,3135;-0,0006;0,3636;False
99,45;-0,3135;-0,0006;0,3636;False
99,45;-0,3135;-0,0006;0,3636;False
99,46;-0,3135;-0,0006;0,3636;False
99,46;-0,3135;-0,0007;0,3636;False
99,47;-0,3135;-0,0007;0,3636;False
99,47;-0,3135;-0,0007;0,3636;False
99,48;-0,3135;-0,0007;0,3636;False
99,48;-0,3135;-0,0008;0,3636;False
99,49;-0,3135;-0,0008;0,3636;False
99,49;-0,3135;-0,0008;0,3636;False
99,50;-0,3135;-0,0008;0,3636;False
99,50;-0,3135;-0,0008;0,3636;False
99,50;-0,3135;-0,0008;0,3636;False
99,51;-0,3135;-0,0008;0,3636;False
99,51;-0,3135;-0,0008;0,3636;False
99,52;-0,3135;-0,0008;0,3636;False
99,52;-0,3135;-0,0008;0,3636;False
99,53;-0,3135;-0,0008;0,3636;False
99,53;-0,3135;-0,0008;0,3636;False
99,54;-0,3135;-0,0008;0,3636;False
99,54;-0,3135;-0,0008;0,3636;False
99,54;-0,3135;-0,0009;0,3636;False
99,55;-0,3135;-0,0009;0,3636;False
99,55;-0,3135;-0,0009;0,3636;False
99,56;-0,3135;-0,0009;0,3636;False
99,57;-0,3135;-0,0009;0,3636;False
99,57;-0,3135;-0,0009;0,3636;False
99,57;-0,3135;-0,0009;0,3636;False
99,58;-0,3135;-0,0009;0,3636;False
99,58;-0,3135;-0,0009;0,3636;False
99,59;-0,3135;-0,0009;0,3636;False
99,60;-0,3137;-0,0012;0,3632;False
99,60;-0,3137;-0,0011;0,3632;False
99,61;-0,3137;-0,0011;0,3632;False
99,62;-0,3137;-0,0011;0,3632;False
99,62;-0,3137;-0,0010;0,3632;False
99,63;-0,3137;-0,0010;0,3632;False
99,63;-0,3137;-0,0010;0,3632;False
99,64;-0,3137;-0,0010;0,3632;False
99,65;-0,3137;-0,0010;0,3632;False
99,65;-0,3137;-0,0010;0,3632;False
99,66;-0,3137;-0,0010;0,3632;False
99,66;-0,3137;-0,0009;0,3632;False
99,67;-0,3137;-0,0009;0,3632;False
99,68;-0,3137;-0,0009;0,3632;False
99,68;-0,3137;-0,0009;0,3632;False
99,69;-0,3137;-0,0009;0,3632;False
99,69;-0,3137;-0,0009;0,3632;False
99,69;-0,3137;-0,0009;0,3632;False
99,70;-0,3137;-0,0009;0,3632;False
99,71;-0,3137;-0,0009;0,3632;False
99,71;-0,3137;-0,0009;0,3632;False
99,72;-0,3137;-0,0009;0,3632;False
99,72;-0,3137;-0,0008;0,3632;False
99,73;-0,3137;-0,0008;0,3632;False
99,73;-0,3137;-0,0008;0,3632;False
99,74;-0,3137;-0,0008;0,3632;False
99,74;-0,3138;-0,0003;0,3632;False
99,75;-0,3138;-0,0003;0,3632;False
99,75;-0,3138;-0,0003;0,3632;False
99,75;-0,3138;-0,0003;0,3632;False
99,76;-0,3138;-0,0003;0,3632;False
99,76;-0,3138;-0,0004;0,3632;False
99,77;-0,3138;-0,0004;0,3632;False
99,77;-0,3138;-0,0004;0,3632;False
99,78;-0,3138;-0,0004;0,3632;False
99,78;-0,3138;-0,0006;0,3632;False
99,79;-0,3138;-0,0006;0,3632;False
99,79;-0,3138;-0,0006;0,3632;False
99,80;-0,3138;-0,0006;0,3632;False
99,80;-0,3138;-0,0007;0,3632;False
99,81;-0,3138;-0,0007;0,3632;False
99,81;-0,3138;-0,0007;0,3632;False
99,81;-0,3138;-0,0007;0,3632;False
99,82;-0,3138;-0,0007;0,3632;False
99,82;-0,3138;-0,0008;0,3632;False
99,83;-0,3138;-0,0008;0,3632;False
99,83;-0,3138;-0,0008;0,3632;False
99,84;-0,3140;-0,0006;0,3630;False
99,84;-0,3140;-0,0007;0,3630;False
99,85;-0,3140;-0,0007;0,3630;False
99,85;-0,3140;-0,0007;0,3630;False
99,85;-0,3140;-0,0007;0,3630;False
99,86;-0,3140;-0,0007;0,3630;False
99,86;-0,3140;-0,0008;0,3630;False
99,87;-0,3140;-0,0008;0,3630;False
99,87;-0,3140;-0,0008;0,3630;False
99,87;-0,3140;-0,0008;0,3630;False
99,88;-0,3140;-0,0008;0,3630;False
99,88;-0,3140;-0,0009;0,3630;False
99,89;-0,3140;-0,0009;0,3630;False
99,89;-0,3140;-0,0009;0,3630;False
99,90;-0,3140;-0,0009;0,3630;False
99,90;-0,3140;-0,0009;0,3630;False
99,91;-0,3140;-0,0009;0,3630;False
99,91;-0,3140;-0,0009;0,3630;False
99,91;-0,3140;-0,0009;0,3630;False
99,92;-0,3140;-0,0009;0,3630;False
99,92;-0,3140;-0,0009;0,3630;False
99,93;-0,3140;-0,0006;0,3628;False
99,94;-0,3140;-0,0006;0,3628;False
99,94;-0,3140;-0,0007;0,3628;False
99,95;-0,3140;-0,0007;0,3628;False
99,95;-0,3140;-0,0007;0,3628;False
99,96;-0,3140;-0,0007;0,3628;False
99,96;-0,3140;-0,0008;0,3628;False
99,97;-0,3140;-0,0008;0,3628;False
99,97;-0,3140;-0,0008;0,3628;False
99,97;-0,3140;-0,0008;0,3628;False
99,98;-0,3140;-0,0008;0,3628;False
99,98;-0,3140;-0,0009;0,3628;False
99,99;-0,3140;-0,0009;0,3628;False
100,00;-0,3141;-0,0007;0,3627;False
100,00;-0,3141;-0,0008;0,3627;False
100,01;-0,3141;-0,0008;0,3627;False
100,01;-0,3141;-0,0008;0,3627;False
100,02;-0,3141;-0,0008;0,3627;False
100,02;-0,3141;-0,0009;0,3627;False
100,03;-0,3141;-0,0009;0,3627;False
100,03;-0,3141;-0,0009;0,3627;False
100,04;-0,3141;-0,0009;0,3627;False
100,04;-0,3141;-0,0009;0,3627;False
100,05;-0,3141;-0,0009;0,3627;False
100,05;-0,3141;-0,0009;0,3627;False
100,06;-0,3141;-0,0009;0,3627;False
100,06;-0,3141;-0,0009;0,3627;False
100,07;-0,3141;-0,0009;0,3627;False
100,08;-0,3143;-0,0004;0,3626;False
100,08;-0,3143;-0,0004;0,3626;False
100,08;-0,3143;-0,0006;0,3626;False
100,09;-0,3143;-0,0006;0,3626;False
100,09;-0,3143;-0,0006;0,3626;False
100,10;-0,3143;-0,0006;0,3626;False
100,10;-0,3143;-0,0007;0,3626;False
100,11;-0,3143;-0,0007;0,3626;False
100,11;-0,3143;-0,0007;0,3626;False
100,12;-0,3143;-0,0007;0,3626;False
100,12;-0,3143;-0,0008;0,3626;False
100,13;-0,3143;-0,0008;0,3626;False
100,13;-0,3143;-0,0008;0,3626;False
100,14;-0,3143;-0,0008;0,3626;False
100,14;-0,3144;-0,0005;0,3626;False
100,15;-0,3144;-0,0005;0,3626;False
100,15;-0,3144;-0,0005;0,3626;False
100,16;-0,3144;-0,0005;0,3626;False
100,16;-0,3144;-0,0007;0,3626;False
100,17;-0,3144;-0,0007;0,3626;False
100,17;-0,3144;-0,0007;0,3626;False
100,18;-0,3144;-0,0007;0,3626;False
100,18;-0,3144;-0,0008;0,3626;False
100,19;-0,3144;-0,0008;0,3626;False
100,20;-0,3144;-0,0008;0,3626;False
100,21;-0,3144;-0,0009;0,3626;False
100,21;-0,3142;-0,0009;0,3625;False
100,22;-0,3142;-0,0009;0,3625;False
100,23;-0,3142;-0,0009;0,3625;False
100,23;-0,3142;-0,0008;0,3625;False
100,24;-0,3142;-0,0008;0,3625;False
100,25;-0,3142;-0,0009;0,3625;False
100,25;-0,3142;-0,0009;0,3625;False
100,26;-0,3142;-0,0009;0,3625;False
100,27;-0,3142;-0,0010;0,3625;False
100,28;-0,3142;-0,0010;0,3625;False
100,28;-0,3142;-0,0010;0,3625;False
100,29;-0,3142;-0,0010;0,3625;False
100,29;-0,3142;-0,0010;0,3625;False
100,30;-0,3142;-0,0010;0,3625;False
100,30;-0,3143;-0,0008;0,3625;False
100,31;-0,3143;-0,0008;0,3625;False
100,34;-0,3143;-0,0009;0,3625;False
100,35;-0,3143;-0,0009;0,3625;False
100,36;-0,3143;-0,0009;0,3625;False
100,37;-0,3143;-0,0010;0,3625;False
100,37;-0,3143;-0,0010;0,3625;False
100,38;-0,3143;-0,0010;0,3625;False
100,38;-0,3143;-0,0010;0,3625;False
100,39;-0,3143;-0,0010;0,3625;False
100,40;-0,3143;-0,0007;0,3625;False
100,40;-0,3143;-0,0008;0,3625;False
100,41;-0,3143;-0,0008;0,3625;False
100,42;-0,3143;-0,0008;0,3625;False
100,42;-0,3143;-0,0009;0,3625;False
100,43;-0,3143;-0,0009;0,3625;False
100,43;-0,3143;-0,0009;0,3625;False
100,43;-0,3143;-0,0009;0,3625;False
100,44;-0,3143;-0,0009;0,3625;False
100,45;-0,3143;-0,0009;0,3625;False
100,45;-0,3143;-0,0009;0,3625;False
100,45;-0,3143;-0,0009;0,3625;False
100,46;-0,3143;-0,0009;0,3625;False
100,46;-0,3143;-0,0009;0,3625;False
100,47;-0,3143;-0,0009;0,3625;False
100,48;-0,3143;-0,0009;0,3625;False
100,48;-0,3143;-0,0010;0,3625;False
100,49;-0,3143;-0,0010;0,3625;False
100,49;-0,3143;-0,0010;0,3625;False
100,49;-0,3143;-0,0010;0,3625;False
100,50;-0,3143;-0,0010;0,3625;False
100,51;-0,3144;-0,0010;0,3624;False
100,51;-0,3144;-0,0010;0,3624;False
100,52;-0,3144;-0,0010;0,3624;False
100,52;-0,3144;-0,0010;0,3624;False
100,53;-0,3144;-0,0010;0,3624;False
100,54;-0,3144;-0,0010;0,3624;False
100,54;-0,3144;-0,0010;0,3624;False
100,55;-0,3144;-0,0010;0,3624;False
100,55;-0,3144;-0,0010;0,3624;False
100,56;-0,3144;-0,0010;0,3624;False
100,56;-0,3144;-0,0010;0,3624;False
100,57;-0,3144;-0,0010;0,3624;False
100,58;-0,3144;-0,0010;0,3624;False
100,58;-0,3144;-0,0010;0,3624;False
100,58;-0,3144;-0,0009;0,3624;False
100,59;-0,3144;-0,0009;0,3624;False
100,60;-0,3144;-0,0009;0,3624;False
100,60;-0,3144;-0,0009;0,3624;False
100,61;-0,3144;-0,0009;0,3624;False
100,61;-0,3144;-0,0009;0,3624;False
100,62;-0,3144;-0,0009;0,3624;False
100,63;-0,3144;-0,0009;0,3624;False
100,63;-0,3144;-0,0009;0,3624;False
100,64;-0,3144;-0,0009;0,3624;False
100,64;-0,3144;-0,0009;0,3624;False
100,65;-0,3144;-0,0009;0,3624;False
100,65;-0,3144;-0,0009;0,3624;False
100,65;-0,3144;-0,0009;0,3624;False
100,66;-0,3144;-0,0009;0,3624;False
100,66;-0,3144;-0,0009;0,3624;False
100,67;-0,3144;-0,0009;0,3624;False
100,67;-0,3144;-0,0009;0,3624;False
100,67;-0,3144;-0,0009;0,3624;False
100,68;-0,3144;-0,0009;0,3624;False
100,68;-0,3144;-0,0009;0,3624;False
100,68;-0,3144;-0,0009;0,3624;False
100,69;-0,3144;-0,0009;0,3624;False
100,69;-0,3144;-0,0009;0,3624;False
100,70;-0,3144;-0,0009;0,3624;False
100,70;-0,3144;-0,0009;0,3624;False
100,70;-0,3144;-0,0009;0,3624;False
100,71;-0,3144;-0,0009;0,3624;False
100,71;-0,3144;-0,0009;0,3624;False
100,72;-0,3144;-0,0009;0,3624;False
100,72;-0,3144;-0,0009;0,3624;False
100,73;-0,3144;-0,0009;0,3624;False
100,73;-0,3144;-0,0009;0,3624;False
100,74;-0,3144;-0,0009;0,3624;False
100,74;-0,3144;-0,0009;0,3624;False
100,75;-0,3144;-0,0009;0,3624;False
100,75;-0,3144;-0,0009;0,3624;False
100,76;-0,3144;-0,0009;0,3624;False
100,76;-0,3144;-0,0009;0,3624;False
100,77;-0,3144;-0,0009;0,3624;False
100,77;-0,3144;-0,0009;0,3624;False
100,78;-0,3144;-0,0009;0,3624;False
100,78;-0,3144;-0,0009;0,3624;False
100,78;-0,3144;-0,0009;0,3624;False
100,79;-0,3144;-0,0009;0,3624;False
100,79;-0,3144;-0,0009;0,3624;False
100,80;-0,3144;-0,0009;0,3624;False
100,80;-0,3144;-0,0009;0,3624;False
100,81;-0,3144;-0,0009;0,3624;False
100,81;-0,3144;-0,0009;0,3624;False
100,81;-0,3144;-0,0009;0,3624;False
100,82;-0,3144;-0,0008;0,3624;False
100,83;-0,3144;-0,0008;0,3624;False
100,83;-0,3144;-0,0008;0,3624;False
100,83;-0,3144;-0,0008;0,3624;False
100,84;-0,3144;-0,0008;0,3624;False
100,85;-0,3144;-0,0008;0,3624;False
100,85;-0,3144;-0,0008;0,3624;False
100,86;-0,3144;-0,0008;0,3624;False
100,86;-0,3144;-0,0008;0,3624;False
100,87;-0,3144;-0,0008;0,3624;False
100,87;-0,3144;-0,0008;0,3624;False
100,88;-0,3144;-0,0008;0,3624;False
100,88;-0,3144;-0,0008;0,3624;False
100,89;-0,3144;-0,0008;0,3624;False
100,89;-0,3144;-0,0008;0,3624;False
100,89;-0,3144;-0,0008;0,3624;False
100,90;-0,3144;-0,0008;0,3624;False
100,91;-0,3144;-0,0008;0,3624;False
100,91;-0,3144;-0,0008;0,3624;False
100,92;-0,3144;-0,0008;0,3624;False
100,92;-0,3144;-0,0008;0,3624;False
100,92;-0,3144;-0,0008;0,3624;False
100,93;-0,3144;-0,0008;0,3624;False
100,94;-0,3144;-0,0008;0,3624;False
100,94;-0,3144;-0,0008;0,3624;False
100,94;-0,3144;-0,0008;0,3624;False
100,95;-0,3144;-0,0008;0,3624;False
100,95;-0,3144;-0,0008;0,3624;False
100,96;-0,3144;-0,0008;0,3624;False
100,96;-0,3144;-0,0008;0,3624;False
100,97;-0,3144;-0,0008;0,3624;False
100,97;-0,3144;-0,0008;0,3624;False
100,98;-0,3144;-0,0008;0,3624;False
100,98;-0,3144;-0,0008;0,3624;False
100,98;-0,3144;-0,0008;0,3624;False
100,99;-0,3144;-0,0008;0,3624;False
100,99;-0,3144;-0,0008;0,3624;False
101,00;-0,3144;-0,0008;0,3624;False
101,00;-0,3144;-0,0008;0,3624;False
101,01;-0,3144;-0,0008;0,3624;False
101,01;-0,3144;-0,0008;0,3624;False
101,01;-0,3144;-0,0008;0,3624;False
101,02;-0,3144;-0,0008;0,3624;False
101,02;-0,3144;-0,0008;0,3624;False
101,03;-0,3144;-0,0008;0,3624;False
101,03;-0,3144;-0,0008;0,3624;False
101,04;-0,3144;-0,0008;0,3624;False
101,04;-0,3144;-0,0008;0,3624;False
101,05;-0,3144;-0,0008;0,3624;False
101,05;-0,3144;-0,0008;0,3624;False
101,06;-0,3144;-0,0008;0,3624;False
101,06;-0,3144;-0,0008;0,3624;False
101,07;-0,3144;-0,0008;0,3624;False
101,07;-0,3144;-0,0008;0,3624;False
101,07;-0,3144;-0,0008;0,3624;False
101,08;-0,3144;-0,0008;0,3624;False
101,08;-0,3144;-0,0008;0,3624;False
101,09;-0,3144;-0,0008;0,3624;False
101,09;-0,3144;-0,0008;0,3624;False
101,10;-0,3144;-0,0008;0,3624;False
101,10;-0,3144;-0,0008;0,3624;False
101,11;-0,3144;-0,0008;0,3624;False
101,11;-0,3144;-0,0008;0,3624;False
101,11;-0,3144;-0,0008;0,3624;False
101,12;-0,3144;-0,0008;0,3624;False
101,12;-0,3144;-0,0008;0,3624;False
101,13;-0,3144;-0,0008;0,3624;False
101,13;-0,3144;-0,0008;0,3624;False
101,14;-0,3144;-0,0008;0,3624;False
101,14;-0,3144;-0,0008;0,3624;False
101,15;-0,3144;-0,0008;0,3624;False
101,15;-0,3144;-0,0008;0,3624;False
101,16;-0,3144;-0,0008;0,3624;False
101,16;-0,3144;-0,0008;0,3624;False
101,17;-0,3144;-0,0008;0,3624;False
101,17;-0,3144;-0,0008;0,3624;False
101,18;-0,3144;-0,0008;0,3624;False
101,18;-0,3144;-0,0008;0,3624;False
101,18;-0,3144;-0,0008;0,3624;False
101,19;-0,3144;-0,0008;0,3624;False
101,19;-0,3144;-0,0008;0,3624;False
101,20;-0,3144;-0,0008;0,3624;False
101,21;-0,3144;-0,0008;0,3624;False
101,21;-0,3144;-0,0008;0,3624;False
101,21;-0,3144;-0,0008;0,3624;False
101,22;-0,3144;-0,0008;0,3624;False
101,22;-0,3144;-0,0008;0,3624;False
101,23;-0,3144;-0,0008;0,3624;False
101,23;-0,3144;-0,0008;0,3624;False
101,24;-0,3144;-0,0008;0,3624;False
101,24;-0,3144;-0,0008;0,3624;False
101,25;-0,3144;-0,0008;0,3624;False
101,25;-0,3144;-0,0008;0,3624;False
101,26;-0,3144;-0,0008;0,3624;False
101,26;-0,3144;-0,0008;0,3624;False
101,27;-0,3144;-0,0008;0,3624;False
101,28;-0,3144;-0,0008;0,3624;False
101,28;-0,3144;-0,0008;0,3624;False
101,29;-0,3144;-0,0008;0,3624;False
101,30;-0,3144;-0,0008;0,3624;False
101,30;-0,3144;-0,0008;0,3624;False
101,31;-0,3144;-0,0008;0,3624;False
101,32;-0,3144;-0,0008;0,3624;False
101,32;-0,3144;-0,0008;0,3624;False
101,33;-0,3144;-0,0008;0,3624;False
101,34;-0,3144;-0,0008;0,3624;False
101,34;-0,3144;-0,0008;0,3624;False
101,35;-0,3144;-0,0008;0,3624;False
101,35;-0,3144;-0,0008;0,3624;False
101,35;-0,3144;-0,0008;0,3624;False
101,36;-0,3144;-0,0008;0,3624;False
101,36;-0,3144;-0,0008;0,3624;False
101,37;-0,3144;-0,0008;0,3624;False
101,37;-0,3144;-0,0008;0,3624;False
101,38;-0,3144;-0,0008;0,3624;False
101,38;-0,3144;-0,0008;0,3624;False
101,39;-0,3144;-0,0008;0,3624;False
101,39;-0,3144;-0,0008;0,3624;False
101,40;-0,3144;-0,0008;0,3624;False
101,41;-0,3144;-0,0008;0,3624;False
101,41;-0,3144;-0,0008;0,3624;False
101,42;-0,3144;-0,0008;0,3624;False
101,42;-0,3144;-0,0008;0,3624;False
101,43;-0,3144;-0,0008;0,3624;False
101,44;-0,3144;-0,0008;0,3624;False
101,44;-0,3144;-0,0008;0,3624;False
101,45;-0,3144;-0,0008;0,3624;False
101,45;-0,3144;-0,0008;0,3624;False
101,46;-0,3144;-0,0008;0,3624;False
101,46;-0,3144;-0,0008;0,3624;False
101,47;-0,3144;-0,0008;0,3624;False
101,47;-0,3144;-0,0008;0,3624;False
101,48;-0,3144;-0,0008;0,3624;False
101,48;-0,3144;-0,0008;0,3624;False
101,49;-0,3144;-0,0008;0,3624;False
101,49;-0,3144;-0,0008;0,3624;False
101,50;-0,3144;-0,0008;0,3624;False
101,50;-0,3144;-0,0008;0,3624;False
101,51;-0,3144;-0,0008;0,3624;False
101,51;-0,3144;-0,0008;0,3624;False
101,52;-0,3144;-0,0008;0,3624;False
101,52;-0,3146;-0,0011;0,3626;False
101,53;-0,3146;-0,0011;0,3626;False
101,53;-0,3146;-0,0011;0,3626;False
101,54;-0,3146;-0,0011;0,3626;False
101,54;-0,3147;-0,0015;0,3631;False
101,55;-0,3147;-0,0015;0,3631;False
101,55;-0,3147;-0,0015;0,3631;False
101,56;-0,3147;-0,0015;0,3631;False
101,56;-0,3148;-0,0020;0,3635;False
101,57;-0,3148;-0,0020;0,3635;False
101,57;-0,3148;-0,0020;0,3635;False
101,57;-0,3148;-0,0020;0,3635;False
101,58;-0,3148;-0,0020;0,3635;False
101,58;-0,3149;-0,0025;0,3641;False
101,59;-0,3149;-0,0025;0,3641;False
101,59;-0,3149;-0,0025;0,3641;False
101,60;-0,3149;-0,0025;0,3641;False
101,60;-0,3149;-0,0028;0,3645;False
101,60;-0,3149;-0,0028;0,3645;False
101,61;-0,3149;-0,0028;0,3645;False
101,62;-0,3149;-0,0028;0,3645;False
101,63;-0,3149;-0,0031;0,3648;False
101,64;-0,3149;-0,0031;0,3648;False
101,64;-0,3149;-0,0034;0,3650;False
101,66;-0,3149;-0,0034;0,3650;False
101,66;-0,3149;-0,0036;0,3652;False
101,67;-0,3149;-0,0036;0,3652;False
101,68;-0,3149;-0,0036;0,3652;False
101,68;-0,3149;-0,0037;0,3653;False
101,69;-0,3149;-0,0037;0,3653;False
101,69;-0,3149;-0,0037;0,3653;False
101,70;-0,3149;-0,0037;0,3653;False
101,71;-0,3149;-0,0038;0,3654;False
101,71;-0,3149;-0,0038;0,3654;False
101,72;-0,3149;-0,0038;0,3654;False
101,72;-0,3149;-0,0038;0,3655;False
101,73;-0,3149;-0,0038;0,3655;False
101,73;-0,3149;-0,0038;0,3655;False
101,74;-0,3149;-0,0038;0,3655;False
101,74;-0,3149;-0,0037;0,3656;False
101,74;-0,3149;-0,0037;0,3656;False
101,75;-0,3149;-0,0037;0,3656;False
101,75;-0,3149;-0,0037;0,3656;False
101,75;-0,3149;-0,0037;0,3656;False
101,76;-0,3149;-0,0037;0,3656;False
101,76;-0,3148;-0,0036;0,3656;False
101,77;-0,3148;-0,0036;0,3656;False
101,77;-0,3148;-0,0036;0,3656;False
101,78;-0,3148;-0,0036;0,3656;False
101,78;-0,3148;-0,0036;0,3656;False
101,79;-0,3148;-0,0034;0,3656;False
101,79;-0,3148;-0,0034;0,3656;False
101,80;-0,3148;-0,0034;0,3656;False
101,80;-0,3148;-0,0032;0,3657;False
101,81;-0,3148;-0,0032;0,3657;False
101,81;-0,3148;-0,0032;0,3657;False
101,81;-0,3148;-0,0032;0,3657;False
101,82;-0,3148;-0,0032;0,3657;False
101,82;-0,3145;-0,0030;0,3657;False
101,83;-0,3145;-0,0030;0,3657;False
101,83;-0,3145;-0,0030;0,3657;False
101,84;-0,3145;-0,0030;0,3657;False
101,84;-0,3139;-0,0027;0,3656;False
101,85;-0,3139;-0,0027;0,3656;False
101,85;-0,3139;-0,0027;0,3656;False
101,86;-0,3139;-0,0027;0,3656;False
101,86;-0,3129;-0,0024;0,3654;False
101,87;-0,3129;-0,0024;0,3654;False
101,87;-0,3129;-0,0024;0,3654;False
101,88;-0,3129;-0,0024;0,3654;False
101,88;-0,3129;-0,0024;0,3654;False
101,88;-0,3110;-0,0022;0,3651;False
101,89;-0,3110;-0,0022;0,3651;False
101,89;-0,3110;-0,0022;0,3651;False
101,90;-0,3110;-0,0022;0,3651;False
101,90;-0,3082;-0,0019;0,3647;False
101,91;-0,3082;-0,0019;0,3647;False
101,91;-0,3082;-0,0019;0,3647;False
101,91;-0,3082;-0,0019;0,3647;False
101,92;-0,3082;-0,0019;0,3647;False
101,92;-0,3045;-0,0017;0,3642;False
101,93;-0,3045;-0,0017;0,3642;False
101,93;-0,3045;-0,0017;0,3642;False
101,94;-0,3045;-0,0017;0,3642;False
101,94;-0,3003;-0,0015;0,3635;False
101,95;-0,3003;-0,0015;0,3635;False
101,95;-0,3003;-0,0015;0,3635;False
101,95;-0,3003;-0,0015;0,3635;False
101,96;-0,3003;-0,0015;0,3635;False
101,96;-0,2946;-0,0014;0,3627;False
101,97;-0,2946;-0,0014;0,3627;False
101,97;-0,2946;-0,0014;0,3627;False
101,98;-0,2946;-0,0014;0,3627;False
101,98;-0,2946;-0,0014;0,3627;False
101,98;-0,2876;-0,0012;0,3616;False
101,99;-0,2876;-0,0012;0,3616;False
101,99;-0,2876;-0,0012;0,3616;False
102,00;-0,2876;-0,0012;0,3616;False
102,00;-0,2792;-0,0011;0,3604;False
102,01;-0,2792;-0,0011;0,3604;False
102,01;-0,2792;-0,0011;0,3604;False
102,01;-0,2792;-0,0011;0,3604;False
102,02;-0,2792;-0,0011;0,3604;False
102,02;-0,2687;-0,0010;0,3588;False
102,03;-0,2687;-0,0010;0,3588;False
102,03;-0,2687;-0,0010;0,3588;False
102,04;-0,2687;-0,0010;0,3588;False
102,04;-0,2564;-0,0010;0,3570;False
102,05;-0,2564;-0,0010;0,3570;False
102,05;-0,2564;-0,0010;0,3570;False
102,05;-0,2564;-0,0010;0,3570;False
102,06;-0,2564;-0,0010;0,3570;False
102,06;-0,2421;-0,0009;0,3549;False
102,07;-0,2421;-0,0009;0,3549;False
102,07;-0,2421;-0,0009;0,3549;False
102,08;-0,2421;-0,0009;0,3549;False
102,08;-0,2281;-0,0009;0,3529;False
102,09;-0,2281;-0,0009;0,3529;False
102,09;-0,2281;-0,0009;0,3529;False
102,10;-0,2281;-0,0009;0,3529;False
102,10;-0,2146;-0,0008;0,3509;False
102,11;-0,2146;-0,0008;0,3509;False
102,11;-0,2146;-0,0008;0,3509;False
102,11;-0,2146;-0,0008;0,3509;False
102,12;-0,2146;-0,0008;0,3509;False
102,12;-0,2005;-0,0008;0,3489;False
102,13;-0,2005;-0,0008;0,3489;False
102,13;-0,2005;-0,0008;0,3489;False
102,14;-0,2005;-0,0008;0,3489;False
102,14;-0,1915;-0,0017;0,3476;False
102,15;-0,1915;-0,0017;0,3476;False
102,15;-0,1915;-0,0017;0,3476;False
102,15;-0,1915;-0,0017;0,3476;False
102,16;-0,1915;-0,0017;0,3476;False
95,94;-0,1890;-0,0037;0,3474;True